run_id,query_version,query,source_api,source_id,doi,title,year,authors,type,abstract,landing_url,pdf_url,license,oa_status,ontology_score,provisional_score,automatic_signal,decision,decision_reason
20260907T171423Z,1.2.0,"""voice user interface"" design",OpenAlex,https://openalex.org/W4385729932,https://doi.org/10.1145/3594806.3596576,Challenges with Voice Assistants for the Elderly in Semi-Public Spaces,2023,Biju Thankachan; Markku Turunen; Kristiina Jokinen,conference-paper,"Voice Assistants such as Amazon Alexa and Google Home have recently made inroads into all walks of life as is evident from their popularity, and the growing number of users. Traditionally, research on elderly people with voice assistants has focused on private spaces - bedrooms, kitchens, and living rooms. Due to privacy concerns, ethical issues, legal issues, and noisy environments, their use in public and semi-public spaces are discouraged. However, by carefully mitigating these concerns, voice assistants could still find applications in semi-public spaces for elderly people. This paper summarizes the preliminary insights from 8 interviews that we conducted with elderly people and throws light on the potential areas where voice assistants could be used in semi-public spaces.",https://doi.org/10.1145/3594806.3596576,https://dl.acm.org/doi/pdf/10.1145/3594806.3596576,cc-by,gold,2,2,sistema=2;relevancia-campo=0,candidato-por-metadados,Descoberta bibliográfica; análise posterior.
20260907T171423Z,1.2.0,"""voice user interface"" design",OpenAlex,https://openalex.org/W4409870642,https://doi.org/10.1145/3706599.3716395,Conversational Voice Interfaces: Translating Research Into Actionable Design,2025,Christine Murad; Cosmin Munteanu; Gerald Penn,conference-paper,"HCI research has for long been dedicated to better and more naturally facilitating information transfer between humans and machines.Unfortunately, humans' most natural form of communication, speech, is also one of the most difficult modalities to be understood by machines -despite, and perhaps, because it is the highest-bandwidth communication channel we possess.As significant research efforts in engineering have been spent on improving machines' ability to understand speech, research is only beginning to make the same improvements in understanding how to appropriately design these speech interfaces to be user-friendly and adoptable.Issues such as variations in error rates when processing speech, and difficulties in learnability and explainability (to name a few), are often in contrast with claims of success from industry.Along with this, designers themselves are making the transition to designing for speech and voice-enabled interfaces.Recent research has demonstrated the struggle for designers to translate their current experiences in graphical user interface design into speech interface design.Research has also noted the lack of any user-centered design principles or consideration for usability or usefulness in the same ways as graphical user interfaces have benefited from heuristic design guidelines.The goal of this course is to inform the CHI community of the current state of speech and natural language research, to dispel some of the myths surrounding speech-based interaction, as well as to inform participants about currently existing design tools, methods and resources for speech interfaces (and provide hands-on experience with working with them).Through this, we hope that HCI researchers and practitioners will learn how to combine recent advances in speech processing with user-centred principles in designing more usable and useful speech-based interactive systems.",https://doi.org/10.1145/3706599.3716395,https://dl.acm.org/doi/pdf/10.1145/3706599.3716395,,gold,0,3,sistema=0;relevancia-campo=6,candidato-por-metadados,Descoberta bibliográfica; análise posterior.
20260907T171423Z,1.2.0,"""voice user interface"" design",OpenAlex,https://openalex.org/W7116778477,https://doi.org/10.1007/s12650-025-01099-w,A design study process model for medical visualization,2025,Mengjie Fan; Liang Zhou,article,,http://arxiv.org/abs/2512.21034,https://arxiv.org/pdf/2512.21034,,green,0,1,sistema=0;relevancia-campo=1,candidato-por-metadados,Descoberta bibliográfica; análise posterior.
20260907T171423Z,1.2.0,"""voice user interface"" design",OpenAlex,https://openalex.org/W4307810547,https://doi.org/10.1145/3569890,Managing Delays in Human-Robot Interaction,2022,Hannah Pelikan; Emily Hofstetter,article,"Delays in the completion of joint actions are sometimes unavoidable. How should a robot communicate that it cannot immediately act or respond in a collaborative task? Drawing on video recordings of a face-scanning activity in family homes, we investigate how humans make sense of a Cozmo robot’s delays on a moment-by-moment basis. Cozmo’s sounds and embodied actions are recognized as indicators of delay but encourage human participants to act in ways that undermine the scanning process. In comparing the robot’s delay management strategies with human-human vocal and embodied practices, we demonstrate key differences in the sequences that impact how the robot is understood. The study demonstrates how delay events are accomplished as embodied displays that are distributed across co-participants. We present a framework for making delay transparent through situated explanations, particularly in the form of non-lexical sounds and bodily actions.",https://doi.org/10.1145/3569890,https://dl.acm.org/doi/pdf/10.1145/3569890,,bronze,0,2,sistema=0;relevancia-campo=2,candidato-por-metadados,Descoberta bibliográfica; análise posterior.
20260907T171423Z,1.2.0,"""voice user interface"" design",OpenAlex,https://openalex.org/W1694007603,https://doi.org/10.5753/cbie.sbie.2014.382,Desenvolvimento de um Assistente Virtual Integrado ao Moodle para Suporte a Aprendizagem Online,2014,Alexandre Magno Andrade Maciel; Rodrigo Lins Rodrigues; Edson C. B. Carvalho,conference-paper,"O uso de assistentes virtuais animados em ambientes de aprendizagem tem se tornado cada vez mais um recurso de afetividade importante no intuito de promover interatividade na relação de ensino. Este artigo descreve a concepção, desenvolvimento e avaliação de um plugin para Moodle chamado Avatar Educação proposto para o suporte a aprendizagem online. Experimentos foram realizados em um ambiente real de ensino e os resultados atingiram os níveis de satisfação do usuário esperados.",https://doi.org/10.5753/cbie.sbie.2014.382,https://br-ie.org/pub/index.php/sbie/article/download/2966/2699,,bronze,2,2,sistema=2;relevancia-campo=0,candidato-por-metadados,Descoberta bibliográfica; análise posterior.
20260907T171423Z,1.2.0,"""voice user interface"" design",OpenAlex,https://openalex.org/W4391655229,https://doi.org/10.3390/app14041409,Interacting with Smart Virtual Assistants for Individuals with Dysarthria: A Comparative Study on Usability and User Preferences,2024,Aisha Jaddoh; Fernando Loizides; Omer Rana; Yasir Ahmed Syed,article,"This study explores the effectiveness and user experience of different interaction methods used by individuals with dysarthria when engaging with Smart Virtual Assistants (SVAs). It focuses on three primary modalities: direct speech commands through Alexa, non-verbal voice cues via the Daria system, and eye gaze control. The objective is to assess the usability, workload, and user preferences associated with each method, catering to the varying communication capabilities of individuals with dysarthria. While Alexa and Daria facilitate voice-based interactions, eye gaze control offers an alternative for those unable to use voice commands, including users with severe dysarthria. This comparative approach aims to determine how the usability of each interaction method varies, conducted with eight participants with dysarthria. The results indicated that non-verbal voice interactions, particularly with the Daria system, were favored because of their lower workload and ease of use. The eye gaze technology, while viable, presented challenges in terms of the higher workload and usability. These findings highlight the necessity of diversifying interaction methods with SVAs to accommodate the unique needs of individuals with dysarthria.",https://doi.org/10.3390/app14041409,https://www.mdpi.com/2076-3417/14/4/1409/pdf?version=1707387894,cc-by,gold,0,3,sistema=0;relevancia-campo=4,candidato-por-metadados,Descoberta bibliográfica; análise posterior.
20260907T171423Z,1.2.0,"""voice user interface"" design",OpenAlex,https://openalex.org/W4213185603,https://doi.org/10.2196/28686,Smart Speakers: The Next Frontier in mHealth,2022,Jacob E. Sunshine,article,"The rapid dissemination and adoption of smart speakers has enabled substantial opportunities to improve human health. Just as the introduction of the mobile phone led to considerable health innovation, smart speaker computing systems carry several unique advantages that have the potential to catalyze new fields of health research, particularly in out-of-hospital environments. The recent rise and ubiquity of these smart computing systems holds significant potential for enhancing chronic disease management, enabling passive identification of unwitnessed medical emergencies, detecting subtle changes in human behavior and cognition, limiting isolation, and potentially allowing widespread, passive, remote monitoring of respiratory diseases that impact public health. There are 3 broad mechanisms for how a smart speaker can interact with a person to improve health. These include (1) as an intelligent conversational agent, (2) as a passive identifier of medically relevant diagnostic sounds, and (3) by active sensing using the device's internal hardware to measure physiologic parameters, such as with active sonar, radar, or computer vision. Each of these different modalities has specific clinical use cases, all of which need to be balanced against potential privacy concerns, equity concerns related to system access, and regulatory frameworks which have not yet been developed for this unique type of passive data collection.",https://doi.org/10.2196/28686,https://mhealth.jmir.org/2022/2/e28686/PDF,cc-by,gold,3,4,sistema=1;relevancia-campo=1,candidato-por-metadados,Descoberta bibliográfica; análise posterior.
20260907T171423Z,1.2.0,"""voice user interface"" design",OpenAlex,https://openalex.org/W2901887005,https://doi.org/10.14236/ewic/hci2018.40,Voice Activated Virtual Assistants Personality Perceptions and Desires: Comparing Personality Evaluation Frameworks,2018,Dr Marta Perez Garcia; Sarita Saffón López; Hector Donis,conference-paper,"Currently, Voice Activated Virtual Assistants and Artificial Intelligence technologies are not just about performance or the functionalities they can carry out, it is also about the associated personality. This empirical multi-country study explores the personality perceptions of current VAVA users regarding these technologies. Since this is a rather unexplored territory for research, this study has identified two well-established personality evaluation methodologies, Aaker’s traits approach and Jung’s archetypes, to investigate current perceived personality and future desired personality of the four main Voice Activated Virtual Assistants: Siri, Google Assistant, Cortana and Alexa. Following are a summary of results by each methodology, and an analysis of the commonalities found between the two methodologies.",https://doi.org/10.14236/ewic/hci2018.40,https://www.scienceopen.com/document_file/0ce3279a-3d5f-47fa-88ed-16575ce3a57b/ScienceOpen/BHCI-2018_Perez%20Garcia.pdf,cc-by,hybrid,0,1,sistema=0;relevancia-campo=1,candidato-por-metadados,Descoberta bibliográfica; análise posterior.
20260907T171423Z,1.2.0,"""voice user interface"" design",OpenAlex,https://openalex.org/W7115031670,,UX Design Process for a Work Management Application,2025,"Laasonen, Iida-Ellen",dissertation,"Digitaaliset työkalut ovat yleistyneet eri toimialoilla, ja yritykset sekä organisaatiot tarvitsevat yhä useammin sovelluksia, jotka vastaavat alan erityisvaatimuksiin. Tarve tällaiselle järjestelmälle muodostui husky-kennel yrityksessä Hillside Huskies Finland Oy:ssa, jossa työhön- ja eläinten hyvinvointiin liittyvä dokumentointi, vies-tintä ja tiedonhallinta ovat keskeisiä. Projektin tavoitteena oli luoda käyttäjäkokemusanalyysi sekä -malli, johon sisältyi interaktiivinen käyttöliittymäprototyyppi sekä suunnitteludokumentaatio työnohjaussovellusta varten. Sovelluksen avulla käsitellään työhön liittyviä tietoja, kuten koirien profiilit, terveystiedot, päivittäiset tehtävät sekä koulutusmateriaalit. Työssä perehdyttiin käyttäjäkokemuksen suunnittelun viitekehyksiin ja ohjeistuksiin, joita käytettiin käyttöliit-tymäsuunnitteluprosessin luomiseen. Prosessi yhdisti erilaisia suunnittelulähestymistapoja, kuten käyttäjäkes-keisen suunnittelun (Human-Centered Design), muotoiluajattelun (Design Thinking), sisältölähtöisen (Content-first) metodologian ja ketterän kehityksen (Agile). Tuloksena toteutettiin käyttäjätutkimus sovelluksen käyt-töyhteyden ymmärtämiseksi, ja käyttöliittymämalli luotiin olemassa olevien brändiohjeiden ja sisällön avulla. Käyttöliittymä kehitettiin interaktiiviseksi prototyypiksi, jota testattiin käyttäjillä testaukseen soveltuvalla digi-taalisella alustalla. Tulokset osoittivat, että ehdotettu käyttöliittymämalli vastasi sovelluksen vaatimuksia, ja käyttöliittymää voi-tiin pitää intuitiivisena, visuaalisesti miellyttävänä ja helppona oppia. Lopullista käyttöliittymämallia ja proto-tyyppiä voidaan hyödyntää sovelluksen jatkokehityksessä. Jatkokehitystä varten käyttöliittymän sisältöä voi-taisiin laajentaa ja sovellusprototyyppiin lisätä lisätoimintoja ja -toiminnallisuuksia tarkempien testitulosten saamiseksi. Päätelmänä todettiin, että käyttäjäkeskeinen suunnittelulähestymistapa, joka yhdistää käyttäjäkokemusviite-kehyksiä ja menetelmiä, mahdollistaa räätälöidyn digitaalisen työkalun luomisen. Ehdotettu suunnittelupro-sessi on toistettavissa ja sen avulla voidaan luoda sovelluksia, jotka ovat saavutettavia ja tarjoavat hyvän käy-tettävyyden sekä käyttäjätyytyväisyyden.",http://www.theseus.fi/handle/10024/905660,http://www.theseus.fi/bitstream/10024/905660/2/Laasonen_Iida.pdf,,green,0,2,sistema=0;relevancia-campo=2,candidato-por-metadados,Descoberta bibliográfica; análise posterior.
20260907T171423Z,1.2.0,"""voice user interface"" design",OpenAlex,https://openalex.org/W2961833565,https://doi.org/10.31866/2616-7654.3.2019.169669,Overview of the Intelligent Personal Assistants,2019,Irene Lopatovska,article,"The article provides an overview of intelligent personal assistants (IPA) (also known as conversational agents, smart speakers, digital / intelligent personal assistants, or voicecontrolled agents). The main technical features of the IPAs, including Google Assistant, Amazon Alexa, Microsoft Cortana, Apple Siri, are outlined along with their reported adoption in private and public environments. IPA research trends and ideas for IPA research in Ukrainian context are also discussed.",https://doi.org/10.31866/2616-7654.3.2019.169669,http://librinfosciences.knukim.edu.ua/article/download/169669/170932,cc-by,diamond,3,5,sistema=2;relevancia-campo=2,candidato-por-metadados,Descoberta bibliográfica; análise posterior.
20260907T171423Z,1.2.0,"""voice user interface"" design",OpenAlex,https://openalex.org/W2165403987,https://doi.org/10.3115/1708376.1708428,A handsome set of metrics to measure utterance classification performance in spoken dialog systems,2009,David Suendermann; Jackson Liscombe; Krishna Dayanidhi; Roberto Pieraccini,conference-paper,"We present a set of metrics describing classification performance for individual contexts of a spoken dialog system as well as for the entire system. We show how these metrics can be used to train and tune system components and how they are related to Caller Experience, a subjective measure describing how well a caller was treated by the dialog system.",https://doi.org/10.3115/1708376.1708428,https://dl.acm.org/doi/pdf/10.5555/1708376.1708428,,gold,3,4,sistema=1;relevancia-campo=1,candidato-por-metadados,Descoberta bibliográfica; análise posterior.
20260907T171423Z,1.2.0,"""voice user interface"" design",OpenAlex,https://openalex.org/W4410127828,https://doi.org/10.1201/9788770046213,Artificial Intelligence in Action,2025,Ahmed Banafa,book,"This comprehensive book dives deep into the current landscape of AI, exploring its fundamental principles, development challenges, potential risks, and the cutting-edge breakthroughs that are propelling it forward. Artificial intelligence (AI) is rapidly transforming industries and societies worldwide through groundbreaking innovations and real-world applications. Starting with the core concepts, the book examines the various types of AI systems, generative AI models, and the complexities of machine learning. It delves into the programming languages driving AI development, data pipelines, model creation and deployment processes, while shedding light on issues like AI hallucinations and the intricate path of machine unlearning. The book then showcases the remarkable real-world applications of AI across diverse domains. From preventing job displacement and promoting environmental sustainability, to enhancing disaster response, drone technology, and even nuclear energy innovation, it highlights how AI is tackling complex challenges and driving positive change. The book also explores the double-edged nature of AI, recognizing its tremendous potential while cautioning about the risks of misuse, unintended consequences, and the urgent need for responsible development practices. It examines the intersection of AI and fields like operating system design, warfare, and semiconductor technology, underscoring the wide-ranging implications of this transformative force. As the quest for artificial general intelligence (AGI) and superintelligent AI systems intensifies, the book delves into cutting-edge research, emerging trends, and the pursuit of multimodal, explainable, and causally aware AI systems. It explores the symbiotic relationship between AI and human creativity, the rise of user-friendly ""casual AI,"" and the potential of AI to tackle open-ended tasks. This is an essential guide for understanding the profound impact of AI on our world today and its potential to shape our future. From the frontiers of innovation to the challenges of responsible development, this book offers a comprehensive and insightful exploration of the remarkable real-world applications and innovations driving the AI revolution.",https://doi.org/10.1201/9788770046213,https://api.taylorfrancis.com/content/books/mono/download?identifierName=doi&identifierValue=10.1201/9788770046213&type=googlepdf,,bronze,0,2,sistema=0;relevancia-campo=2,candidato-por-metadados,Descoberta bibliográfica; análise posterior.
20260907T171423Z,1.2.0,"""voice user interface"" design",OpenAlex,https://openalex.org/W2963364894,https://doi.org/10.1088/1742-6596/1235/1/012033,Adaptive User Interface of Learning Management Systems for Education 4.0: A Research Perspective,2019,Bintang Annisa Bagustari; Harry Budi Santoso,conference-paper,"Abstract The growth of education is dynamically changing along with emerging technology. Learning management systems (LMS) takes an essential place regarding support its process. By many kinds of improvement aspect within technology, adaptive user interface (AUI) has a significant role to maintain students engagement in learning activities. However, it is very significant to analyze the development of AUI in education 4.0 to understand its significant challenge at this stage. This paper discusses AUI in learning system which has been proposed and implemented by other researchers. We apply a comparative perspective between technology and heutagogical aspect in evaluating their approaches. By delivering this perspective, the paper presents a short review of LMS adaptivity trends and development challenges in the field of learning services for education 4.0.",https://doi.org/10.1088/1742-6596/1235/1/012033,https://iopscience.iop.org/article/10.1088/1742-6596/1235/1/012033/pdf,cc-by,diamond,0,2,sistema=0;relevancia-campo=2,candidato-por-metadados,Descoberta bibliográfica; análise posterior.
20260907T171423Z,1.2.0,"""voice user interface"" design",OpenAlex,https://openalex.org/W4404364326,https://doi.org/10.3389/fpsyt.2024.1462083,The ethical aspects of integrating sentiment and emotion analysis in chatbots for depression intervention,2024,Kerstin Denecke; Elia Gabarrón,article,"Introduction: Digital health interventions specifically those realized as chatbots are increasingly available for mental health. They include technologies based on artificial intelligence that assess user's sentiment and emotions for the purpose of responding in an empathetic way, or for treatment purposes, e.g. for analyzing the expressed emotions and suggesting interventions. Methods: In this paper, we study the ethical dimensions of integrating these technologies in chatbots for depression intervention using the digital ethics canvas and the DTx Risk Assessment Canvas. Results: As result, we identified some specific risks associated with the integration of sentiment and emotion analysis methods into these systems related to the difficulty to recognize correctly the expressed sentiment or emotion from statements of individuals with depressive symptoms and the appropriate system reaction including risk detection. Depending on the realization of the sentiment or emotion analysis, which might be dictionary-based or machine-learning based, additional risks occur from biased training data or misinterpretations. Discussion: While technology decisions during system development can be made carefully depending on the use case, other ethical risks cannot be prevented on a technical level, but by carefully integrating such chatbots into the care process allowing for supervision by health professionals. We conclude that a careful reflection is needed when integrating sentiment and emotion analysis into chatbots for depression intervention. Balancing risk factors is key to leveraging technology in mental health in a way that enhances, rather than diminishes, user autonomy and agency.",https://doi.org/10.3389/fpsyt.2024.1462083,,cc-by,gold,2,2,sistema=4;relevancia-campo=0,candidato-por-metadados,Descoberta bibliográfica; análise posterior.
20260907T171423Z,1.2.0,"""voice user interface"" design",OpenAlex,https://openalex.org/W7131885460,https://doi.org/10.22055/rals.2024.45822.3211,Issues in the design and implementation of chatbots for oral language assessment,2024,Jesus Garcia Laborda; Teresa Magal Royo; Slavka Madarova,article,"Oral assessment in computer-assisted language learning is one of the best-known challenges at a technical and implementation level in an official language certification. The case of Spain is especially critical since the government has delayed for years the completion of the listening comprehension and oral expression test in the University Access Test (EVAU). This article presents first the evolution of oral tests at a general level, then a SWOT analysis of the potential of such implementation, and, third, how to implement them and the paper concludes that there is evidence that chatbots adapted to language learning can also be used for evaluation. Chatbot-assisted language learning with artificial intelligence adapted to voice recognition and its processing to obtain semi-automatic assessment supervised by the teacher can become a tool to be implemented within the language learning processes and / or included in the language certification methodology. Another interesting aspect could be the development and design of the interfaces of future adapted chatbots that must consider multimodality in the interaction between man-machine so that communication is effective and can be validated based on the knowledge available to the student.",http://hdl.handle.net/10017/63381,https://ebuah.uah.es/dspace/bitstream/10017/63381/2/issue_garcia_RALS_2024.pdf,cc-by-nc-nd,green,3,6,sistema=4;relevancia-campo=6,candidato-por-metadados,Descoberta bibliográfica; análise posterior.
20260907T171423Z,1.2.0,"""voice user interface"" design",OpenAlex,https://openalex.org/W3148760006,https://doi.org/10.48550/arxiv.2103.16168,Understanding Mental Models of AI through Player-AI Interaction,2021,Jennifer Villareale; Jichen Zhu,preprint,"Designing human-centered AI-driven applications require deep understandings of how people develop mental models of AI. Currently, we have little knowledge of this process and limited tools to study it. This paper presents the position that AI-based games, particularly the player-AI interaction component, offer an ideal domain to study the process in which mental models evolve. We present a case study to illustrate the benefits of our approach for explainable AI.",http://arxiv.org/abs/2103.16168,https://arxiv.org/pdf/2103.16168,,green,0,3,sistema=0;relevancia-campo=3,candidato-por-metadados,Descoberta bibliográfica; análise posterior.
20260907T171423Z,1.2.0,"""voice user interface"" design",OpenAlex,https://openalex.org/W4366549743,https://doi.org/10.1145/3544548.3580995,Collaborating with a Text-Based Chatbot: An Exploration of Real-World Collaboration Strategies Enacted during Human-Chatbot Interactions,2023,Amon Rapp; Arianna Boldi; Lorenzo Curti; Alessandro Perrucci; Rossana Simeoni,conference-paper,"A central problem for chatbots in the customer care domain revolves around how people collaborate with the agent to achieve their own situated goals. The majority of the previous research, however, relied on experiments within artificial settings, rather than on observation of real-world interactions. Moreover, such research mostly analyzed users’ responses to communication breakdowns, rather than the wider collaboration strategies utilized during a conversation. In this paper, we qualitatively analyzed 12,477 real-world exchanges with a task-based chatbot using a Grounded Theory approach as a rigorous coding method to analyze the data. We identified two main aspects of collaboration, behavioral and conversational, and for each aspect we highlighted the different strategies that users perform to “work together” with the agent. These strategies may be utilized from the very beginning of the conversation or in response to misunderstandings in the course of ongoing interactions and may show different evolving dynamics.",https://doi.org/10.1145/3544548.3580995,https://dl.acm.org/doi/pdf/10.1145/3544548.3580995,,gold,3,6,sistema=4;relevancia-campo=3,candidato-por-metadados,Descoberta bibliográfica; análise posterior.
20260907T171423Z,1.2.0,"""voice user interface"" design",OpenAlex,https://openalex.org/W4416245154,https://doi.org/10.1016/j.langcom.2025.10.004,Defining language and managing its use: Language technology as language management,2025,Nina Markl,article,"Language technologies such as voice user interfaces, large language models and machine translation tools are embedded in an ever-growing range of digital devices and services used by millions of people every day in contexts as diverse as schools, homes, hospitals, and offices. In this paper, I argue that the way these technologies are used by and used on language workers and other members of language communities can be understood as a type of language management . As social scientists of technology have long pointed out, all technologies are shaped by and expressive of ideologies. In the case of language technologies, some of these are ideologies about language(s) and their speakers. Rather than simply (or only) functioning as linguistic interfaces facilitating interaction between people, language technologies reinforce linguistic ideologies, and contribute to the ideological construction of particular languages and their communities, as well as more abstract notions of ‘language’ and its value and purpose. They are furthermore often directly deployed to manage language work(ers) through surveillance, and partial automation. Understanding the ways in which language technologies reproduce, mediate and shape linguistic behaviours and beliefs as part of “algorithmic language management” allows us to connect them to both the broader sociotechnical and political project of artificial intelligence, and the scholarship on language policy. • Language technologies are used to both manage language workers (e.g., assessing performance, tracking behaviour), and more specifically manage language by affording particular kinds of practices and beliefs (to specific types of actors, using specific mechanisms). • I argue that language technologies are not just downstream of language management, but are perhaps more usefully understood as language management. I draw this distinction because I think it is analytically useful to analyse language technologies as the materialisation of broader ideologies. • Language technologies reflect and reproduce the political, social, cultural and economic conditions, and, indeed, language policies they are developed within. What kinds of uses they afford, to whom they afford these uses, and in what ways they afford them fundamentally depends on the ambient language behaviours and beliefs. • Language technologies designed to facilitate management of linguistic and affective practices reproduce wider language ideologies (e.g., standard language ideology), and enable (and encourage) their users (businesses or managers) to enforce ""custom'' language ideologies (e.g., particular scripts or tone). The physical and discursive construction (or, design and marketing) of commercial language technologies transmits language ideologies and, furthermore, constrains language practices.",https://doi.org/10.1016/j.langcom.2025.10.004,,cc-by,hybrid,3,6,sistema=1;relevancia-campo=6,candidato-por-metadados,Descoberta bibliográfica; análise posterior.
20260907T171423Z,1.2.0,"""voice user interface"" design",OpenAlex,https://openalex.org/W7124985587,https://doi.org/10.1007/s11280-026-01403-0,OntoSage: Intelligent Human-Building Smartbot for Semantic Smart Building Question Answering,2026,Suhas Devmane; Omer Rana; Charith Perera,article,"Abstract Smart buildings remain heterogeneous across sensing infrastructure, metadata quality, legacy protocols, and analytics requirements, hindering reusable human–building natural language interfaces. We present OntoSage , a modular framework for ontologically grounded question answering (QA) and fulfillment of analytic intents over smart building data. The framework (i) leverages Brick Schema-based RDF model with reasoning capabilities, (ii) translates natural language (NL) questions into executable SPARQL via a fine-tuned seq2seq model (T5-Base), and (iii) orchestrates portable analytics microservices that operate on time-series sensor data referenced through ontology-linked UUIDs. A summarization component (open-weights Mistral-7B, zero-shot) converts structured SPARQL/SQL/analytic outputs into concise stakeholder-aware responses without requiring task-specific fine-tuning. We categorize QA complexity into four reasoning classes and report component-level execution metrics supporting these categories. To address portability, we formalize a lightweight adaptation workflow (ontology ingestion $$\rightarrow $$ entity enrichment for NLU $$\rightarrow $$ NL2SPARQL validity checks $$\rightarrow $$ analytics binding) designed to minimize per-building retraining. Reproducibility is enabled through public source code, synthetic and ontology-derived datasets, Docker/Compose service descriptors, and documented supporting scripts “( https://github.com/suhasdevmane/OntoBot )”. The developers’ documentation is publicly accessible “( https://ontosage-docs.github.io )”.",https://doi.org/10.1007/s11280-026-01403-0,https://link.springer.com/content/pdf/10.1007/s11280-026-01403-0.pdf,cc-by,hybrid,0,3,sistema=0;relevancia-campo=4,candidato-por-metadados,Descoberta bibliográfica; análise posterior.
20260907T171423Z,1.2.0,"""voice user interface"" design",OpenAlex,https://openalex.org/W3153633758,https://doi.org/10.1145/3397482.3450734,The Personalization Paradox: the Conflict between Accurate User Models and Personalized Adaptive Systems,2021,Santiago Ontañón; Jichen Zhu,conference-paper,"Personalized adaptation technology has been adopted in a wide range of digital applications such as health, training and education, e-commerce and entertainment. Personalization systems typically build a user model, aiming to characterize the user at hand, and then use this model to personalize the interaction. Personalization and user modeling, however, are often intrinsically at odds with each other (a fact some times referred to as the personalization paradox). In this paper, we take a closer look at this personalization paradox, and identify two ways in which it might manifest: feedback loops and moving targets. To illustrate these issues, we report results in the domain of personalized exergames (videogames for physical exercise), and describe our early steps to address some of the issues arisen by the personalization paradox.",https://pure.itu.dk/portal/da/publications/f2b1f072-d197-4c88-9948-d2c649be65b7,https://pure.itu.dk/ws/files/86438731/2103.01771.pdf,,green,0,2,sistema=0;relevancia-campo=2,candidato-por-metadados,Descoberta bibliográfica; análise posterior.
20260907T171423Z,1.2.0,"""voice user interface"" design",OpenAlex,https://openalex.org/W4322831937,https://doi.org/10.1145/3544548.3581152,A Mixed-Methods Approach to Understanding User Trust after Voice Assistant Failures,2023,Amanda Baughan; X.T. Wang; Ariel Liu; Allison Mercurio; Jilin Chen; Xiao Ma,conference-paper,"Despite huge gains in performance in natural language understanding via large language models in recent years, voice assistants still often fail to meet user expectations. In this study, we conducted a mixed-methods analysis of how voice assistant failures affect users’ trust in their voice assistants. To illustrate how users have experienced these failures, we contribute a crowdsourced dataset of 199 voice assistant failures, categorized across 12 failure sources. Relying on interview and survey data, we find that certain failures, such as those due to overcapturing users’ input, derail user trust more than others. We additionally examine how failures impact users’ willingness to rely on voice assistants for future tasks. Users often stop using their voice assistants for specific tasks that result in failures for a short period of time before resuming similar usage. We demonstrate the importance of low stakes tasks, such as playing music, towards building trust after failures.",https://doi.org/10.1145/3544548.3581152,https://dl.acm.org/doi/pdf/10.1145/3544548.3581152,cc-by,gold,2,2,sistema=2;relevancia-campo=0,candidato-por-metadados,Descoberta bibliográfica; análise posterior.
20260907T171423Z,1.2.0,"""voice user interface"" design",OpenAlex,https://openalex.org/W4225246374,https://doi.org/10.1527/tjsai.37-3_ids-b,Design Guidelines for Developing Systems for Dialogue System Competitions,2022,Ryu Takeda; Kazunori Komatani; Keisuke Nakashima; Mikio Nakano,article,"Dialogue system development involves a variety of factors and requires multifaceted consideration, so design guidelines would be helpful. Although a neural-based approach can be used, it requires a vast amount of dialogue data and would take too much effort to collect them to develop a system for a specific and fixed-length dialogue. Furthermore, errors in automatic speech recognition and language understanding should be explicitly considered in the design because they are inevitable when the system talks with general users and would lower their impressions. We propose design guidelines for developing dialogue systems. Our systems developed with the aid of these guidelines took first place in two dialogue system competitions: the situation track of the second Dialogue System Live Competition and a pre-preliminary test of the Dialogue Robot Competition. Our proposed design guidelines are to (1) make the system take initiative, (2) avoid dialogue flows from relying too much on user utterances, and (3) include in system utterances that the system understands what the user said. We also show more details regarding the systems designed for each of the two competitions with examples, such as the dialogue examples in the two competitions and the scores of questionnaire by real users.",https://doi.org/10.1527/tjsai.37-3_ids-b,https://www.jstage.jst.go.jp/article/tjsai/37/3/37_37-3_IDS-B/_pdf,,diamond,3,4,sistema=1;relevancia-campo=1,candidato-por-metadados,Descoberta bibliográfica; análise posterior.
20260907T171423Z,1.2.0,"""voice user interface"" design",OpenAlex,https://openalex.org/W4387800680,https://doi.org/10.48550/arxiv.2310.11848,The Value-Sensitive Conversational Agent Co-Design Framework,2023,Malak Sadek; Rafael A. Calvo; Céline Mougenot,preprint,"Conversational agents (CAs) are gaining traction in both industry and academia, especially with the advent of generative AI and large language models. As these agents are used more broadly by members of the general public and take on a number of critical use cases and social roles, it becomes important to consider the values embedded in these systems. This consideration includes answering questions such as 'whose values get embedded in these agents?' and 'how do those values manifest in the agents being designed?' Accordingly, the aim of this paper is to present the Value-Sensitive Conversational Agent (VSCA) Framework for enabling the collaborative design (co-design) of value-sensitive CAs with relevant stakeholders. Firstly, requirements for co-designing value-sensitive CAs which were identified in previous works are summarised here. Secondly, the practical framework is presented and discussed, including its operationalisation into a design toolkit. The framework facilitates the co-design of three artefacts that elicit stakeholder values and have a technical utility to CA teams to guide CA implementation, enabling the creation of value-embodied CA prototypes. Finally, an evaluation protocol for the framework is proposed where the effects of the framework and toolkit are explored in a design workshop setting to evaluate both the process followed and the outcomes produced.",http://arxiv.org/abs/2310.11848,https://arxiv.org/pdf/2310.11848,cc-by,green,3,6,sistema=2;relevancia-campo=3,candidato-por-metadados,Descoberta bibliográfica; análise posterior.
20260907T171423Z,1.2.0,"""voice user interface"" design",OpenAlex,https://openalex.org/W3096733353,,Interaction design of an application for IoT data of workplaces,2020,Maria – Ruxandra Osman,dissertation,"This Master Thesis is focused on a web platform developed to collect and display information about IoT devices installed in workplaces. The main purpose of the work was to analyse, redesign and implement the user interface of the system by applying a human-centred design methodology. The context of the project has been established by the company Archibus Solution Center Spain, S.A, which aims at analysing the workplace performance and at proposing solutions for space optimization. The IoT platform, called IoT-Hub was developed for this Master Thesis to offer specialized users a helping tool to visualize and manage the data gathered by the IoT devices. By following a human-centred design process, the project started with performing user research in the form of interviews to evaluate the initial IoTHub application and to define the required functionalities from the users’ perspectives. Afterwards, conclusions from the user research were used in the ideation process that led to the creation of the first prototypes. Following this, iterative development stages and usability tests were performed to improve the usability and the user experience of the application. The result of this Master Thesis consists of a functional, accessible, and redesigned web application, called IoT-Hub that follows the same concept as the initial platform, but was developed by applying a human-centred design methodology.",http://oa.upm.es/63067/,http://oa.upm.es/63067/,cc-by-nc-nd,green,0,3,sistema=0;relevancia-campo=7,candidato-por-metadados,Descoberta bibliográfica; análise posterior.
20260907T171423Z,1.2.0,"""voice user interface"" design",OpenAlex,https://openalex.org/W4399695109,https://doi.org/10.48550/arxiv.2406.08633,Unraveling Code-Mixing Patterns in Migration Discourse: Automated Detection and Analysis of Online Conversations on Reddit,2024,Fedor Vitiugin; S.J. Lee; Henna Paakki; Anastasiia Chizhikova; Nitin Sawhney,preprint,"The surge in global migration patterns underscores the imperative of integrating migrants seamlessly into host communities, necessitating inclusive and trustworthy public services. Despite the Nordic countries' robust public sector infrastructure, recent immigrants often encounter barriers to accessing these services, exacerbating social disparities and eroding trust. Addressing digital inequalities and linguistic diversity is paramount in this endeavor. This paper explores the utilization of code-mixing, a communication strategy prevalent among multilingual speakers, in migration-related discourse on social media platforms such as Reddit. We present Ensemble Learning for Multilingual Identification of Code-mixed Texts (ELMICT), a novel approach designed to automatically detect code-mixed messages in migration-related discussions. Leveraging ensemble learning techniques for combining multiple tokenizers' outputs and pre-trained language models, ELMICT demonstrates high performance (with F1 more than 0.95) in identifying code-mixing across various languages and contexts, particularly in cross-lingual zero-shot conditions (with avg. F1 more than 0.70). Moreover, the utilization of ELMICT helps to analyze the prevalence of code-mixing in migration-related threads compared to other thematic categories on Reddit, shedding light on the topics of concern to migrant communities. Our findings reveal insights into the communicative strategies employed by migrants on social media platforms, offering implications for the development of inclusive digital public services and conversational systems. By addressing the research questions posed in this study, we contribute to the understanding of linguistic diversity in migration discourse and pave the way for more effective tools for building trust in multicultural societies.",http://arxiv.org/abs/2406.08633,https://arxiv.org/pdf/2406.08633,cc-by,green,0,3,sistema=0;relevancia-campo=4,candidato-por-metadados,Descoberta bibliográfica; análise posterior.
20260907T171423Z,1.2.0,"""voice user interface"" design",OpenAlex,https://openalex.org/W4415086703,https://doi.org/10.48550/arxiv.2505.09094,PLanet: Formalizing and Analyzing Assignment Procedures in the Design of Experiments,2025,"London Bielicke; A. B. Zhang; Shruti Tyagi; Berger, Emery; Adam Chlipala; Eunice Jun",preprint,"Experimental designs reflect assumptions about variable relationships that determine what causal queries researchers can answer through the experiment. Accounting for and communicating these assumptions is essential for drawing valid, generalizable conclusions from scientific experiments. Unfortunately, existing experimental design tools elide these details, expecting researchers to reason about design decisions and assumptions on their own. To surface assumptions and enable design exploration, we introduce a grammar of composable operators for constructing experimental assignment procedures grounded in matrix algebra. The PLanet DSL implements this grammar and compiles PLanet programs into constraint satisfaction problems over matrices. Together, PLanet's composable grammar and matrix representation enable a static analysis to determine which causal queries are testable under different assumptions. In an expressivity evaluation, PLanet was the most expressive of existing DSLs. Critical reflections with the authors of these DSLs revealed that PLanet makes design choices explicit without requiring procedural specification. Think-aloud studies showed that PLanet facilitated design exploration and surfaced assumptions researchers may otherwise overlook.",https://arxiv.org/abs/2505.09094,https://arxiv.org/pdf/2505.09094,cc-by,green,0,2,sistema=0;relevancia-campo=2,candidato-por-metadados,Descoberta bibliográfica; análise posterior.
20260907T171423Z,1.2.0,"""voice user interface"" design",OpenAlex,https://openalex.org/W2185682075,,ANALYSIS ON WEBSITE DESIGN USING USABILITY PRINCIPLES,2011,Manoj Babu Vellore-Kandababu; Varma Indukuri Santosh Ganapathy,article,"Although Internet booking system has reached its peak in the recent years many previous researches say there is always a growing interest in the role and nature of design in HCI principles. Small difference can create a large impact in the business of Internet booking system. The future of any online booking system will be heavily depended on how easy and how friendly the system is designed. In our thesis, we are going to suggest what aspects of usability principles are important in making the user interface of current flight booking systems to reach a high degree of usability. For the above purpose we will find usability flaws in the current user interface design of flight booking systems and highlight the potential factors or aspects that make user interface more acceptable to users. To reach this purpose we will use a case study and analyze using an explanation building technique. The empirical data was collected through satisfaction questionnaire which was based on nine “preset tasks” which are designed depending on various usability principles. In our thesis, we will create an understanding on the aspects of usability principles used to make a user interface more acceptable to the users. This understanding will lead future researches in the betterment of interface design of flight booking system.",http://hdl.handle.net/2320/8143,http://hdl.handle.net/2320/8143,,green,0,3,sistema=0;relevancia-campo=3,candidato-por-metadados,Descoberta bibliográfica; análise posterior.
20260907T171423Z,1.2.0,"""voice user interface"" design",OpenAlex,https://openalex.org/W4378716615,https://doi.org/10.3390/fi15060196,Task Automation Intelligent Agents: A Review,2023,Abdul Wali; Saipunidzam Mahamad; Suziah Sulaiman,article,"As technological advancements increase exponentially, mobile phones become smarter with machine learning and artificial intelligence algorithms. These advancements have allowed mobile phone users to perform most of their daily routine tasks on mobile phones; tasks performed in daily routines are called repetitive tasks and are performed manually by the users themselves. However, machine learning and artificial intelligence have enabled those tasks to be performed automatically, known as task automation. The users can perform task automation, e.g., through creating automation rules or an intelligent agent, e.g., conversational agents, virtual personal assistants, etc. Several techniques to achieve task automation have been proposed, but this review shows that task automation by programming by demonstration has had massive developmental growth because of its user-centered approach. Apple Siri, Google Assistant, MS Cortana, and Amazon Alexa are the most known task automation agents. However, these agents are not widely adopted because of their usability issues. In this study, two research questions are evaluated through the available literature to expand the research on intelligent task automation agents: (1) What is the state-of-the-art in task automation agents? (2) What are the existing methods and techniques for developing usability heuristics, specifically for intelligent agents? Research shows groundbreaking developments have been made in mobile phone task automation recently. However, it must still be conducted per usability principles to achieve maximum usability and user satisfaction. The second research question further justifies developing a set of domain-specific usability heuristics for mobile task automation intelligent agents.",https://doi.org/10.3390/fi15060196,https://www.mdpi.com/1999-5903/15/6/196/pdf?version=1685342812,cc-by,gold,3,5,sistema=2;relevancia-campo=2,candidato-por-metadados,Descoberta bibliográfica; análise posterior.
20260907T171423Z,1.2.0,"""voice user interface"" design",OpenAlex,https://openalex.org/W3048731759,https://doi.org/10.1145/3409256.3409822,A Mixed-Method Analysis of Text and Audio Search Interfaces with Varying Task Complexity,2020,Alexandra Vtyurina; Charles L. A. Clarke; Edith Law; Johanne R. Trippas; Horaţiu Bota,conference-paper,"Voice-based assistants have become a popular tool for conducting web search, particularly for factoid question answering. However, for more complex web searches, their functionality remains limited, as does our understanding of the ways in which users can best interact with audio-based search results. In this paper, we compare and contrast user behaviour through the representation of search results over two mediums: text and audio. We begin by conducting a crowdsourced study exposing the differences in user selection of search results when those are presented in text and audio formats. We further confirm these differences and investigate the reasons behind them through a mixed-methods laboratory study. Through a qualitative analysis of the collected data, we produce a list of guidelines for an audio-based presentation of search results.",http://hdl.handle.net/11343/241802,http://hdl.handle.net/11343/241802,,green,0,1,sistema=0;relevancia-campo=1,candidato-por-metadados,Descoberta bibliográfica; análise posterior.
20260907T171423Z,1.2.0,"""voice user interface"" design",OpenAlex,https://openalex.org/W3112970390,https://doi.org/10.1002/elsc.202000053,Implementing a digital infrastructure for the lab using a central laboratory server and the SiLA2 communication standard,2020,Marc Porr; Ferdinand Lange; Daniel Marquard; Laura Niemeyer; Patrick Lindner; Thomas Scheper; Sascha Beutel,article,"In this report, a fully integrated solution for laboratory digitization is presented. The approach presents a flexible and complete integration method for the digitally assisted workflow. The worker in the laboratory performs procedures in direct interaction with the digitized infrastructure that guides through the process and aids while performing tasks. The digital transformation of the laboratory starts with standardized integration of both new and ""smart"" lab devices, as well as legacy devices through a hardware gateway module. The open source Standardization in Lab Automation 2 standard is used for device communication. A central lab server channels all device communication and keeps a database record of every measurement, task and result generated or used in the lab. It acts as a central entry point for process management. This backbone enables a process control system to guide the worker through the lab process and provide additional assistance, like results of automated calculations or safety information. The description of the infrastructure and architecture is followed by a practical example on how to implement a digitized workflow. This approach is highly useful for - but not limited to - the biotechnological laboratory and has the potential to increase productivity in both industry and research for example by enabling automated documentation.",https://doi.org/10.1002/elsc.202000053,https://onlinelibrary.wiley.com/doi/pdfdirect/10.1002/elsc.202000053,cc-by,gold,0,3,sistema=0;relevancia-campo=4,candidato-por-metadados,Descoberta bibliográfica; análise posterior.
20260907T171423Z,1.2.0,"""voice user interface"" design",OpenAlex,https://openalex.org/W2732847691,https://doi.org/10.5451/unibas-006710643,Structured approaches to interaction design : a way to bridge the gap between the results of foundational user research and the final design of a user interface,2017,C Hubscher,dissertation,"The present manuscript-based doctoral thesis addresses the question of how approaches to interaction design can be made more structured. This is an attempt to make it more transparent how one can come to a final design of a user interface starting from the results of foundational user research. The results of this analysis can help designers to work very systematic at times, to better reflect on their own idiosyncratic design process “on the job”, or to learn interaction design in the first place. In user-centered design (UCD) there are lifecycles and methods that already provide a certain degree of structuring with the discrimination of different phases etc. But they leave open some gaps here and there. This work is an attempt to close some of the gaps and bring closer together these individual methods. \n \nInteraction design patterns are a way to describe solutions to problems in designing user in-terfaces in a very systematic way. However, pattern libraries usually are far from complete. They mostly lack patterns to support the early phases of interaction design and therefore they do usually not link to the abstract models of conceptual design. The third manuscript describes an organizational scheme for interaction design patterns to support the process of implementing a complete pattern language covering all the different levels of the solution domain. The scheme has been found by analyzing several established UCD lifecycles and it has been evaluated by organizing all the individual patterns of several public pattern libraries into it. The first manuscript describes a process of systematically building up a pattern language alongside of a redesign project of a complex application in a corporate environment. The second manuscript describes how patterns have been evaluated in the aforementioned project, when there were several different solutions for one problem. This is shown with two interaction design patterns for the problem of making required input fields visible to users. \n \nThe fourth manuscript is an attempt to bring together the idea of a complete pattern language, as a description of the solution domain of interaction design, with the different parts of the problem domain. Therefore, the same UCD lifecycles (as in the third manuscript) have been analyzed to find a universal structure of the problem domain. Then all the mappings between the individual parts of the two domains have been described in order to link the two domains in this direct way. Another way of looking at the gap between the problem domain and the solution domain is by seeing it as a distance of levels of abstraction between results of foundational user research and the final user interface. From this point of view a bridging of the gap can be seen in different intermediate representations (abstract models, sketches, and prototypes) and linking them together in a coherent way. \n \nThese different ways of bridging the gap between foundational user research and the final design of a user interface can be seen as cognitive artifacts to foster problem solving and learning of interaction designers.",https://edoc.unibas.ch/54965/1/2017-diss-chuebscher.pdf,https://edoc.unibas.ch/54965/1/2017-diss-chuebscher.pdf,,green,0,3,sistema=0;relevancia-campo=4,candidato-por-metadados,Descoberta bibliográfica; análise posterior.
20260907T171423Z,1.2.0,"""voice user interface"" design",OpenAlex,https://openalex.org/W4409980203,https://doi.org/10.15758/ajk.2025.27.2.50,Servicescape of Fitness Facilities and Customer Satisfaction: A Comparative Kano Analysis of Korean and Chinese Consumers,2025,Long-Zhe Li; Sung-Kwang Kim; Jinho Yoo; Kyong-ken Choi,article,"OBJECTIVES This study explores the impact of fitness facility servicescapes on customer satisfaction and compares the differences between Korean and Chinese consumers using the Kano model. The research aims to identify key service elements influencing satisfaction, analyze cultural and socioeconomic factors affecting consumer preferences, and provide strategic insights for market-specific service design.METHODS An online survey via Google Forms was conducted with 158 Korean participants (Seoul and Gyeonggi regions) and 216 Chinese participants (Liaoning Province). The Kano model and Timko coefficient were applied to classify service quality attributes (Attractive, One-dimensional, Must-be, Indifferent, Reverse) and quantify satisfaction (SI) and dissatisfaction (DSI) impacts. Six servicescape dimensions (equipment status, facility systems, spatial design, ambiance, accessibility, fitness tech) were analyzed using SPSS 26 for reliability testing (Cronbach’s α ≥ 0.70).RESULTS Korean consumers prioritized Attractive Quality (A) elements like equipment innovation and ambiance (e.g., smart lighting), while Chinese consumers emphasized Must-be Quality (M) for standardized infrastructure. Timko analysis revealed high SI for real-time monitoring systems in Korea and localized digital content in China. Differences in socio-cultural contexts significantly influenced preferences, with Korea favoring tech-integrated experiences and China prioritizing functional reliability.CONCLUSIONS The study highlights culture-specific strategies: Korea should focus on high-tech, emotionally resonant servicescapes, while China requires standardized infrastructure and localized digital content. Integrating the Kano-Timko framework enables dynamic quality management, optimizing resource allocation for global fitness industries.",https://doi.org/10.15758/ajk.2025.27.2.50,http://www.ajkinesiol.org/upload/pdf/ajk-2025-27-2-50.pdf,cc-by-nc,gold,0,3,sistema=0;relevancia-campo=4,candidato-por-metadados,Descoberta bibliográfica; análise posterior.
20260907T171423Z,1.2.0,"""voice user interface"" design",OpenAlex,https://openalex.org/W4405613150,https://doi.org/10.1016/j.jvsvi.2024.100179,The role of artificial intelligence in vascular care,2024,Nehaar Nimmagadda; Edouard Aboian; Sharon C. Kiang; Uwe Fischer,article,"Background Artificial intelligence (AI) is rapidly transforming vascular care by enhancing diagnostic accuracy, streamlining pre-interventional planning, and improving patient outcomes. Given the inherent complexity of vascular conditions and the emergence of big data, AI has emerged as a promising tool to address longstanding challenges in clinical decision-making, surgical precision, and health care efficiency. Methods This review synthesizes recent literature on the integration of AI into vascular care, focusing on its clinical applications, financial implications, and ethical considerations. Specific attention is given to the use of machine learning and deep learning in imaging analysis, AI-driven predictive analytics for patient stratification and risk modeling, and the evolution of robotic-assisted surgical techniques. The review also explores cost-effectiveness data, resource optimization, and challenges such as algorithmic bias and data privacy. Results AI applications in vascular care have demonstrated high accuracy in image interpretation, enhanced risk prediction for postoperative outcomes, and greater precision in robotic-assisted interventions. Machine learning models have improved workflow efficiency, reduced diagnostic errors, and enabled early identification of vascular pathology. Financial models suggest that AI implementation can reduce hospital readmissions, operating time, and resource waste, whereas wearable technology and digital twin models show promise for personalized, real-time patient monitoring. Despite these advances, concerns remain about equitable access, transparency, and clinical integration. Conclusions AI holds significant promise in revolutionizing vascular care by enabling personalized treatment plans, improving procedural outcomes, and optimizing system-level efficiency. However, broader adoption will require ongoing interdisciplinary collaboration, robust data governance, and ethical oversight to ensure that AI-driven solutions are both effective and equitable in clinical practice.",https://doi.org/10.1016/j.jvsvi.2024.100179,https://www.jvsvi.org/article/S2949-9127(24)00127-2/pdf,,gold,0,2,sistema=0;relevancia-campo=2,candidato-por-metadados,Descoberta bibliográfica; análise posterior.
20260907T171423Z,1.2.0,"""voice user interface"" design",OpenAlex,https://openalex.org/W4366547406,https://doi.org/10.1145/3544548.3580981,Visual StoryCoder: A Multimodal Programming Environment for Children’s Creation of Stories,2023,Griffin Dietz; Nadin Tamer; Carina Ly; Jimmy K Le; James A. Landay,conference-paper,"Computational thinking (CT) education reaches only a fraction of young children, in part because CT learning tools often require expensive hardware or fluent literacy. Block-based programming environments address these challenges through symbolic graphical interfaces, but users often need instructor support to advance. Alternatively, voice-based tools provide direct instruction on CT concepts but can present memory and navigation challenges to users. In this work, we present Visual StoryCoder, a multimodal tablet application that combines the strengths of each of these approaches to overcome their respective weaknesses. Visual StoryCoder introduces children ages 5–8 to CT through creative storytelling, offers direct instruction via a pedagogical voice agent, and eases use through a block-like graphical interface. In a between-subjects evaluation comparing Visual StoryCoder to a leading block-based programming app for this age group (N = 24), we show that Visual StoryCoder is more understandable to independent learners, leads to higher-quality code after app familiarization, and encourages personally meaningful projects.",https://doi.org/10.1145/3544548.3580981,https://dl.acm.org/doi/pdf/10.1145/3544548.3580981,cc-by,gold,0,3,sistema=0;relevancia-campo=4,candidato-por-metadados,Descoberta bibliográfica; análise posterior.
20260907T171423Z,1.2.0,"""voice user interface"" design",OpenAlex,https://openalex.org/W4387773313,https://doi.org/10.1145/3597638.3608412,A Large-Scale Mixed-Methods Analysis of Blind and Low-vision Research in ACM and IEEE,2023,Yong-Joon Thoo; Maximiliano Jeanneret Medina; Jon E. Froehlich; Nicolas Ruffieux; Denis Lalanne,conference-paper,"Technologies for blind and low-vision (BLV) people have long been a focus of Human-Computer Interaction (HCI) and accessibility (ASSETS) research. To map and assess this cross-disciplinary field, prior literature reviews have focused on specific BLV research areas (e.g., navigation assistance) or study methodologies (e.g., qualitative methods). In this paper, we provide a more holistic examination, combining both quantitative bibliometric analyses with qualitative assessments. Using keyword queries of terms focused on the human (e.g., people) and their visual status (e.g., blind, low-vision), we first derived a dataset of 880 papers published between 2010-2022 from ACM and IEEE conferences and journals. We then apply a programmatic analysis of this dataset followed by a qualitative analysis of the 100 most-cited papers. Our findings highlight four major research areas: Accessibility at Home & on the Go, Non-Visual Interaction, Orientation & Mobility, and Education. We also capture the diversity of denominations used to refer to the BLV community and their co-occurrences, as well as computer systems targeting both blind and low-vision users with a focus on visual substitution. We close by suggesting areas for future work and hope to stimulate discussions in our field.",https://doi.org/10.1145/3597638.3608412,https://dl.acm.org/doi/pdf/10.1145/3597638.3608412,cc-by-nc,gold,0,3,sistema=0;relevancia-campo=3,candidato-por-metadados,Descoberta bibliográfica; análise posterior.
20260907T171423Z,1.2.0,"""voice user interface"" design",OpenAlex,https://openalex.org/W4385453396,https://doi.org/10.1109/access.2023.3300724,Integrating Technology Acceptance Model With Maslow’s Hierarchy Needs Theory to Investigate Smart Homes Adoption,2023,Yi Yang; Xiaofan Yu; Zongdeng Zhang; Li Gan,article,"The rapid development of technology has led to the prevalence of smart homes as one of the most prominent intelligent devices. This research aims to identify the factors that significantly influence individuals’ intention to use smart homes and provide direction for efficient product positioning and updates. Drawing from the Technology Acceptance Model (TAM), Value-based Adoption Model (VAM), Innovation Diffusion Theory (IDT), and Maslow’s Hierarchy Needs Theory, a comprehensive research model is introduced. The model incorporates external factors such as perceived value (PV), price perception (PP), safety perception (SP), social influence (SI), self-esteem (SE), and visual aesthetics (VA), while self-innovation (SINN) is considered a moderator with a conditional effect between perceived usefulness (PU) and PV. The research model was validated with 405 samples, and exploratory factor analysis was conducted. Structural equation modeling (SEM) was used to analyze the results, which indicate that: 1). customers’ intention to use smart homes is significantly determined by PV and VA through PU and perceived ease of use (PEOU). 2). Additionally, SINN moderates the relationship between PV and PU negatively within a specific interval. 3). SE and SI have slight effects on PU or PEOU, while PP and SP have no direct effect. These empirical results provide valuable conclusions and implications for understanding suitable smart homes for customers and finding actionable directions for smart home development.",https://doi.org/10.1109/access.2023.3300724,https://ieeexplore.ieee.org/ielx7/6287639/6514899/10198413.pdf,,gold,0,1,sistema=0;relevancia-campo=1,candidato-por-metadados,Descoberta bibliográfica; análise posterior.
20260907T171423Z,1.2.0,"""voice user interface"" design",OpenAlex,https://openalex.org/W3198885987,https://doi.org/10.11591/ijeecs.v24.i1.pp473-483,Engaging students to fill surveys using chatbots: University case study,2021,Nadir Belhaj; Abdemounaime Hamdane; Nour El Houda Chaoui; Habiba Chaoui; Moulhime El Bekkali,article,"The use of chatbot or conversational agents is becoming common these days by the companies in many fields to make smart conversations with users. Backed by artificial intelligence and natural language processing they provide a strong platform to engage users. These positive aspects of chatbots can be beneficial in the educational sector, especially in conducting online survey. This study aims to explore the feasibility of a new chatbot approach survey as a new survey method in Moroccan university to overcome the web survey’s common response quality problems. Indeed, having student feedback before and after graduation is essential for university assessment. This new approach keeps students engaged, supportive, and even excited to offer feedback without getting bored and dropping the conversation, especially in Moroccan universities known by an overcrowding of students where it is difficult to get their feedback. This feedback feeds into our university' databases for further reporting and decision making to improve the quality of educational content and student-oriented services. Finally, we have shown the effectiveness of our approach by a comparative data study between the traditional online survey and the use of this chatbot.",https://doi.org/10.11591/ijeecs.v24.i1.pp473-483,http://ijeecs.iaescore.com/index.php/IJEECS/article/download/25897/15562,cc-by-nc,diamond,3,5,sistema=6;relevancia-campo=2,candidato-por-metadados,Descoberta bibliográfica; análise posterior.
20260907T171423Z,1.2.0,"""voice user interface"" design",OpenAlex,https://openalex.org/W4283452397,https://doi.org/10.1145/3501712.3529740,Examining Teenagers’ Perceptions of Conversational Agents in Learning Settings,2022,Ha Nguyen,conference-paper,"Conversational agents (CAs) have gained increasing presence in learning settings. Researchers have explored perceptions of CAs among children and adults, but rarely among teenagers. Understanding how teenagers conceptualize CAs contributes to designing systems to facilitate productive learning for this population. In this study, we surveyed 73 participants in two age groups (30 participants aged 12-13; 43 participants aged 14-15) about their perceptions of a text-based agent’s competence, trustworthiness, and sociability. We asked participants to describe in writing their ideal CAs that incorporate modalities beyond text, such as sound and gesture. We found that younger participants generally viewed the prototype agent as more competent, trustworthy, and sociable. This group more frequently related the agent designs to curricular contexts, while the older group referenced experiences with virtual assistants to desire broad-domain competence. Findings illuminate considerations of experiences in designing CAs’ interactivity and narratives.",https://doi.org/10.1145/3501712.3529740,https://dl.acm.org/doi/pdf/10.1145/3501712.3529740,,bronze,3,6,sistema=2;relevancia-campo=4,candidato-por-metadados,Descoberta bibliográfica; análise posterior.
20260907T171423Z,1.2.0,"""voice user interface"" design",OpenAlex,https://openalex.org/W4387606028,https://doi.org/10.1145/3584931.3607019,"“After she fell asleep, it went to my next podcast, which was about a serial killer”: Unveiling Needs and Expectations Regarding Parental Control within Digital Assistant",2023,Prakriti Dumaru; Mahdi Nasrullah Al-Ameen,conference-paper,"Voice-based digital assistants (for brevity, we term them as ‘digital assistants’ in this paper, unless otherwise specified) are getting increasingly popular in the household to automate digital routines. Hence, with communal usage of digital assistants in the household, children can gain access to content through digital assistants that are intended for adult audiences and parents are concerned about such risks. To this end, we created a low-fidelity prototype with designs of existing Google’s parental control for Google Assistant (termed as baseline), along with our features deriving from prior literature (termed as treatment). Then, we conducted a semi-structured interview with 7 parents to understand their perceptions, needs, and expectations surrounding parental control within digital assistants. As reflected in our results, digital assistants can play different roles in stimulating open communication between parents and children, augmenting parenting responsibilities to induce self-regulation and impulse control in children, and setting boundaries with granularity.",https://doi.org/10.1145/3584931.3607019,https://dl.acm.org/doi/pdf/10.1145/3584931.3607019,cc-by,gold,0,1,sistema=0;relevancia-campo=1,candidato-por-metadados,Descoberta bibliográfica; análise posterior.
20260907T171423Z,1.2.0,"""voice user interface"" design",OpenAlex,https://openalex.org/W4405995363,https://doi.org/10.31058/j.ad.2024.77034,Exploring the Impact of User Interface Design on the User Experience of Elderly,2024,Junlan Ma,article,"As the global population ages, elderly people have become a significant user group for information technology and digital products.User interface design directly impacts their experience with these digital products.However, due to their unique physiological and psychological characteristics, elderly users face numerous challenges when interacting with interfaces.This paper aims to explore the key factors influencing the user interface design experience for elderly users and propose corresponding design strategies and recommendations.The study identifies the main factors affecting elderly user experience as visual perception, operational complexity, information comprehension, feedback mechanisms, and emotional factors.Based on these findings, the paper suggests specific recommendations such as simplifying design, optimizing visual presentation, providing clear feedback, enhancing information comprehensibility, and considering emotional needs to improve the user experience for the elderly.",https://doi.org/10.31058/j.ad.2024.77034,http://www.itspoa.com/UploadFiles/2024-11/369/2024112312022599205.pdf,cc-by,diamond,0,3,sistema=0;relevancia-campo=4,candidato-por-metadados,Descoberta bibliográfica; análise posterior.
20260907T171423Z,1.2.0,"""voice user interface"" design",OpenAlex,https://openalex.org/W4405128828,https://doi.org/10.28991/esj-2024-08-06-012,The Impact of Artificial Intelligence on Digital Marketing: Leveraging Potential in a Competitive Business Landscape,2024,Heny Hendrayati; Mochamad Achyarsyah; Frederic Marimon; Ulil Hartono; Lennora Putit,article,"This study aims to thoroughly investigate how Artificial Intelligence (AI) is strategically integrated into digital marketing practices and its consequential effects on Indonesia’s fiercely competitive business environment. Employing a quantitative research approach, this study meticulously examines Indonesian enterprises’ prevailing strategies for AI utilization. The research method employed in this study is quantitative, with the unit of analysis being Indonesian companies. The sample size comprises 100 companies selected through the stratified random sampling technique. Analysis of the data is conducted using the SPSS statistical package. Through detailed analysis of survey data and advanced statistical techniques, the research reveals a significant positive correlation between the integration of AI in digital marketing and improved marketing effectiveness. The study highlights a noticeable increase in customer engagement metrics and noteworthy enhancements in conversion rates among businesses proficient in leveraging AI technologies, further reinforcing this correlation. Additionally, the findings suggest that companies embracing AI demonstrate significantly heightened adaptability to the constantly evolving market dynamics, strengthening their competitive positioning. These insightful discoveries underscore the critical importance of harnessing AI’s transformative capabilities within digital marketing strategies to sustain and bolster a competitive edge in the marketplace. Furthermore, the study discusses its contributions to existing knowledge and provides practical implications for marketers and business policymakers in Indonesia. Doi: 10.28991/ESJ-2024-08-06-012 Full Text: PDF",https://doi.org/10.28991/esj-2024-08-06-012,https://ijournalse.org/index.php/ESJ/article/download/2463/pdf,cc-by,gold,0,0,sistema=0;relevancia-campo=0,candidato-por-metadados,Descoberta bibliográfica; análise posterior.
20260907T171423Z,1.2.0,"""voice user interface"" design",OpenAlex,https://openalex.org/W3195865573,https://doi.org/10.1016/j.techfore.2021.121105,Fore-sighting autonomous driving - An Ethnographic approach,2021,Thomas Lindgren; Sarah Pink; Vaike Fors,article,"A growing body of Human-Computer-Interaction research and the automotive industry has identified that understanding user needs and creating positive user experience (UX) is crucial in order to successfully introduce Autonomous Driving (AD) vehicles to the market. AD research is commonly undertaken to provide user insights by studying the individual-technology experiences in lab settings or by forecasting attitudes and acceptability through large surveys. However, these approaches base their knowledge on people's past or present expectations and limited real life experiences of AD. To better understand upcoming individual user needs and to enable new innovations beyond acceptability forecasts and UX lab tests, we need to identify new concepts through alternative methodologies that can generate user foresights based on users’ evolving anticipations of AD in their everyday lives. We propose an ethnographic approach with iterative speculative scenarios, which we demonstrate through a study undertaken with participants from five families who were introduced to evolving levels of AD, in real-life situations. To demonstrate the methodology, we draw on empirical findings which reveal anticipatory experiences, which we abstract through the concepts of confidence, hope and being-in-the-moment. We show how these concepts structured our user foresights, and outline the implications of engaging them in innovation processes.",https://doi.org/10.1016/j.techfore.2021.121105,https://www.sciencedirect.com/science/article/pii/S0040162521005382/pdf,cc-by,hybrid,0,3,sistema=0;relevancia-campo=4,candidato-por-metadados,Descoberta bibliográfica; análise posterior.
20260907T171423Z,1.2.0,"""voice user interface"" design",OpenAlex,https://openalex.org/W4319335225,https://doi.org/10.1146/annurev-physchem-061020-053438,"Interactive Quantum Chemistry Enabled by Machine Learning, Graphical Processing Units, and Cloud Computing",2023,Umberto Raucci; Hayley Weir; Sukolsak Sakshuwong; Stefan Seritan; Colton B. Hicks; Fabio Vannucci; Francesco Rea; Todd J. Martı́nez,article,"Modern quantum chemistry algorithms are increasingly able to accurately predict molecular properties that are useful for chemists in research and education. Despite this progress, performing such calculations is currently unattainable to the wider chemistry community, as they often require domain expertise, computer programming skills, and powerful computer hardware. In this review, we outline methods to eliminate these barriers using cutting-edge technologies. We discuss the ingredients needed to create accessible platforms that can compute quantum chemistry properties in real time, including graphical processing units-accelerated quantum chemistry in the cloud, artificial intelligence-driven natural molecule input methods, and extended reality visualization. We end by highlighting a series of exciting applications that assemble these components to create uniquely interactive platforms for computing and visualizing spectra, 3D structures, molecular orbitals, and many other chemical properties.",https://doi.org/10.1146/annurev-physchem-061020-053438,https://www.annualreviews.org/doi/pdf/10.1146/annurev-physchem-061020-053438,cc-by,hybrid,0,0,sistema=0;relevancia-campo=0,candidato-por-metadados,Descoberta bibliográfica; análise posterior.
20260907T171423Z,1.2.0,"""voice user interface"" design",OpenAlex,https://openalex.org/W7163793886,,Design and implementation of intelligent family affairs management system,2026,Jiahang Tian,dissertation,"This thesis presents the design and implementation of an Intelligent Family Affairs Management System. The system aims to reduce household information fragmentation by integrating finance records, health records, inventory items and family schedules into one shared platform. The prototype was implemented with a Uni-app and Vue frontend, a Python Flask backend and a PostgreSQL database. Its main functions include user authentication, household management, a home dashboard, finance management, health management, inventory management, schedule management and AI-assisted input. The system uses a household-centred data model, where shared records are connected to the household context and health records remain associated with individual users. Speech-to-text and large language model-based parsing are used to convert natural language or voice input into structured records. The local verification shows that the prototype can support the main household management workflows and demonstrates the feasibility of an integrated, household-centred and AI-assisted family affairs management system.",https://lutpub.lut.fi/handle/10024/172246,https://lutpub.lut.fi/bitstream/10024/172246/1/Bachelorsthesis_Tian_Jiahang.pdf,,green,0,3,sistema=0;relevancia-campo=3,candidato-por-metadados,Descoberta bibliográfica; análise posterior.
20260907T171423Z,1.2.0,"""voice user interface"" design",OpenAlex,https://openalex.org/W4308875238,https://doi.org/10.3389/fbioe.2022.1010073,"A user-friendly automatic toolbox for hand kinematic analysis, clinical assessment and postural synergies extraction",2022,Martina Lapresa; Loredana Zollo; Francesca Cordella,article,"The clinical assessment of the human hand is typically conducted through questionnaires or tests that include objective (e.g., time) and subjective (e.g., grasp quality) outcome measures. However, there are other important indicators that should be considered to quantify grasp and movement quality in addition to the time needed by a subject to execute a task, and this is essential for human and artificial hands that attempt to replicate the human hand properties. The correct estimation of hand kinematics is fundamental for computing these indicators with high fidelity, and a technical background is typically required to perform this analysis. In addition, to understand human motor control strategies as well as to replicate them on artificial devices, postural synergies were widely explored in recent years. Synergies should be analyzed not only to investigate possible modifications due to musculoskeletal and/or neuromuscular disorders, but also to test biomimetic hands. The aim of this work is to present an open source toolbox to perform all-in-one kinematic analysis and clinical assessment of the hand, as well as to perform postural synergies extraction. In the example provided in this work, the tool takes as input the position of 28 retroreflective markers with a diameter of 6 mm, positioned on specific anatomical landmarks of the hand and recorded with an optoelectronic motion capture system, and automatically performs 1) hand kinematic analysis (i.e., computation of 23 joint angles); 2) clinical assessment, by computing indicators that allow quantifying movement efficiency (Peak Grip Aperture), smoothness (Normalized Dimensionless Jerk Grasp Aperture) and speed (Peak Velocity of Grasp Aperture), planning capabilities (Time to Peak Grip Aperture), spatial posture (Wrist and Finger Joint Angles) and grasp stability (Posture of Hand Finger Joints), and 3) postural synergies extraction and analysis through the Pareto, Scree and Loadings plots. Two examples are described to demonstrate the applicability of the toolbox: the first one aiming at performing a clinical assessment of a volunteer and the second one aiming at extracting and analyzing the volunteer's postural synergies. The tool allows calculating joint angles with high accuracy (reconstruction errors below 4 mm and 3.2 mm for the fingers and wrist respectively) and automatically performing clinical assessment and postural synergies extraction. Results can be visually inspected, and data can be saved for any desired post processing analysis. Custom-made protocols to extract joint angles, based on different markersets, could be also integrated in the toolbox. The tool can be easily exploitable in clinical contexts, as it does not require any particular technical knowledge to be used, as confirmed by the usability evaluation conducted (perceived usability = 94.2 ± 5.4). In addition, it can be integrated with the SynGrasp toolbox to perform grasp analysis of underactuated virtual hands based on postural synergies.",https://doi.org/10.3389/fbioe.2022.1010073,https://www.frontiersin.org/articles/10.3389/fbioe.2022.1010073/pdf,cc-by,gold,0,3,sistema=0;relevancia-campo=3,candidato-por-metadados,Descoberta bibliográfica; análise posterior.
20260907T171423Z,1.2.0,"""voice user interface"" design",OpenAlex,https://openalex.org/W4396832734,https://doi.org/10.1145/3613904.3641932,My Voice as a Daily Reminder: Self-Voice Alarm for Daily Goal Achievement,2024,Jieun Kim; Hayeon Song,conference-paper,"Sticking to daily plans is essential for achieving life goals but challenging in reality. This study presents a self-voice alarm as a novel daily goal reminder. Based on the strong literature on the psychological effects of self-voice, we developed a voice alarm system that reminds users of daily tasks to support their consistent task completion. Over the course of 14 days, participants (N = 63) were asked to complete daily vocabulary tasks when reminded by an alarm (i.e., self-voice vs. other-voice vs. beep sound alarm). The self-voice alarm elicited higher alertness and uncomfortable feelings while fostering more days of task completion and repetition compared to the beep sound alarm. Both self-voice and other-voice alarms increased users’ perceived usefulness of the alarm system. Leveraging both quantitative and qualitative approaches, we provide a practical guideline for designing voice alarm systems that will foster users’ behavioral changes to achieve daily goals.",https://doi.org/10.1145/3613904.3641932,https://dl.acm.org/doi/pdf/10.1145/3613904.3641932,,gold,0,1,sistema=0;relevancia-campo=1,candidato-por-metadados,Descoberta bibliográfica; análise posterior.
20260907T171423Z,1.2.0,"""voice user interface"" design",OpenAlex,https://openalex.org/W4221138906,https://doi.org/10.48550/arxiv.2202.03689,A Decision Support Design Framework for Selecting a Robotic Interface,2022,Shreepriya Gonzalez Jimenez; Danilo Gallo; Ricardo Sosa; Eduardo Benítez Sandoval; Tommasso Colombino; Antonietta Grasso,preprint,"The design and development of robots involve the essential step of selecting and testing robotic interfaces. This interface selection requires careful consideration as the robot's physical embodiment influences and adds to the traditional interfaces' complexities. Our paper presents a decision support design framework for the a priori selection of robotic interface that was inductively formulated from our case study of designing a robot to collaborate with employees with cognitive disabilities. Our framework outlines the interface requirements according to User, Robot, Tasks and Environment and facilitates a structured comparison of interfaces against those requirements. The framework is assessed for its potential applicability and usefulness through a qualitative study with HRI experts. The framework is appreciated as a systematic tool that enables documentation and discussion, and identified issues inform the frameworks' iteration. The themes of ownership of this process in interdisciplinary teams and its role in iteratively designing interfaces are discussed.",http://arxiv.org/abs/2202.03689,https://arxiv.org/pdf/2202.03689,,green,0,2,sistema=0;relevancia-campo=2,candidato-por-metadados,Descoberta bibliográfica; análise posterior.
20260907T171423Z,1.2.0,"""voice user interface"" design",OpenAlex,https://openalex.org/W3158424559,https://doi.org/10.1145/3316782.3322764,The EMPATHIC project,2019,M. Inés Torres; Javier Mikel Olaso; C. Montenegro; Roberto Santana; Alain Vázquez; Raquel Justo; José A. Lozano; Stephan Schlögl; Gérard Chollet; Nazım Dugan; M. Irvine; N. Glackin; Colin Pickard; Anna Esposito; Gennaro Cordasco; Alda Troncone; Dijana Petrovska‐Delacrétaz; Aymen Mtibaa; Mohamed Amine Hmani; Maria Stylianou Korsnes; Liva J. Martinussen; Sérgio Escalera; C. Palmero Cantariño; Olivier Deroo; Olga Gordeeva; J. Tenorio-Laranga; Eduardo González–Fraile; B. Fernández-Ruanova; Ana González‐Pinto,conference-paper,"The goal of active aging is to promote changes in the elderly community so as to maintain an active, independent and socially-engaged lifestyle. Technological advancements currently provide the necessary tools to foster and monitor such processes. This paper reports on mid-term achievements of the European H2020 EMPATHIC project, which aims to research, innovate, explore and validate new interaction paradigms and platforms for future generations of personalized virtual coaches to assist the elderly and their carers to reach the active aging goal, in the vicinity of their home. The project focuses on evidence-based, user-validated research and integration of intelligent technology, and context sensing methods through automatic voice, eye and facial analysis, integrated with visual and spoken dialogue system capabilities. In this paper, we describe the current status of the system, with a special emphasis on its components and their integration, the creation of a Wizard of Oz platform, and findings gained from user interaction studies conducted throughout the first 18 months of the project.",http://hdl.handle.net/10810/49136,http://addi.ehu.es/bitstream/10810/49136/6/PETRA_workshop_EMPATHIC-2.pdf,other-oa,green,3,6,sistema=2;relevancia-campo=3,candidato-por-metadados,Descoberta bibliográfica; análise posterior.
20260907T171423Z,1.2.0,"""voice user interface"" design",OpenAlex,https://openalex.org/W3094588931,https://doi.org/10.1145/3379337.3415592,ReMap,2020,C. Ailie Fraser; Julia M. Markel; N. James Basa; Mira Dontcheva; Scott Klemmer,conference-paper,"People often seek help online while using complex software. Currently, information search takes users' attention away from the task at hand by creating a separate search task. This paper investigates how multimodal interaction can make in-task help-seeking easier and faster. We introduce ReMap, a multimodal search interface that helps users find video assistance while using desktop and web applications. Users can speak search queries, add application-specific terms deictically (e.g., ""how to erase this""), and navigate search results via speech, all without taking their hands (or mouse) off their current task. Thirteen participants who used ReMap in the lab found that it helped them stay focused on their task while simultaneously searching for and using learning videos. Users' experiences with ReMap also raised a number of important challenges with implementing system-wide context-aware multimodal assistance.",https://doi.org/10.1145/3379337.3415592,,,closed,0,3,sistema=0;relevancia-campo=5,candidato-por-metadados,Descoberta bibliográfica; análise posterior.
20260907T171423Z,1.2.0,"""voice user interface"" design",OpenAlex,https://openalex.org/W3208423362,https://doi.org/10.3390/electronics10212620,Using Advanced Learning Technologies with University Students: An Analysis with Machine Learning Techniques,2021,María Consuelo Sáiz Manzanares; Raúl Marticorena Sánchez; Javier Ochoa-Orihuel,article,"The use of advanced learning technologies (ALT) techniques in learning management systems (LMS) allows teachers to enhance self-regulated learning and to carry out the personalized monitoring of their students throughout the teaching–learning process. However, the application of educational data mining (EDM) techniques, such as supervised and unsupervised machine learning, is required to interpret the results of the tracking logs in LMS. The objectives of this work were (1) to determine which of the ALT resources would be the best predictor and the best classifier of learning outcomes, behaviours in LMS, and student satisfaction with teaching; (2) to determine whether the groupings found in the clusters coincide with the students’ group of origin. We worked with a sample of third-year students completing Health Sciences degrees. The results indicate that the combination of ALT resources used predict 31% of learning outcomes, behaviours in the LMS, and student satisfaction. In addition, student access to automatic feedback was the best classifier. Finally, the degree of relationship between the source group and the found cluster was medium (C = 0.61). It is necessary to include ALT resources and the greater automation of EDM techniques in the LMS to facilitate their use by teachers.",https://doi.org/10.3390/electronics10212620,https://www.mdpi.com/2079-9292/10/21/2620/pdf?version=1635321268,cc-by,gold,0,0,sistema=0;relevancia-campo=0,candidato-por-metadados,Descoberta bibliográfica; análise posterior.
20260907T171423Z,1.2.0,"""voice user interface"" design",OpenAlex,https://openalex.org/W3133659836,https://doi.org/10.1007/s11042-022-13359-0,FootApp: An AI-powered system for football match annotation,2022,Silvio Barra; Salvatore Carta; Alessandro Giuliani; Alessia Pisu; Alessandro Sebastian Podda; Daniele Riboni,article,"Abstract In the last years, scientific and industrial research has experienced a growing interest in acquiring large annotated data sets to train artificial intelligence algorithms for tackling problems in different domains. In this context, we have observed that even the market for football data has substantially grown. The analysis of football matches relies on the annotation of both individual players’ and team actions, as well as the athletic performance of players. Consequently, annotating football events at a fine-grained level is a very expensive and error-prone task. Most existing semi-automatic tools for football match annotation rely on cameras and computer vision. However, those tools fall short in capturing team dynamics and in extracting data of players who are not visible in the camera frame. To address these issues, in this manuscript we present FootApp, an AI-based system for football match annotation. First, our system relies on an advanced and mixed user interface that exploits both vocal and touch interaction. Second, the motor performance of players is captured and processed by applying machine learning algorithms to data collected from inertial sensors worn by players. Artificial intelligence techniques are then used to check the consistency of generated labels, including those regarding the physical activity of players, to automatically recognize annotation errors. Notably, we implemented a full prototype of the proposed system, performing experiments to show its effectiveness in a real-world adoption scenario.",https://doi.org/10.1007/s11042-022-13359-0,https://link.springer.com/content/pdf/10.1007/s11042-022-13359-0.pdf,cc-by,hybrid,0,3,sistema=0;relevancia-campo=4,candidato-por-metadados,Descoberta bibliográfica; análise posterior.
20260907T171423Z,1.2.0,"""voice user interface"" design",OpenAlex,https://openalex.org/W7171935924,https://doi.org/10.29137/ijerad.1848249,Voice Recognition Based Home Automation System Design and Application,2026,Zaw Lin Oo; Theint Win LAI; Aung MOE,article,"The adoption of home automation is accelerating, driven by its role in enhancing security, comfort, and quality of life. This project details the design and implementation of a voice-controlled home automation system utilizing an Android application. The primary objective is to assist elderly and disabled individuals living independently by simplifying appliance control. Traditionally, managing multiple devices requires numerous remote controls and switches, which can be challenging. This system allows users to operate electronic devices via voice commands sent from a smartphone to an Arduino microcontroller over Bluetooth. The Android application converts speech into text commands, which are then transmitted to the microcontroller to activate the corresponding relays connected to household appliances. This approach offers a secure and personalized interface, as voice profiles can be restricted to authorized household members.",https://doi.org/10.29137/ijerad.1848249,https://dergipark.org.tr/en/download/article-file/5535236,,diamond,0,2,sistema=0;relevancia-campo=2,candidato-por-metadados,Descoberta bibliográfica; análise posterior.
20260907T171423Z,1.2.0,"""voice user interface"" design",OpenAlex,https://openalex.org/W4323537050,https://doi.org/10.1145/3568294.3580168,Examining the State of Robot Identity,2023,Lux Miranda; Ginevra Castellano; Katie Winkle,conference-paper,"Human-robot interaction has the power to influence human norms and culture. While there is potential benefit in using this power to create positive social change, so too is there risk in merely reinforcing existing social biases which uphold systems of oppression. As the most salient forms of oppression arise along lines of social identity, it stands to reason that we must take utmost care in leveraging human-like identity cues when designing social robots and other agentic embodiments. Yet, the understanding of how to do this is not well-developed. Towards forming an ethics of robot identity, we begin by surveying the state of thought on the topic in human-robot interaction. We do this by conducting a structured review of HRI conference proceedings analyzed from a feminist, intersectional perspective. Our initial findings suggest that existing literature has not fully engaged with intersectionality, embodies an alarming pathologization of neurodivergence, and almost wholly neglects the examination of race.",https://doi.org/10.1145/3568294.3580168,https://dl.acm.org/doi/pdf/10.1145/3568294.3580168,cc-by,gold,0,3,sistema=0;relevancia-campo=3,candidato-por-metadados,Descoberta bibliográfica; análise posterior.
20260907T171423Z,1.2.0,"""voice user interface"" design",OpenAlex,https://openalex.org/W4394990257,https://doi.org/10.1016/j.entcom.2024.100693,The role of microtransactions in impulse buying and purchase intention in the video game market,2024,Paulo Rita; João Guerreiro; Ricardo F. Ramos; Ricardo G. Caetano,article,"Despite having great potential, microtransactions are an understudied business model in the video game industry. The current study explores the buying process of microtransactions to highlight the most important factors affecting such behavior. Using pre-validated scales, a questionnaire was administered online to 301 participants who were asked to evaluate their impulse buying tendency (IBT) and purchase intention (PI) for microtransactions within gaming scenarios. The study found a positive relationship between drivers, such as performance, hedonic content and social factors, flow experience, and impulse buying. This tendency leads to a higher intention to purchase microtransactions. Businesses can utilize the paper’s findings to tailor their microtransaction content to these drivers, leading to higher profits.",https://doi.org/10.1016/j.entcom.2024.100693,https://www.sciencedirect.com/science/article/pii/S1875952124000612,cc-by,hybrid,0,0,sistema=0;relevancia-campo=0,candidato-por-metadados,Descoberta bibliográfica; análise posterior.
20260907T171423Z,1.2.0,"""voice user interface"" design",OpenAlex,https://openalex.org/W4385135972,https://doi.org/10.1007/s00146-023-01715-z,Measuring perceived empathy in dialogue systems,2023,Shauna Concannon; Marcus Tomalin,article,"Abstract Dialogue systems, from Virtual Personal Assistants such as Siri, Cortana, and Alexa to state-of-the-art systems such as BlenderBot3 and ChatGPT, are already widely available, used in a variety of applications, and are increasingly part of many people’s lives. However, the task of enabling them to use empathetic language more convincingly is still an emerging research topic. Such systems generally make use of complex neural networks to learn the patterns of typical human language use, and the interactions in which the systems participate are usually mediated either via interactive text-based or speech-based interfaces. In human–human interaction, empathy has been shown to promote prosocial behaviour and improve interaction. In the context of dialogue systems, to advance the understanding of how perceptions of empathy affect interactions, it is necessary to bring greater clarity to how empathy is measured and assessed. Assessing the way dialogue systems create perceptions of empathy brings together a range of technological, psychological, and ethical considerations that merit greater scrutiny than they have received so far. However, there is currently no widely accepted evaluation method for determining the degree of empathy that any given system possesses (or, at least, appears to possess). Currently, different research teams use a variety of automated metrics, alongside different forms of subjective human assessment such as questionnaires, self-assessment measures and narrative engagement scales. This diversity of evaluation practice means that, given two DSs, it is usually impossible to determine which of them conveys the greater degree of empathy in its dialogic exchanges with human users. Acknowledging this problem, the present article provides an overview of how empathy is measured in human–human interactions and considers some of the ways it is currently measured in human–DS interactions. Finally, it introduces a novel third-person analytical framework, called the Empathy Scale for Human–Computer Communication (ESHCC), to support greater uniformity in how perceived empathy is measured during interactions with state-of-the-art DSs.",https://doi.org/10.1007/s00146-023-01715-z,https://link.springer.com/content/pdf/10.1007/s00146-023-01715-z.pdf,cc-by,hybrid,3,6,sistema=1;relevancia-campo=5,candidato-por-metadados,Descoberta bibliográfica; análise posterior.
20260907T171423Z,1.2.0,"""voice user interface"" design",OpenAlex,https://openalex.org/W4391272479,https://doi.org/10.48550/arxiv.2401.13970,CUI@CHI 2024: Building Trust in CUIs-From Design to Deployment,2024,Smit Desai; Christina Ziying Wei; Jaisie Sin; Mateusz Dubiel; Nima Zargham; Shashank Ahire; Martin Porcheron; Anastasia Kuzminykh; Minha Lee; Heloísa Candello; Joel E. Fischer; Cosmin Munteanu; Benjamin R. Cowan,preprint,"Conversational user interfaces (CUIs) have become an everyday technology for people the world over, as well as a booming area of research. Advances in voice synthesis and the emergence of chatbots powered by large language models (LLMs), notably ChatGPT, have pushed CUIs to the forefront of human-computer interaction (HCI) research and practice. Now that these technologies enable an elemental level of usability and user experience (UX), we must turn our attention to higher-order human factors: trust and reliance. In this workshop, we aim to bring together a multidisciplinary group of researchers and practitioners invested in the next phase of CUI design. Through keynotes, presentations, and breakout sessions, we will share our knowledge, identify cutting-edge resources, and fortify an international network of CUI scholars. In particular, we will engage with the complexity of trust and reliance as attitudes and behaviours that emerge when people interact with conversational agents.",http://arxiv.org/abs/2401.13970,https://arxiv.org/pdf/2401.13970,cc-by,green,3,6,sistema=6;relevancia-campo=7,candidato-por-metadados,Descoberta bibliográfica; análise posterior.
20260907T171423Z,1.2.0,"""voice user interface"" design",OpenAlex,https://openalex.org/W3087135672,https://doi.org/10.1007/s10796-020-10067-8,Appropriating Information Technology Artefacts through Trial and Error: The Case of the Tablet,2020,Efpraxia D. Zamani; Nancy Pouloudi; George M. Giaglis; Jonathan Wareham,article,,https://doi.org/10.1007/s10796-020-10067-8,https://link.springer.com/content/pdf/10.1007/s10796-020-10067-8.pdf,,bronze,0,0,sistema=0;relevancia-campo=0,candidato-por-metadados,Descoberta bibliográfica; análise posterior.
20260907T171423Z,1.2.0,"""voice user interface"" design",OpenAlex,https://openalex.org/W4225102318,https://doi.org/10.1145/3491101.3519870,"“Alexa, Do You Want to Build a Snowman?” Characterizing Playful Requests to Conversational Agents",2022,Chen Shani; Alexander Libov; Sofia Tolmach; Liane Lewin-Eytan; Yoelle Maarek; Dafna Shahaf,conference-paper,"Conversational Agents (CAs) such as Apple’s Siri and Amazon’s Alexa are well-suited for task-oriented interactions (“Call Jason”), but other interaction types are often beyond their capabilities. One notable example is playful requests: for example, people ask their CAs personal questions (“What’s your favorite color?”) or joke with them, sometimes at their expense (“Find Nemo”). Failing to recognize playfulness causes user dissatisfaction and abandonment, destroying the precious rapport with the CA.",https://doi.org/10.1145/3491101.3519870,https://dl.acm.org/doi/pdf/10.1145/3491101.3519870,,bronze,3,6,sistema=2;relevancia-campo=3,candidato-por-metadados,Descoberta bibliográfica; análise posterior.
20260907T171423Z,1.2.0,"""voice user interface"" design",OpenAlex,https://openalex.org/W2943747943,https://doi.org/10.1145/3290607.3299009,Mapping Theoretical and Methodological Perspectives for Understanding Speech Interface Interactions,2019,Leigh Clark; Benjamin R. Cowan; Justin Edwards; Cosmin Munteanu; Christine Murad; Matthew P. Aylett; Roger K. Moore; Jens Edlund; Éva Székely; Patrick G. T. Healey; Naomi Harte; Ilaria Torre; Philip R. Doyle,conference-paper,"The use of speech as an interaction modality has grown considerably through the integration of Intelligent Personal Assistants (IPAs- e.g. Siri, Google Assistant) into smartphones and voice based devices (e.g. Amazon Echo). However, there remain significant gaps in using theoretical frameworks to understand user behaviours and choices and how they may applied to specific speech interface interactions. This part-day multidisciplinary workshop aims to critically map out and evaluate theoretical frameworks and methodological approaches across a number of disciplines and establish directions for new paradigms in understanding speech interface user behaviour. In doing so, we will bring together participants from HCI and other speech related domains to establish a cohesive, diverse and collaborative community of researchers from academia and industry with interest in exploring theoretical and methodological issues in the field.",http://hdl.handle.net/10197/10689,http://hdl.handle.net/10197/10689,,green,0,3,sistema=0;relevancia-campo=3,candidato-por-metadados,Descoberta bibliográfica; análise posterior.
20260907T171423Z,1.2.0,"""voice user interface"" design",OpenAlex,https://openalex.org/W4414493703,https://doi.org/10.62425/at.1727769,Interactions of the Future: The Relationship Between Screenless Interfaces and User Experience Design,2025,Sevim Burçak Maraşlı; Ziyacan Bayar,article,"Traditional screen-based interfaces are evolving into a new era due to rapid technological advancements and shifting user needs. At the core of this evolution lies Anderson's 1989 vision of computer technology becoming transparent and invisible to the user. Similarly, in the mid-1990s, Weiser laid the foundation for this transformation by arguing that the fundamentals of human-computer interaction should be reconsidered. He proposed that a “disappearing” or “invisible” form of computing offers a more natural and manageable mode of interaction between humans and machines. In the 2000s, Rosalind W. Picard contributed to this discourse by asserting that, if computers are to engage in natural interactions with humans, they must be equipped with the ability to recognize, understand, and even express emotions. She advocated for computers that not only respond to user commands but also proactively act based on the user’s emotional and physiological states. These perspectives collectively form the foundation of the concept of Screenless Interfaces. With the proliferation of the Internet of Things (IoT) and the advancement of human-machine interaction, user experiences that do not require screens are gaining prominence. Screenless Interfaces engage users through alternative sensory inputs such as voice, touch, motion, and other perceptual modes. These interactions provide users with natural, responsive, and personalized experiences, opening new possibilities in the field of User Experience (UX) Design and fostering direct relationships between users and systems. The aim of this study is to define the concept of Screenless Interfaces, which has become increasingly integrated into contemporary life, and to examine their impact on User Experience Design. To this end, a literature review is conducted to analyze the recent history of Screenless Interfaces and to explore their relationship with UX. Additionally, through the analysis of films and television series, the study discusses the innovative contributions and potential interface designs that Screenless Interfaces may offer to future interaction products. By presenting its findings, the study seeks to shed light on the concept and future of Screenless Interfaces, and to articulate their connection with User Experience Design.",https://doi.org/10.62425/at.1727769,https://dergipark.org.tr/en/download/article-file/4993144,cc-by-nc,diamond,0,3,sistema=0;relevancia-campo=6,candidato-por-metadados,Descoberta bibliográfica; análise posterior.
20260907T171423Z,1.2.0,"""voice user interface"" design",OpenAlex,https://openalex.org/W2333701406,https://doi.org/10.1061/40794(179)102,Speech — Enabled Handheld Computing for Fieldwork,2005,Irina Kondratova,conference-paper,"This paper discusses the advantages and challenges of using speech recognition on mobile devices, for field data collection and real-time communication. Multimodal and voice technology, for speech-enabled information retrieval and input, using mobile phones or handheld computing devices is explained. Multimodal technology enables more complete information communication and supports timely and effective decision-making. It also helps to overcome the limitations imposed by the small screen of mobile devices. The paper describes several prototype, industrial, mobile solutions developed for the field entry of data and real-time communication that utilize voice and multimodal interaction. In one of these projects, a field concrete inspector can enter inspection results using variable interaction modalities such as speech, stylus, or keyboard on a handheld device, or speech-only on a mobile phone. The author describes prototype applications developed, and presents several usage scenarios for field and maintenance applications, as well as for emergency response.",https://nrc-publications.canada.ca/eng/view/object/?id=54c44509-bcbe-4673-8079-d1c6a8324426,https://nrc-publications.canada.ca/eng/view/accepted/?id=54c44509-bcbe-4673-8079-d1c6a8324426,,green,0,3,sistema=0;relevancia-campo=3,candidato-por-metadados,Descoberta bibliográfica; análise posterior.
20260907T171423Z,1.2.0,"""voice user interface"" design",OpenAlex,https://openalex.org/W7135081620,https://doi.org/10.1177/29776481261426495,"Futures – Scenarios, Options and Agency – Preliminary Results",2026,Peter Childs; Bruce Garvey; Elena Dieckmann; Maaike Kleinsmann; P. Wang; Buz Barstow; Robert W. Rouse; Thrishantha Nanayakkara; Andrew Brand; C. Zhao; Yixin Zou,article,"A wide range of methodologies are available for predicting the future such as foresight. Such approaches have been widely deployed by organisations and governments to explore potential developments for purposes of planning, resilience, mitigation and adaptation. The differing methods employ a range of qualitative, quantitative and mixed methodology research tools. The future is subject to dynamic intervention as embodied in innovation and the phrase that ‘if you wish to know the future, design it’. The advent of widespread use of artificial intelligence, robotics, neurotechnology and continuous advance in each of the domains is impacting many if not all aspects of society. This review uses diverse methodologies to explore developments within a defined time horizon, a generation taken as approximately 25 years, focussed on 2050, across a range of domains and topics subject to multi, cross, inter and transdisciplinary practice. Although all domains are considered along with major influences on society, a focus is given to eight domains, medicine, robotics, photonics, materials, AI, space, physics and behavioural science, in particular, as representative examples of changes expected. Major societal and behavioural drivers identified in this presentation of preliminary data from the study include well-being, authenticity and sustainability, the steady influence of established philosophy and religion, emerging social media influences, thinking and developments arising from transcending our planetary boundaries, and the impact of disciplinary boundary morphing approaches on innovation in both established and emerging domains.",https://doi.org/10.1177/29776481261426495,,cc-by,hybrid,0,1,sistema=0;relevancia-campo=1,candidato-por-metadados,Descoberta bibliográfica; análise posterior.
20260907T171423Z,1.2.0,"""voice user interface"" design",OpenAlex,https://openalex.org/W2023435711,https://doi.org/10.1109/maes.2013.6477866,Design of an embedded speech-centric interface for applications in handheld terminals,2013,Ascensión Gallardo-Antolín; Ana I. García-Moral; Yago Pereiro-Estevan; Fernando Díaz-de-María,article,"The embedded speech-centric interface for handheld wireless devices has been implemented on a commercially available PDA as a part of an application that allows real-time access to stock prices through GPRS. In this article, we have focused mainly in the optimization of the ASR subsystem for minimizing the use of the handheld computational resources. This optimization has been accomplished through the fixed-point implementation of all the algorithms involved in the ASR subsystem and the use of PCA to reduce the feature vector dimensionality. The influence of several parameters, such as the Qn resolution in the fixed-point implementation and the number of PCA components retained, have been studied and evaluated in the ASR subsystem, obtaining word recognition rates of around 96% for the best configuration. Finally, a field evaluation of the system has been performed showing that our design of the speech centric interface achieved good results in a real-life scenario.",http://hdl.handle.net/10016/32895,https://e-archivo.uc3m.es/bitstreams/52763704-656b-426c-8453-ccb756bfd8fa/download,other-oa,green,0,3,sistema=0;relevancia-campo=3,candidato-por-metadados,Descoberta bibliográfica; análise posterior.
20260907T171423Z,1.2.0,"""voice user interface"" design",OpenAlex,https://openalex.org/W4380301346,https://doi.org/10.1145/3596259,RF-Mic,2023,Yunzhong Chen; Jiadi Yu; Linghe Kong; Hao Kong; Yanmin Zhu; Yi‐Chao Chen,article,"Eavesdropping on human voice is one of the most common but harmful threats to personal privacy. Glasses are in direct contact with human face, which could sense facial motions when users speak, so human speech contents could be inferred by sensing the movements of glasses. In this paper, we present a live voice eavesdropping method, RF-Mic, which utilizes common glasses attached with a low-cost RFID tag to sense subtle facial speech dynamics for inferring possible voice contents. When a user with a glasses, which is attached an RFID tag on the glass bridge, is speaking, RF-Mic first collects RF signals through forward propagation and backscattering. Then, body motion interference is eliminated from the collected RF signals through a proposed Conditional Denoising AutoEncoder (CDAE) network. Next, RF-Mic extracts three kinds of facial speech dynamic features (i.e., facial movements, bone-borne vibrations, and airborne vibrations) by designing three different deep-learning models. Based on the extracted features, a facial speech dynamics model is constructed for live voice eavesdropping. Extensive experiments in different real environments demonstrate that RF-Mic can achieve robust and accurate human live voice eavesdropping.",https://doi.org/10.1145/3596259,https://dl.acm.org/doi/pdf/10.1145/3596259,,bronze,0,1,sistema=0;relevancia-campo=1,candidato-por-metadados,Descoberta bibliográfica; análise posterior.
20260907T171423Z,1.2.0,"""voice user interface"" design",OpenAlex,https://openalex.org/W4407864145,https://doi.org/10.22616/esrd.2022.56.047,Digital transformation in tourism: opportunities and challenges,2022,Inita Kindzule-Millere; S. Zēverte-Rivz̆a,conference-paper,"Digital transformation and the concept of industry 4.0 has revolutionized the tourism industry in recent decades and has become an important aspect for tourism enterprise competitiveness, growth and sustainability. Digitalisation and technological development are changing people’s lives, habits, work, behaviour, perceptions and decision making, and have opened new opportunities for travel enterprises to be competitive in the global market. This article provides an analysis of the most recent literature focused on digital transformation in tourism, concept of tourism 4.0 and digital technologies such as artificial intelligence, virtual reality, augmented reality, big data, the Internet of Things, blockchain, mobile technologies, cloud computing, robotics and social media in tourism. The article discusses the main opportunities that affect the digital transformation in tourism. Digitalisation adds value to tourism products and experiences, provides many new opportunities for businesses and helps achieve long-term competitive advantage and customer satisfaction. Innovation and the creation of new technological solutions are highly recommended for tourism enterprises that want to compete, grow and increase productivity and management. The current study also identifies the challenges of digital transformation in tourism and proposes areas for future research.",https://doi.org/10.22616/esrd.2022.56.047,https://doi.org/10.22616/esrd.2022.56.047,,bronze,0,1,sistema=0;relevancia-campo=1,candidato-por-metadados,Descoberta bibliográfica; análise posterior.
20260907T171423Z,1.2.0,"""voice user interface"" design",OpenAlex,https://openalex.org/W4409972111,https://doi.org/10.32734/cjcs.v2i02.18686,Digital Communication Through Design: Indonesian Workers' Experiences with Voice Assistants,2024,Chindy Elsanna Revadi; Khairullah Zikri; Akbar Gading; Monica R. A Simanjuntak,article,"Voice assistants have transformed how people communicate with smart devices, enhancing productivity through AI. This study examined the usability and satisfaction of Indonesian workers when using Google Voice Assistants in Bahasa and English, incorporating industrial design principles. All participants, of working age, regularly used these voice assistants in both languages. Using the System Usability Scale system, they performed practical tasks in real-world conditions. A statistical analysis revealed significant differences in usability and satisfaction between the languages. The findings highlight notable distinctions in the communication experience between Bahasa and English. This research underscores the role of industrial design in refining AI voice assistant interfaces to better facilitate diverse linguistic interactions and optimize user productivity. Keyword: Voice Assistant, design, communication.",https://doi.org/10.32734/cjcs.v2i02.18686,https://talenta.usu.ac.id/cjcs/article/download/18686/8049,,bronze,3,6,sistema=2;relevancia-campo=6,candidato-por-metadados,Descoberta bibliográfica; análise posterior.
20260907T171423Z,1.2.0,"""voice user interface"" design",OpenAlex,https://openalex.org/W3162679618,,Frameworks und Tools zur Interfaceentwicklung von IoT-Anwendungen,2017,Dominikus Weiger,dissertation,"Egal ob Smart City, Smart Home oder als kleine Alltagshilfen, das Internet der Dinge ist heutzutage allgegenwärtig. Um die Dinge der vernetzten Welt nutzen zu können, benötigt man in der Regel ein User Interface. Es gibt verschiedenste Möglichkeiten für den Menschen, mit vernetzten Dingen zu kommunizieren. Es kann über ein Voice User Interface (VUI) mit der Sprache kommuniziert werden oder sogar bereits nur mit Gedanken über sogenannte Brain User Interfaces (BUI). Eine zentrale Rolle hat momentan vor allem das Smartphone, welches als leistungsstarker, dauerhafter Begleiter im Alltag durch eingebaute Sensoren und Kommunikationsmöglichkeiten wie Wifi, Bluetooth oder NFC, ein ideales Interface zum IoT bietet. Das Smartphone, sowie bereits viele Mikrocontroller, bieten zudem die Möglichkeit mit Internettechnologien wie HTML, CSS und JavaScript programmiert zu werden. Somit sind Webentwickler in der Lage, komplette IoT-Anwendungen zu implementieren. Für die webtechnologienbasierte User-Interfaceentwicklung des Smartphones bieten sich Frameworks wie Ionic, React Native, NativeScript oder Evothings an. Zu diesen vier Frameworks wird ein fundierter Vergleich durchgeführt, der Aufschluss über die Einsetzbarkeit der Frameworks bei einer IoT-Anwendung gibt. Ionic steht bei diesem Vergleich beispielsweise durch eine große Community, oder unzählige UI-Elemente mit hoher Usability, an erster Stelle. Die Möglichkeiten von Ionic werden anhand der App für den smarten Briefkasten Mail-E verdeutlicht.",https://opus.hs-offenburg.de/frontdoor/index/index/docId/2308,https://opus.hs-offenburg.de/files/2308/Abschlussarbeit_Dominikus_Weiger.pdf,,green,3,5,sistema=1;relevancia-campo=2,candidato-por-metadados,Descoberta bibliográfica; análise posterior.
20260907T171423Z,1.2.0,"""voice user interface"" design",OpenAlex,https://openalex.org/W4415543945,https://doi.org/10.56025/ijaresm.2025.1310250756,Mathematics behind Aesthetics: The Role of Mathematical Theories in Product Design,2025,Mishka Sarebahi; Anushaa V Gupta,article,"The disciplinary practices that are at the root of the contemporary field of design have a fundamental nature based on mathematical constructs. Their use is a foundation of issues such as the methodology of production, the usability of a product, the visual integrity, the functionality, and the efficiency of operation. This paper hypothesizes that mathematical frameworks, specifically the Golden Ratio, the symmetry-centered formulations, fractal structures, topological concepts, and optimization systems, are indispensable heuristics that allow creative, but practically informed decision-making in design. Value of such tools in future product development ranges from conceptual sketching to prototyping and, at the final stage, to large-scale manufacture.",https://doi.org/10.56025/ijaresm.2025.1310250756,https://doi.org/10.56025/ijaresm.2025.1310250756,cc-by,hybrid,0,3,sistema=0;relevancia-campo=3,candidato-por-metadados,Descoberta bibliográfica; análise posterior.
20260907T171423Z,1.2.0,"""voice user interface"" design",OpenAlex,https://openalex.org/W3147352242,https://doi.org/10.3390/electronics10070793,On the Gap between Domestic Robotic Applications and Computational Intelligence,2021,Junpei Zhong; Chaofan Ling; Angelo Cangelosi; Ahmad Lotfi; Xiaofeng Liu,article,"Aspired to build intelligent agents that can assist humans in daily life, researchers and engineers, both from academia and industry, have kept advancing the state-of-the-art in domestic robotics. With the rapid advancement of both hardware (e.g., high performance computing, smaller and cheaper sensors) and software (e.g., deep learning techniques and computational intelligence technologies), robotic products have become available to ordinary household users. For instance, domestic robots have assisted humans in various daily life scenarios to provide: (1) physical assistance such as floor vacuuming; (2) social assistance such as chatting; and (3) education and cognitive assistance such as offering partnerships. Crucial to the success of domestic robots is their ability to understand and carry out designated tasks from human users via natural and intuitive human-like interactions, because ordinary users usually have no expertise in robotics. To investigate whether and to what extent existing domestic robots can participate in intuitive and natural interactions, we survey existing domestic robots in terms of their interaction ability, and discuss the state-of-the-art research on multi-modal human–machine interaction from various domains, including natural language processing and multi-modal dialogue systems. We relate domestic robot application scenarios with state-of-the-art computational techniques of human–machine interaction, and discuss promising future directions towards building more reliable, capable and human-like domestic robots.",https://doi.org/10.3390/electronics10070793,https://www.mdpi.com/2079-9292/10/7/793/pdf?version=1617937282,cc-by,gold,3,6,sistema=1;relevancia-campo=4,candidato-por-metadados,Descoberta bibliográfica; análise posterior.
20260907T171423Z,1.2.0,"""voice user interface"" design",OpenAlex,https://openalex.org/W7133570768,,Speech recognition assisted by large language models to command software orally -- Application to an augmented and virtual reality web app for immersive molecular graphics,2026,Fabio Cortés Rodríguez; Luciano A. Abriata,preprint,"This project successfully developed, evaluated and integrated a Voice User Interface (VUI) into a web application that we are developing for immersive molecular graphics. Said app provides augmented and virtual reality (AR and VR) environments where users manipulate molecules with their hands, but this means the hands can't be used to control the app through a regular mouse- and keyboard-based GUI. The speech-based VUI system developed here alleviates this problem, making it easy to control the app via natural spoken (or typed) commands. To achieve this VUI we evaluated two distinct Automated Speech Recognition (ASR) systems: Chrome's native Speech API and OpenAI's Whisper v3. While Whisper offered broader browser compatibility, its tendency to ""hallucinate"" with specialized scientific jargon proved very problematic. Consequently, we selected Chrome's ASR for its stability, speed, and reliability. For translating transcribed speech into software commands, we tested two Large Language Model (LLM)-driven approaches: either generating executable code, or calling predefined functions. The function call method, powered by OpenAI's GPT-4o-mini, was ultimately adopted due to its superior safety, efficiency, and reliability over the more complex and error-prone code-generation approach. The resulting VUI is then based on an integration of Chrome's ASR with our LLM-based function-calling module, enabling users to command the application using natural language as shown in a video linked inside this report. We provide links to live examples demonstrating all the intermediate components, and details on how we crafted the LLM's prompt in order to teach it the function calls as well as ways to clean up the transcribed speech and to explain itself while generating function calls. For best demonstration of the final system, we provide a video example.",http://arxiv.org/abs/2603.02901,https://arxiv.org/pdf/2603.02901,cc-by-nc-nd,green,3,4,sistema=1;relevancia-campo=1,candidato-por-metadados,Descoberta bibliográfica; análise posterior.
20260907T171423Z,1.2.0,"""voice user interface"" design",OpenAlex,https://openalex.org/W3206960510,https://doi.org/10.1109/access.2021.3119487,Twinbase: Open-Source Server Software for the Digital Twin Web,2021,Juuso Autiosalo; Joshua Siegel; Kari Tammi,article,"Digital twins are expected to form a network, a “Digital Twin Web”, in the future. Digital Twin Web follows a similar structure to the World Wide Web and consists of meta-level digital twins that are described as digital twin description documents and distributed via Digital TwinWeb servers. Standards must be established before the Digital Twin Web can be used efficiently, and having an easily accessible server implementation can foster the development of those standards. Twinbase is an open-source, Git-based Digital Twin Web server developed with user friendliness in mind. Twinbase stores digital twin documents in a Git repository, modifies them with Git workflows, and distributes them to users via a static web server, from which the documents can be accessed via a client library or a regular web browser. A demo server is available at https://dtw.twinbase.org and new server instances can be initialized free-of-charge at GitHub via its browser interface. Twinbase is built with GitHub repository, Pages, and Actions, but can be extended to leverage other providers or self-hosting. We describe the underlying architecture of Twinbase to support the creation of derivative and alternative server implementations. The Digital TwinWeb requires permanent, globally accessible, and transferable identifiers to function properly, and to address this issue, we introduce the concept of digital twin identifier registry. Performance measurements showed that the median response times for fetching a digital twin document from Twinbase varied between 0.4 and 1.2 seconds depending on identifier registry.",https://doi.org/10.1109/access.2021.3119487,https://ieeexplore.ieee.org/ielx7/6287639/6514899/09568895.pdf,cc-by,gold,0,2,sistema=0;relevancia-campo=2,candidato-por-metadados,Descoberta bibliográfica; análise posterior.
20260907T171423Z,1.2.0,"""voice user interface"" design",OpenAlex,https://openalex.org/W4388923545,https://doi.org/10.2196/preprints.54800,Assessing the Feasibility and Acceptability of Smart Speakers in Behavioral Intervention Research With Older Adults: Mixed Methods Study (Preprint),2023,Kelly Quinn; Sarah Leiser Ransom; Carrie O’Connell; Naoko Muramatsu; David X. Márquez; Jessie Chin,preprint,"BACKGROUND Smart speakers, such as Amazon’s Echo and Google’s Nest Home, combine natural language processing with a conversational interface to carry out everyday tasks, like playing music and finding information. Easy to use, they are embraced by older adults, including those with limited physical function, vision, or computer literacy. While smart speakers are increasingly used for research purposes (eg, implementing interventions and automatically recording selected research data), information on the advantages and disadvantages of using these devices for studies related to health promotion programs is limited. OBJECTIVE This study evaluates the feasibility and acceptability of using smart speakers to deliver a physical activity (PA) program designed to help older adults enhance their physical well-being. METHODS Community-dwelling older adults (n=18) were asked to use a custom smart speaker app to participate in an evidence-based, low-impact PA program for 10 weeks. Collected data, including measures of technology acceptance, interviews, field notes, and device logs, were analyzed using a concurrent mixed analysis approach. Technology acceptance measures were evaluated using time series ANOVAs to examine acceptability, appropriateness, feasibility, and intention to adopt smart speaker technology. Device logs provided evidence of interaction with and adoption of the device and the intervention. Interviews and field notes were thematically coded to triangulate the quantitative measures and further expand on factors relating to intervention fidelity. RESULTS Smart speakers were found to be acceptable for administering a PA program, as participants reported that the devices were highly usable (mean 5.02, SE 0.38) and had strong intentions to continue their use (mean 5.90, SE 0.39). Factors such as the voice-user interface and engagement with the device on everyday tasks were identified as meaningful to acceptability. The feasibility of the devices for research activity, however, was mixed. Despite the participants rating the smart speakers as easy to use (mean 5.55, SE 1.16), functional and technical factors, such as Wi-Fi connectivity and appropriate command phrasing, required the provision of additional support resources to participants and potentially impaired intervention fidelity. CONCLUSIONS Smart speakers present an acceptable and appropriate behavioral intervention technology for PA programs directed at older adults but entail additional requirements for resource planning, technical support, and troubleshooting to ensure their feasibility for the research context and for fidelity of the intervention.",http://dx.doi.org/10.2196/preprints.54800,,cc-by,gold,3,6,sistema=1;relevancia-campo=6,candidato-por-metadados,Descoberta bibliográfica; análise posterior.
20260907T171423Z,1.2.0,"""voice user interface"" design",OpenAlex,https://openalex.org/W2162696770,,Design and Implementation of a Speaker-Independent Voice Dialing System: A Multi-lingual Approach,2008,Juha Iso-Sipilä,dissertation,"Speech as a means of communication is most natural to human beings. Therefore, it should be straightforward to apply the same modality for commonly used communication devices, such as mobile phones. The current state-of-the-art speech processing technology enables a wide range of applications using both speech input and output modalities. Research in the areas of speech recognition and speech synthesis has been carried out for several decades but real breakthroughs are yet to be seen. In addition to mastering the above-mentioned technologies, a computer should be able to understand the speech as humans do. Only then, natural spoken communication between a human and a machine can be accomplished in a similar manner as in human to human communications. Currently, in many cases, the users’ expectations do not meet the capabilities of the technology. The evolution of voice interfaces for mobile phones is progressing despite the problems mentioned above. During the 1990s the first devices were equipped with so called speaker-dependent voice dialing or voice tagging. Most mobile device manufacturers included this feature to their devices before the year 2000. This can be considered to be the first speech application with hundreds of millions of installations and a multi-lingual user base. \nIn an application utilizing speaker-independent speech recognition, the user does not need to perform any training and the device is immediately available for use. This is an advantage to the user but, at the same time, presents a number of challenges to the design of the system. The biggest challenge is that the speaker-independent system is language dependent and the system requires additional development effort for every language. Speaker-independent systems are inherently more complex than speaker-dependent since the speech recognizer has to be trained with a large group of speakers for each language. In addition, a speech synthesizer is needed for spoken feedback. \nThis thesis considers a multi-lingual approach for a voice dialing application running on a mobile device. The proposed techniques and their applications form the core of a multi-lingual speaker-independent voice dialing system. The voice dialing system utilizes multi-lingual speech recognition, speech synthesis and language processing technologies to create a compact and complete system that can be easily extended and configured to existing and new languages. The system is split into subsystems which are designed and developed independently. The subsystems include research topics, such as multi-lingual phonetics, multi-lingual acoustic modeling, pronunciation modeling, speech recognition and speech synthesis. The subsystems communicate within a framework and share common resources. The basis for the overall system is the definition of a multi-lingual phoneme set that represents the phonology of any supported language. The harmonized phonetic presentation is further utilized in pronunciation modeling, speech recognition and speech synthesis. Additionally, the speech recognition engine is developed in such a manner that makes it language-independent and utilizes a very compact representation of the acoustic models. The speech synthesis engine, based on a well known formant synthesizer, is both compact in size and easily runtime configurable with a description language. Finally, the pronunciation modeling engine is developed so that it supports several types of pronunciation modeling methods without dependencies to individual languages. The functionality is implemented so that a collection of runtime parameters define the operations and languages supported by any instance of the system. The contribution of this thesis includes the design and development of the subsystems and their integration to build a real application for mobile devices.",https://trepo.tuni.fi//handle/10024/114865,https://trepo.tuni.fi//handle/10024/114865,,green,0,2,sistema=0;relevancia-campo=2,candidato-por-metadados,Descoberta bibliográfica; análise posterior.
20260907T171423Z,1.2.0,"""voice user interface"" design",OpenAlex,https://openalex.org/W4225596104,https://doi.org/10.4018/ijthi.2022010107,A Model for Predicting User Intention to Use Voice Recognition Technologies at the Workplace in Saudi Arabia,2022,Khalid Majrashi,article,"The use of voice recognition technologies (VRTs) has been expanding, and these are currently used at workplaces. This study tested a model for predicting users’ intention to use VRTs at workplaces. The model extended the technology acceptance model (TAM) and considered four additional factors—perceived privacy, perceived security, perceived trust, and social norms—and four variables—age, education level, gender, and nationality. We validated the model based on responses from 300 employees working in Saudi Arabia. The results indicated a medium level of acceptance and a valid TAM in its original form. Further, perceived privacy and perceived security are significant predictors of perceived trust and perceived trust is an important predictor of attitudes and intention to use VRTs. The social norms variable was a significant predictor of intention to use and accept VRTs. The results also showed that age and education level significantly affect users’ attitudes toward VRT adoption.",https://doi.org/10.4018/ijthi.2022010107,https://www.igi-global.com/ViewTitle.aspx?TitleId=300287&isxn=9781799893646,cc-by,diamond,0,0,sistema=0;relevancia-campo=0,candidato-por-metadados,Descoberta bibliográfica; análise posterior.
20260907T171423Z,1.2.0,"""voice user interface"" design",OpenAlex,https://openalex.org/W3033021258,https://doi.org/10.3390/mti4020027,Exploring Smart Agents for the Interaction with Multimodal Mediated Environments,2020,Robert Richer; Nan Zhao; Bjoern M. Eskofier; Joseph A. Paradiso,article,"After conversational agents have been made available to the broader public, we speculate that applying them as a mediator for adaptive environments reduces control complexity and increases user experience by providing a more natural interaction. We implemented and tested four agents, each of them differing in their system intelligence and input modality, as personal assistants for Mediated Atmospheres, an adaptive smart office prototype. They were evaluated in a user study ( N = 33 ) to collect subjective and objective measures. Results showed that a smartphone application was the most favorable system, followed by conversational text and voice agents that were perceived as being more engaging and intelligent than a non-conversational voice agent. Significant differences were observed between native and non-native speakers in both subjective and objective measures. Our findings reveal the potential of conversational agents for the interaction with adaptive environments to reduce work and information overload.",https://doi.org/10.3390/mti4020027,https://www.mdpi.com/2414-4088/4/2/27/pdf,cc-by,gold,3,6,sistema=2;relevancia-campo=5,candidato-por-metadados,Descoberta bibliográfica; análise posterior.
20260907T171423Z,1.2.0,"""voice user interface"" design",OpenAlex,https://openalex.org/W4327909841,https://doi.org/10.1145/3576840.3578291,Guiding Oral Conversations: How to Nudge Users Towards Asking Questions?,2023,Marcel Gohsen; Johannes Kiesel; Mariam Korashi; Jan Ehlers; Benno Stein,conference-paper,"How could an envisioned voice-based conversational information system assist the information seeker when the seeker does not know how to continue the conversation? The system could explicitly suggest a question to ask after each of its responses, but this approach quickly feels restrictive, repetitive, and interrupts immersion in the conversation. In this paper, we explore, for the first time, unobtrusive syntactic and auditive modifications of oral system responses to nudge information seekers towards asking about specific topics. We report the results of a crowdsourcing study with 965 participations that investigated the effectiveness and drawbacks of different modifications in three information scenarios.",https://doi.org/10.1145/3576840.3578291,https://dl.acm.org/doi/pdf/10.1145/3576840.3578291,cc-by,gold,0,1,sistema=0;relevancia-campo=1,candidato-por-metadados,Descoberta bibliográfica; análise posterior.
20260907T171423Z,1.2.0,"""voice user interface"" design",OpenAlex,https://openalex.org/W2189219981,https://doi.org/10.1007/978-3-642-39262-7_74,Ergonomics Design with Novice Elicitation on an Auditory-Only In-Vehicle Speech System,2013,Ming-Hsuan Wei; Sheue‐Ling Hwang; Hsin-Chang Chang; Jian-Yung Hung; Chih-Chung Kuo,conference-paper,,https://doi.org/10.1007/978-3-642-39262-7_74,https://link.springer.com/content/pdf/10.1007/978-3-642-39262-7_74.pdf,,bronze,0,1,sistema=0;relevancia-campo=1,candidato-por-metadados,Descoberta bibliográfica; análise posterior.
20260907T171423Z,1.2.0,"""voice user interface"" design",OpenAlex,https://openalex.org/W4361759487,https://doi.org/10.1145/3581998,Voicify Your UI,2023,Minh Duc Vu; Han Wang; Zhuang Li; Gholamreza Haffari; Zhenchang Xing; Chunyang Chen,article,"Nowadays, voice assistants help users complete tasks on the smartphone with voice commands, replacing traditional touchscreen interactions when such interactions are inhibited. However, the usability of those tools remains moderate due to the problems in understanding rich language variations in human commands, along with efficiency and comprehensibility issues. Therefore, we introduce Voicify, an Android virtual assistant that allows users to interact with on-screen elements in mobile apps through voice commands. Using a novel deep learning command parser, Voicify interprets human verbal input and performs matching with UI elements. In addition, the tool can directly open a specific feature from installed applications by fetching application code information to explore the set of in-app components. Our command parser achieved 90% accuracy on the human command dataset. Furthermore, the direct feature invocation module achieves better feature coverage in comparison to Google Assistant. The user study demonstrates the usefulness of Voicify in real-world scenarios.",https://doi.org/10.1145/3581998,https://dl.acm.org/doi/pdf/10.1145/3581998,,bronze,3,6,sistema=2;relevancia-campo=3,candidato-por-metadados,Descoberta bibliográfica; análise posterior.
20260907T171423Z,1.2.0,"""voice user interface"" design",OpenAlex,https://openalex.org/W4403576785,https://doi.org/10.1145/3663548.3675635,Understanding How Blind Users Handle Object Recognition Errors: Strategies and Challenges,2024,Jonggi Hong; Hernisa Kacorri,conference-paper,"Object recognition technologies hold the potential to support blind and low-vision people in navigating the world around them. However, the gap between benchmark performances and practical usability remains a significant challenge. This paper presents a study aimed at understanding blind users' interaction with object recognition systems for identifying and avoiding errors. Leveraging a pre-existing object recognition system, URCam, fine-tuned for our experiment, we conducted a user study involving 12 blind and low-vision participants. Through in-depth interviews and hands-on error identification tasks, we gained insights into users' experiences, challenges, and strategies for identifying errors in camera-based assistive technologies and object recognition systems. During interviews, many participants preferred independent error review, while expressing apprehension toward misrecognitions. In the error identification task, participants varied viewpoints, backgrounds, and object sizes in their images to avoid and overcome errors. Even after repeating the task, participants identified only half of the errors, and the proportion of errors identified did not significantly differ from their first attempts. Based on these insights, we offer implications for designing accessible interfaces tailored to the needs of blind and low-vision users in identifying object recognition errors.",http://arxiv.org/abs/2408.03303,https://arxiv.org/pdf/2408.03303,cc-by,green,0,3,sistema=0;relevancia-campo=5,candidato-por-metadados,Descoberta bibliográfica; análise posterior.
20260907T171423Z,1.2.0,"""voice user interface"" design",OpenAlex,https://openalex.org/W4416904820,https://doi.org/10.1145/3768633.3770133,Design and Evaluation of a Multimodal Elevator System with Gaze and Multilingual Voice Controls,2025,Ramanand; Yogesh Kumar Meena,conference-paper,"Inclusivity and accessibility for everyone are essential steps toward smart urban infrastructure. Traditional elevator controls that depend on touch have limitations, including hygiene risks and accessibility issues. To address the limitations posed by traditional touch control systems and to enhance inclusivity and accessibility, we introduced a multimodal approach in this work by combining touch, multilingual voice (Hindi, Gujarati, English), and eye tracking modality. To demonstrate the working and the advantages of the proposed multimodal approach for the elevator system, we developed a digital prototype with touch, gaze, and multilingual voice control and an edge-computing-based multilingual voice control hardware prototype. These prototypes demonstrate floor selection, door operation, and emergency operations. We conducted a user study with 30 healthy participants (10 participants in each language) to assess the interaction efficiency of these input modalities across both digital and hardware interfaces. Experimental results show that touch enables the fastest user interaction, making it ideal for real-time system design, while eye-tracking and voice offer valuable alternatives for diverse contexts. Overall, the proposed prototypes received an excellent grade on the adjective rating scale using the system usability scale and a low weighted rating on the NASA task load index for all interaction modalities, demonstrating the potential for creating accessible and inclusive interfaces in elevator systems and beyond. These findings deliver actionable insights for modality selections while developing a multimodal elevator system. In addition, we also presented some issues that have surfaced in the form of misinterpretation of words from one language to another and gaze shift from the actual UI element, which should be accompanied by better UI designs.",https://doi.org/10.1145/3768633.3770133,https://dl.acm.org/doi/pdf/10.1145/3768633.3770133,cc-by,gold,0,3,sistema=0;relevancia-campo=9,candidato-por-metadados,Descoberta bibliográfica; análise posterior.
20260907T171423Z,1.2.0,"""voice user interface"" design",OpenAlex,https://openalex.org/W4366762618,https://doi.org/10.1145/3587281.3587284,Understanding and Improving Drilled-Down Information Extraction from Online Data Visualizations for Screen-Reader Users,2023,Ather Sharif; Andrew M. Zhang; Katharina Reinecke; Jacob O. Wobbrock,conference-paper,"Inaccessible online data visualizations can significantly disenfranchise screen-reader users from accessing critical online information. Current accessibility measures, such as adding alternative text to visualizations, only provide a high-level overview of data, limiting screen-reader users from exploring data visualizations in depth. In this work, we build on prior research to develop taxonomies of information sought by screen-reader users to interact with online data visualizations granularly through role-based and longitudinal studies with screen-reader users. Utilizing these taxonomies, we extended the functionality of VoxLens—an open-source multi-modal system that improves the accessibility of data visualizations—by supporting drilled-down information extraction. We assessed the performance of our VoxLens enhancements through task-based user studies with 10 screen-reader and 10 non-screen-reader users. Our enhancements “closed the gap” between the two groups by enabling screen-reader users to extract information with approximately the same accuracy as non-screen-reader users, reducing interaction time by 22% in the process.",https://doi.org/10.1145/3587281.3587284,https://dl.acm.org/doi/pdf/10.1145/3587281.3587284,cc-by,gold,0,3,sistema=0;relevancia-campo=3,candidato-por-metadados,Descoberta bibliográfica; análise posterior.
20260907T171423Z,1.2.0,"""voice user interface"" design",OpenAlex,https://openalex.org/W4385549578,https://doi.org/10.1017/s1062798723000145,LECTURE HELD AT THE ACADEMIA EUROPAEA BUILDING BRIDGES CONFERENCE 2022,2023,Ricardo Baeza‐Yates,article,"Artificial intelligence (AI) has finally reached most people on our planet thanks to generative AI tools for text and other media. This has started a controversy about the possible benefits and risks, where responsible AI is key. Hence, we introduce the concept of responsible AI, its relation to AI ethics, and why the terms ethical or trustworthy AI should not be used. We then cover the three main relevant aspects of this new field: principles governance and regulation.",https://doi.org/10.1017/s1062798723000145,https://www.cambridge.org/core/services/aop-cambridge-core/content/view/C61F82D2FF64FFB933282F5E65CDB22A/S1062798723000145a.pdf/div-class-title-lecture-held-at-the-academia-europaea-building-bridges-conference-2022-div.pdf,cc-by,hybrid,0,1,sistema=0;relevancia-campo=1,candidato-por-metadados,Descoberta bibliográfica; análise posterior.
20260907T171423Z,1.2.0,"""voice user interface"" design",OpenAlex,https://openalex.org/W7162349717,,UI/UX Design of a Project Documentation Interface for Project Gate 2.0,2026,Murad Nasir,dissertation,"This thesis explores user interface and user experience design, focusing on what is involved in designing an interface and how consideration of user experience improves the overall result. A student-led ICT project office, theFIRMA, required a project documentation element for its project platform, Project Gate 2.0. The objective of this thesis was to design an interactive mockup of this element that can later be implemented into Project Gate 2.0. The project documentation interface is intended to be clear and easy for the staff and students at theFIRMA to use. To achieve the objective of the thesis, the theoretical foundations of user interface and user experience design as well as the tools used in the design process were studied. These included Balsamiq and Figma as well as key steps such as research wire framing and high-fidelity design. In the implementation phase, these concepts and tools were applied to develop the documentation system. The outcome of the project was a working prototype created in Figma for both workers and admin sides of the project documentation element for Project Gate 2.0. The resulting design was coherent and matched the visual style of a project environment. The product type supports a more structured and accessible approach to project documentation.",http://www.theseus.fi/handle/10024/920425,http://www.theseus.fi/bitstream/10024/920425/2/Nasir_Murad.pdf,,green,0,3,sistema=0;relevancia-campo=4,candidato-por-metadados,Descoberta bibliográfica; análise posterior.
20260907T171423Z,1.2.0,"""voice user interface"" design",OpenAlex,https://openalex.org/W2954581224,https://doi.org/10.1145/3328934,ScratchThat,2019,Jason Wu; Karan Ahuja; Richard Li; Victor Chen; Jeffrey P. Bigham,article,"Speech interfaces have become an increasingly popular input method for smartphone-based virtual assistants, smart speakers, and Internet of Things (IoT) devices. While they facilitate rapid and natural interaction in the form of voice commands, current speech interfaces lack natural methods for command correction. We present ScratchThat, a method for supporting command-agnostic speech repair in voice-driven assistants, suitable for enabling corrective functionality within third-party commands. Unlike existing speech repair methods, ScratchThat is able to automatically infer query parameters and intelligently select entities in a correction clause for editing. We conducted three evaluations to (1) elicit natural forms of speech repair in voice commands, (2) compare the interaction speed and NASA TLX score of the system to existing voice-based correction methods, and (3) assess the accuracy of the ScratchThat algorithm. Our results show that (1) speech repair for voice commands differ from previous models for conversational speech repair, (2) methods for command correction based on speech repair are significantly faster than other voice-based methods, and (3) the ScratchThat algorithm facilitates accurate command repair as rated by humans (77% accuracy) and machines (0.94 BLEU score). Finally, we present several ScratchThat use cases, which collectively demonstrate its utility across many applications.",https://doi.org/10.1145/3328934,https://dl.acm.org/doi/pdf/10.1145/3328934,,bronze,0,3,sistema=0;relevancia-campo=6,candidato-por-metadados,Descoberta bibliográfica; análise posterior.
20260907T171423Z,1.2.0,"""voice user interface"" design",OpenAlex,https://openalex.org/W4307657166,https://doi.org/10.3390/ijerph192013714,Patient Acceptability of Home Monitoring for Neovascular Age-Related Macular Degeneration Reactivation: A Qualitative Study,2022,Seán O’Connor; Charlene Treanor; Elizabeth C. Ward; Robin Wickens; Abby O’Connell; Lucy Culliford; Chris Rogers; Eleanor Gidman; Tünde Pető; Paul C. Knox; Ben Burton; Andrew Lotery; Sobha Sivaprasad; Barnaby C Reeves; Ruth Hogg; Michael Donnelly; MONARCH Study Group,article,"Neovascular age-related macular degeneration (nAMD) is a chronic, progressive condition and the commonest cause of visual disability in older adults. This study formed part of a diagnostic test accuracy study to quantify the ability of three index home monitoring (HM) tests (one paper-based and two digital tests) to identify reactivation in nAMD. The aim of this qualitative research was to investigate patients' or participants' views about acceptability and explore adherence to weekly HM. Semi-structured interviews were held with 78/297 participants (26%), with close family members (n = 11) and with healthcare professionals involved in training participants in HM procedures (n = 9) (n = 98 in total). A directed thematic analytical approach was applied to the data using a deductive and inductive coding framework informed by theories of technology acceptance. Five themes emerged related to: 1. The role of HM; 2. Suitability of procedures and instruments; 3. Experience of HM; 4. Feasibility of HM in usual practice; and 5. Impediments to patient acceptability of HM. Various factors influenced acceptability including a patient's understanding about the purpose of monitoring. While initial training and ongoing support were regarded as essential for overcoming unfamiliarity with use of digital technology, patients viewed HM as relatively straightforward and non-burdensome. There is a need for further research about how use of performance feedback, level of support and nature of tailoring might facilitate further the implementation of routinely conducted HM. Home monitoring was acceptable to patients and they recognised its potential to reduce clinic visits during non-active treatment phases. Findings have implications for implementation of digital HM in the care of older people with nAMD and other long-term conditions.",https://doi.org/10.3390/ijerph192013714,https://www.mdpi.com/1660-4601/19/20/13714/pdf?version=1666751723,cc-by,gold,0,0,sistema=0;relevancia-campo=0,candidato-por-metadados,Descoberta bibliográfica; análise posterior.
20260907T171423Z,1.2.0,"""voice user interface"" design",OpenAlex,https://openalex.org/W4288071895,https://doi.org/10.1007/978-3-031-11432-8_23,Intergenerational Interaction with Avatars in VR: An Exploratory Study Towards an XR Research Framework,2022,Barbara Karpowicz; Rafał Masłyk; Kinga Skorupska; Daniel Jabłoński; Krzysztof Kalinowski; Paweł Kobyliński; Grzegorz Pochwatko; Monika Kornacka; Wiesław Kopeć,conference-paper,"Abstract The dynamic development of solutions in the field of virtual and augmented reality poses challenges to designers. These challenges relate to both technical conditions, including hardware capabilities and software solutions, as well as psychophysical constructs conditioning the end users’ reception of the generated multimedia message. One of the key elements of the virtual and augmented reality experience is the interaction with the system through a virtual agent represented by an avatar, i.e. a reflection of the image of a participant in the virtual world, carrying on a conversation with the user. This paper presents a proposed software and hardware solution for conducting multifaceted research and comparative analysis of diverse interfaces and human-computer interaction in virtual and augmented reality. In the course of this research, statistically significant results were obtained indicating differences in perception between three types of virtual agents. Each of them represented by different avatars in a specially created research environment that allowed to conduct usability tests under reproducible conditions to study user interaction in virtual reality.",https://doi.org/10.1007/978-3-031-11432-8_23,https://link.springer.com/content/pdf/10.1007/978-3-031-11432-8_23.pdf,cc-by,hybrid,0,3,sistema=0;relevancia-campo=6,candidato-por-metadados,Descoberta bibliográfica; análise posterior.
20260907T171423Z,1.2.0,"""voice user interface"" design",OpenAlex,https://openalex.org/W3204131282,https://doi.org/10.3390/ijerph181910069,Determinants of Users’ Attitude and Intention to Intelligent Connected Vehicle Infotainment in the 5G-V2X Mobile Ecosystem,2021,Zhiyuan Yu; Doudou Jin,article,"With the accelerating industrialization of 5G-V2X and smart automobiles, the intelligent connected vehicle (ICV) integrated with sophisticated communication, caching, computing, and control techniques enhance the functionality of in-vehicle infotainment (IVI) and also provide more powerful telematic or entertainment choices in vehicular environment. The diverse needs of ICV users (e.g., drivers and passengers) can be satisfied during commuting and traveling. However, considering the limitations of transportation environment, the potential attitude and usage behavior for the upcoming ICV infotainment directly impacts on the traffic and road safety in sustainable cities. In this paper, we conduct an online and offline survey to investigate the key factors influencing the user attitude and intention of ICV infotainment, where the answers of a total of 502 valid respondents (i.e., IVI users) are collected in China. A conceptual technology acceptance model with the constructs of perceived usefulness (PU), perceived ease of use (PEOU), social influence (SI), consumer innovation (CI), and perceived risk (PR) is established, and then assessed via partial least square structural equation modeling. We find that the constructs of PU, PEOU, CI, and SI have a direct impact on attitude and usage intention, of which 46.8% and 73.4% of variance, respectively, are explained. The respondents show positive attitudes and higher usage intention towards the ICV infotainment. Although PR has insignificant path with attitude and intention, the driving experience moderation effect exists between PR and usage intention. We can see that ICV infotainment will become a trend in future transportation scenario. Through this survey, reference for traffic safety and usage norms will be provided to reduce the risky of public health issues (e.g., traffic accidents) in the context of ICV infotainment.",https://doi.org/10.3390/ijerph181910069,https://www.mdpi.com/1660-4601/18/19/10069/pdf?version=1632718284,cc-by,gold,0,1,sistema=0;relevancia-campo=1,candidato-por-metadados,Descoberta bibliográfica; análise posterior.
20260907T171423Z,1.2.0,"""voice user interface"" design",OpenAlex,https://openalex.org/W4362666942,https://doi.org/10.1007/s10606-023-09465-8,Suspicious Minds: the Problem of Trust and Conversational Agents,2023,Jonas Ivarsson; Oskar Lindwall,article,"Abstract In recent years, the field of natural language processing has seen substantial developments, resulting in powerful voice-based interactive services. The quality of the voice and interactivity are sometimes so good that the artificial can no longer be differentiated from real persons. Thus, discerning whether an interactional partner is a human or an artificial agent is no longer merely a theoretical question but a practical problem society faces. Consequently, the ‘Turing test’ has moved from the laboratory into the wild. The passage from the theoretical to the practical domain also accentuates understanding as a topic of continued inquiry. When interactions are successful but the artificial agent has not been identified as such, can it also be said that the interlocutors have understood each other? In what ways does understanding figure in real-world human–computer interactions? Based on empirical observations, this study shows how we need two parallel conceptions of understanding to address these questions. By departing from ethnomethodology and conversation analysis, we illustrate how parties in a conversation regularly deploy two forms of analysis (categorial and sequential) to understand their interactional partners. The interplay between these forms of analysis shapes the developing sense of interactional exchanges and is crucial for established relations. Furthermore, outside of experimental settings, any problems in identifying and categorizing an interactional partner raise concerns regarding trust and suspicion. When suspicion is roused, shared understanding is disrupted. Therefore, this study concludes that the proliferation of conversational systems, fueled by artificial intelligence, may have unintended consequences, including impacts on human–human interactions.",https://doi.org/10.1007/s10606-023-09465-8,https://link.springer.com/content/pdf/10.1007/s10606-023-09465-8.pdf,cc-by,hybrid,3,6,sistema=2;relevancia-campo=5,candidato-por-metadados,Descoberta bibliográfica; análise posterior.
20260907T171423Z,1.2.0,"""voice user interface"" design",OpenAlex,https://openalex.org/W7165647761,https://doi.org/10.1016/j.daai.2026.100086,Motion design in mobile user interface: A review from theory to practice,2026,Baixi Xing; Lei Shi; Mengyue Tang; Siyu Pang; Lisha Jin; Yan Shi,article,"Motion design has become a crucial component of human-computer interaction (HCI), bridging the gap between interface aesthetics and functional usability. This paper provides a comprehensive review of motion design within the mobile interface, tracing its evolution from foundational animation principles to contemporary AI-augmented practices. Utilizing bibliometric analysis, we quantitatively map the research landscape and identify emerging trends within the field. We investigate the multi-dimensional theoretical framework rooted in perception, cognitive psychology, and ergonomic HCI theories to analyze the relation between motion design and user behavior. Furthermore, this study offers a systematic taxonomy of motion effects across diverse hardware platforms and investigates the workflow for AI-driven motion design generation. By synthesizing theoretical insights with practical implementation strategies, this research contributes to a robust understanding of interface dynamics and provides a strategic roadmap for the intelligent, AI-driven future of mobile user interfaces.",https://doi.org/10.1016/j.daai.2026.100086,https://www.sciencedirect.com/science/article/pii/S305074132600025X/pdf,cc-by,hybrid,0,3,sistema=0;relevancia-campo=6,candidato-por-metadados,Descoberta bibliográfica; análise posterior.
20260907T171423Z,1.2.0,"""voice user interface"" design",OpenAlex,https://openalex.org/W4388199993,https://doi.org/10.3390/ijgi12110441,Development of a Voice Virtual Assistant for the Geospatial Data Visualization Application on the Web,2023,Homeyra Mahmoudi; Silvana Philippi Camboim; Maria Antonia Brovelli,article,"Voice assistants can elevate interaction in geospatial data web platforms. This research introduces a voice assistant in the BStreams platform and focuses on understanding user commands in the geospatial domain. We developed a specialised geospatial discourse framework through structured prototyping. A survey with 66 participants revealed prevalent English geospatial terminologies. Using ChatGPT, we found the term suggestions aligned with survey results, with a notable correlation (r = 0.81, p < 0.01) between the NPL model’s probability scores and term prevalence in survey data. Our study also incorporated usability tests on the application, which uses tools like Web Speech API, Leaflet, and Mapbox geocoding. Results from these tests reaffirm the potential of voice assistants in enhancing geospatial data visualisation, though challenges persist in areas like language understanding and domain knowledge. The paper advocates for further research to refine the integration of voice technology in this domain.",https://doi.org/10.3390/ijgi12110441,https://www.mdpi.com/2220-9964/12/11/441/pdf?version=1698307565,cc-by,gold,3,6,sistema=2;relevancia-campo=3,candidato-por-metadados,Descoberta bibliográfica; análise posterior.
20260907T171423Z,1.2.0,"""voice user interface"" design",OpenAlex,https://openalex.org/W4389087324,https://doi.org/10.26434/chemrxiv-2023-t4vg7,The Rise of the AI Scientist: Unleashing the Potential of Chat-GPT Powered Avatars in Virtual Reality Digital-twin Laboratories,2023,Mae Taylor; Zaid Muwaffak; Matthew T. Penny; Blanka R. Szulc; Steven R. Brown; Andy Merritt; Stephen T. Hilton,preprint,"Digital twin laboratories, accessible via the use of low-cost and portable virtual reality (VR) headsets, have emerged as an immensely powerful tool for chemical education and research collaboration. Having an immersive environment identical to that of a laboratory can provide scientists with a unique platform in which to plan future experiments, conduct laboratory tours, and train on specialist equipment. However, what digital twin laboratories currently lack is on-hand support of co-workers to assist with tasks such as locating chemicals, aiding with machine set-up, and issuing reminders regarding local laboratory health and safety rules Here we show how this key gap can be overcome with the use of knowledge-loaded Chat-GPT avatars in VR. We trained three different chat avatars to perform specialist functions crucial to working in a laboratory and obtained accurate and useful responses in up to 95% of cases, using a range of evaluation metrics including Human Evaluation, Set-Based F1 Scoring, and BERTScore. Our findings demonstrate the vast potential of this technology in harnessing the capabilities of AI assistants for scientists and enhancing immersive digital twin environments within VR settings.",https://doi.org/10.26434/chemrxiv-2023-t4vg7,https://chemrxiv.org/engage/api-gateway/chemrxiv/assets/orp/resource/item/6560aa0829a13c4d47e4c838/original/the-rise-of-the-ai-scientist-unleashing-the-potential-of-chat-gpt-powered-avatars-in-virtual-reality-digital-twin-laboratories.pdf,cc-by-nc-nd,green,3,4,sistema=1;relevancia-campo=1,candidato-por-metadados,Descoberta bibliográfica; análise posterior.
20260907T171423Z,1.2.0,"""voice user interface"" design",OpenAlex,https://openalex.org/W4385965602,https://doi.org/10.1145/3610873,Radio2Text,2023,Running Zhao; Jiangtao Yu; Hang Zhao; Edith C.‐H. Ngai,article,"Millimeter wave (mmWave) based speech recognition provides more possibility for audio-related applications, such as conference speech transcription and eavesdropping. However, considering the practicality in real scenarios, latency and recognizable vocabulary size are two critical factors that cannot be overlooked. In this paper, we propose Radio2Text, the first mmWave-based system for streaming automatic speech recognition (ASR) with a vocabulary size exceeding 13,000 words. Radio2Text is based on a tailored streaming Transformer that is capable of effectively learning representations of speech-related features, paving the way for streaming ASR with a large vocabulary. To alleviate the deficiency of streaming networks unable to access entire future inputs, we propose the Guidance Initialization that facilitates the transfer of feature knowledge related to the global context from the non-streaming Transformer to the tailored streaming Transformer through weight inheritance. Further, we propose a cross-modal structure based on knowledge distillation (KD), named cross-modal KD, to mitigate the negative effect of low quality mmWave signals on recognition performance. In the cross-modal KD, the audio streaming Transformer provides feature and response guidance that inherit fruitful and accurate speech information to supervise the training of the tailored radio streaming Transformer. The experimental results show that our Radio2Text can achieve a character error rate of 5.7% and a word error rate of 9.4% for the recognition of a vocabulary consisting of over 13,000 words.",https://doi.org/10.1145/3610873,https://dl.acm.org/doi/pdf/10.1145/3610873,public-domain,hybrid,0,1,sistema=0;relevancia-campo=1,candidato-por-metadados,Descoberta bibliográfica; análise posterior.
20260907T171423Z,1.2.0,"""voice user interface"" design",OpenAlex,https://openalex.org/W7204063844,,Design and Experimental Validation of a Voice Controlled 3D-Printed Dental Chair Model,2026,Huda Farooq Jameel; Aws Alazawi; Abdulrahman Fawzi Nazim; Noora Dhurgham; Yusef Abdulsatar,article,"This research presents a small-scale, desktop educational proof-of-concept prototype of a voice-controlled and 3D (three-dimensional)-printed dental chair model designed to improve the clinical work environment by reducing direct manual interaction. The system integrates a microcontroller, four servo motors, and a smartphone application, enabling touchless chair position changes via predefined voice commands. Ten functional chair positions are developed, ranging from 0° to 90° for four chair situations. The mechanical model is designed in SolidWorks, and a 3D-printed model is generated to visualize the actual chair. The system is evaluated through practical tests, which demonstrate an average execution accuracy of 84% across all voice commands. The system is under development and operates in both Arabic and English, making it available to local and international users. Future proposals include advanced voice recognition models and noise-filtering techniques, with the scope of application expanding to encompass variations in voice tone and accents across users.",https://ojs.imeti.org/index.php/EMSI/article/view/16594,https://ojs.imeti.org/index.php/EMSI/article/download/16594/1979,cc-by-nc,green,0,3,sistema=0;relevancia-campo=3,candidato-por-metadados,Descoberta bibliográfica; análise posterior.
20260907T171423Z,1.2.0,"""voice user interface"" design",OpenAlex,https://openalex.org/W7117240798,https://doi.org/10.20944/preprints202512.2023.v1,Hybrid AI and LLM-Enabled Agent-Based Real-Time Decision Support Architecture for Industrial Batch Processes: A Clean-in-Place Case Study,2025,Apolinar González-Potes; Diego Martínez-Castro; Carlos M. Paredes; Alberto Ochoa-Brust; Luis J. Mena; Rafael Martínez-Peláez; Vanessa G. Félix; Ramón A. Félix,preprint,"A hybrid AI and LLM-enabled architecture is presented for real-time decision support in industrial batch processes, where supervision still relies heavily on human operators and ad-hoc SCADA logic. The framework combines deterministic rule-based agents, fuzzy and statistical enrichment, and large language models (LLMs) to support monitoring, diagnostic interpretation, preventive maintenance planning, and operator interaction with minimal manual intervention. High-frequency sensor streams are collected into rolling buffers per active process instance; deterministic agents compute enriched variables, discrete supervisory states, and rule-based alarms, while an LLM-driven analytics agent answers free-form operator queries over the same enriched datasets through a conversational interface. The architecture is instantiated and deployed in the Clean-in-Place (CIP) system of an industrial beverage plant and evaluated following a case-study design aimed at demonstrating architectural feasibility and diagnostic behavior under realistic operating regimes rather than statistical generalization. Three representative multi-stage CIP executions—purposively selected from 24 runs monitored during a six-month deployment—span nominal baseline, preventive-warning, and diagnostic-alert conditions. The study quantifies stage-specification compliance, state-to-specification consistency, and temporal stability of supervisory states, and performs spot-check audits of numerical consistency between language-based summaries and enriched logs. Results show high time within specification in sanitising stages (100% compliance across the evaluated runs), coherent and mostly stable supervisory states in variable alkaline conditions (state-specification consistency Γs≥0.98), and data-grounded conversational diagnostics in real time (median numerical error below 3% in audited samples), without altering the existing CIP control logic. These findings suggest that the architecture can be transferred to other industrial cleaning and batch operations by reconfiguring process-specific rules and ontologies, offering a practical path toward AI-assisted process supervision with explainable conversational interfaces that support preventive maintenance decision-making and equipment health monitoring.",https://doi.org/10.20944/preprints202512.2023.v1,https://www.preprints.org/frontend/manuscript/4c4d84a0dc506fb736f896ff8472cbe7/download_pub,cc-by,green,3,6,sistema=2;relevancia-campo=5,candidato-por-metadados,Descoberta bibliográfica; análise posterior.
20260907T171423Z,1.2.0,"""voice user interface"" design",OpenAlex,https://openalex.org/W4386959462,https://doi.org/10.1145/3622782,User Experience of Digital Voice Assistant: Conceptualization and Measurement,2023,Qian Chen; Yeming Gong; Yaobin Lu,article,"With the development of digital virtual assistants (DVA), academics and practitioners have increased attention to the DVA user experience. However, the measurement scale of DVA user experience is still under-researched, which may hinder further empirical study on human-DVA interaction. This study rigorously developed dimensions and associated scales of the DVA user experience. We employed a mixed-method approach that integrated qualitative and quantitative methods. This study first developed multilevel dimensions of DVA user experience based on consumers’ online reviews (n = 21,314), then adopted the ten-step method to develop the associate measurement scale with reliability and validity by collecting and examining three data sets (pretest: n = 368, refinement and validation: n = 585, cross-validation: n = 567). This study fills the gap of a lack of research on the classification and measurement of DVA user experience and provides a reference for practitioners in developing DVA and continuously improving the DVA user experience.",https://doi.org/10.1145/3622782,https://dl.acm.org/doi/pdf/10.1145/3622782,,bronze,3,6,sistema=1;relevancia-campo=3,candidato-por-metadados,Descoberta bibliográfica; análise posterior.
20260907T171423Z,1.2.0,"""voice user interface"" design",OpenAlex,https://openalex.org/W2989993779,https://doi.org/10.3390/proceedings2019031065,User Experience Evaluation of Voice Interfaces: A Preliminary Study of Games for Seniors and the Elderly,2019,Andrés Solano; Gustavo López; Luis A. Guerrero; Luis Quesada,conference-paper,"Maintaining high cognitive activity is vital for the mental health of seniors. Taking part in leisure activities is an exciting and gratifying way to accomplish this, with video games having several advantages for this use. The present study is a work in progress to develop different digital games with natural voice interfaces that can be easily and pleasantly used by older adults to stimulate their cognitive needs. A Wizard of Oz with two different games was developed to evaluate the user experience perceived when using such applications. Positive results enhance the notion that using digital games powered by natural voice interfaces may appeal to the elderly, while stimulating their cognitive processes, thus fortifying their mental health.",https://doi.org/10.3390/proceedings2019031065,https://www.mdpi.com/2504-3900/31/1/65/pdf?version=1574307575,cc-by,gold,0,3,sistema=0;relevancia-campo=3,candidato-por-metadados,Descoberta bibliográfica; análise posterior.
20260907T171423Z,1.2.0,"""voice user interface"" design",OpenAlex,https://openalex.org/W4323922082,https://doi.org/10.1145/3544548.3581564,Work with AI and Work for AI: Autonomous Vehicle Safety Drivers’ Lived Experiences,2023,Mengdi Chu; Keyu Zong; Shu Xin; Jiangtao Gong; Zhicong Lu; Kaimin Guo; Xinyi Dai; Guyue Zhou,conference-paper,"The development of Autonomous Vehicle (AV) has created a novel job, the safety driver, recruited from experienced drivers to supervise and operate AV in numerous driving missions. Safety drivers usually work with non-perfect AV in high-risk real-world traffic environments for road testing tasks. However, this group of workers is under-explored in the HCI community. To fill this gap, we conducted semi-structured interviews with 26 safety drivers. Our results present how safety drivers cope with defective algorithms and shape and calibrate their perceptions while working with AV. We found that, as front-line workers, safety drivers are forced to take risks accumulated from the AV industry upstream and are also confronting restricted self-development in working for AV development. We contribute the first empirical evidence of the lived experience of safety drivers, the first passengers in the development of AV, and also the grassroots workers for AV, which can shed light on future human-AI interaction research.",https://doi.org/10.1145/3544548.3581564,https://dl.acm.org/doi/pdf/10.1145/3544548.3581564,,gold,0,2,sistema=0;relevancia-campo=2,candidato-por-metadados,Descoberta bibliográfica; análise posterior.
20260907T171423Z,1.2.0,"""voice user interface"" design",OpenAlex,https://openalex.org/W3167975929,https://doi.org/10.1145/3469595.3469597,LGBTQ-AI? Exploring Expressions of Gender and Sexual Orientation in Chatbots,2021,Justin Edwards; Leigh Clark; Allison Perrone,conference-paper,"Chatbots are popular machine partners for task-oriented and social interactions. Human-human computer-mediated communication research has explored how people express their gender and sexuality in online social interactions, but little is known about whether and in what way chatbots do the same. We conducted semi-structured interviews with 5 text-based conversational agents to explore this topic Through these interviews, we identified 6 common themes around the expression of gender and sexual identity: identity description, identity formation, peer acceptance, positive reflection, uncomfortable feelings and off-topic responses. Chatbots express gender and sexuality explicitly and through relation of experience and emotions, mimicking the human language on which they are trained. It is nevertheless evident that chatbots differ from human dialogue partners as they lack the flexibility and understanding enabled by lived human experience. While chatbots are proficient in using language to express identity, they also display a lack of authentic experiences of gender and sexuality.",https://doi.org/10.1145/3469595.3469597,https://dl.acm.org/doi/pdf/10.1145/3469595.3469597,cc-by,gold,3,6,sistema=6;relevancia-campo=3,candidato-por-metadados,Descoberta bibliográfica; análise posterior.
20260907T171423Z,1.2.0,"""voice user interface"" design",OpenAlex,https://openalex.org/W4386124799,https://doi.org/10.1007/978-3-031-42283-6_16,"Effects of Prior Experience, Gender, and Age on Trust in a Banking Chatbot With(Out) Breakdown and Repair",2023,Effie Lai‐Chong Law; Nena van As; Asbjørn Følstad,conference-paper,,https://durham-repository.worktribe.com/output/1710001,https://durham-repository.worktribe.com/preview/1710017/1710001AAM.pdf,cc-by,green,3,4,sistema=2;relevancia-campo=1,candidato-por-metadados,Descoberta bibliográfica; análise posterior.
20260907T171423Z,1.2.0,"""voice user interface"" design",OpenAlex,https://openalex.org/W4391945184,https://doi.org/10.30682/diiddsi23t2g,From Empathy to Inclusive Design: Multisensory Solutions for (Not Only) Socially Sustainable Projects,2024,Federica Delprino,article,"Solutions designed for specific niches have over time become integrated into common use, while others have remained the sole purview of small groups, defining and stigmatizing them. Through an analysis of the process that has made many technological solutions created for the disabled into common use for the majority, it is possible to understand when and how designers should intervene in creating their projects to guarantee the accessibility and usability of the resulting artefacts. There are ways to ‘empathize’ and consider users based on their general abilities and technological skills, so as to broaden the meaning and the sphere of accessibility. Deepening users’ needs and ways of interacting, shaping ‘personas’ according to their abilities and not just difficulties, can help design more inclusively. This approach makes possible not only the scalability and inclusiveness of the end result but also of the design tools, focusing on specific needs without being exclusionary.",http://dx.doi.org/10.30682/diiddsi23t2g,https://www.diid.it/diid/index.php/diid/article/download/t2-delprino/t2-delprino,cc-by-nc-sa,diamond,0,3,sistema=0;relevancia-campo=3,candidato-por-metadados,Descoberta bibliográfica; análise posterior.
