run_id,query_version,query,source_api,source_id,doi,title,year,authors,type,abstract,landing_url,pdf_url,license,oa_status,ontology_score,provisional_score,automatic_signal,decision,decision_reason
20260907T171423Z,1.2.0,"""voice user interface"" design",OpenAlex,https://openalex.org/W2251859727,https://doi.org/10.18653/v1/w15-5121,Recognition of Distress Calls in Distant Speech Setting: a Preliminary Experiment in a Smart Home,2015,Michel Vacher; Benjamin Lecouteux; Frédéric Aman; Solange Rossato; François Portet,conference-paper,"This paper presents a system to recognize distress speech in the home of seniors to provide reassurance and assistance.The system is aiming at being integrated into a larger system for Ambient Assisted Living (AAL) using only one microphone with a fix position in a non-intimate room.The paper presents the details of the automatic speech recognition system which must work under distant speech condition and with expressive speech.Moreover, privacy is ensured by running the decoding on-site and not on a remote server.Furthermore the system was biased to recognize only set of sentences defined after a user study.The system has been evaluated in a smart space reproducing a typical living room where 17 participants played scenarios including falls during which they uttered distress calls.The results showed a promising error rate of 29% while emphasizing the challenges of the task.",https://doi.org/10.18653/v1/w15-5121,https://www.aclweb.org/anthology/W15-5121.pdf,cc-by,gold,0,0,sistema=0;relevancia-campo=0,candidato-por-metadados,Descoberta bibliográfica; análise posterior.
20260907T171423Z,1.2.0,"""voice user interface"" design",OpenAlex,https://openalex.org/W4224807371,https://doi.org/10.3389/fdata.2022.867251,FROST: Fallback Voice Apps Recommendation for Unhandled Voice Commands in Intelligent Personal Assistants,2022,Qian Hu; Thahir Mohamed; Xiao Wei; Xiyao Ma; Xibin Gao; Zheng Gao; Radhika Arava; Mohamed AbdelHady,article,"Intelligent personal assistants (IPAs) such as Amazon Alexa, Google Assistant and Apple Siri extend their built-in capabilities by supporting voice apps developed by third-party developers. Sometimes the smart assistant is not able to successfully respond to user voice commands (aka utterances). There are many reasons including automatic speech recognition (ASR) error, natural language understanding (NLU) error, routing utterances to an irrelevant voice app, or simply that the user is asking for a capability that is not supported yet. The failure to handle a voice command leads to customer frustration. In this article, we introduce a fallback skill recommendation system (FROST) to suggest a voice app to a customer for an unhandled voice command. There are several practical issues when developing a skill recommender system for IPAs, i.e., partial observation, hard and noisy utterances. To solve the partial observation problem, we propose collaborative data relabeling (CDR) method. To mitigate hard and noisy utterance issues, we propose a rephrase-based relabeling technique. We evaluate the proposed system in both offline and online settings. The offline evaluation results show that the FROST system outperforms the baseline rule-based system. The online A/B testing results show a significant gain of customer experience metrics.",https://doi.org/10.3389/fdata.2022.867251,,cc-by,gold,0,1,sistema=0;relevancia-campo=1,candidato-por-metadados,Descoberta bibliográfica; análise posterior.
20260907T171423Z,1.2.0,"""voice user interface"" design",OpenAlex,https://openalex.org/W3027218641,,A Human-like Interaction with Intelligent Assistants,2018,Madeleine Wittbom,other,"Artificial Intelligence is being developed and implemented into everyday technologies at an ever increasing speed and the need to make Artificial Intelligence behave human-like has shown to be of importance in an effort to reduce the gap between human and computer. This study examines the state of human-like attributes in current the Intelligent Assistant Google Home to then further explore the design opportunities for a more human-like interaction with Intelligent Assistants. Through interviews, design experiments and prototypes this thesis arrives at a final design proposal for future implementation in Intelligent Assistants which defines what a human- like interaction entails for the people involved in this study.",http://hdl.handle.net/2043/25523,http://hdl.handle.net/2043/25523,,green,0,3,sistema=0;relevancia-campo=3,candidato-por-metadados,Descoberta bibliográfica; análise posterior.
20260907T171423Z,1.2.0,"""voice user interface"" design",OpenAlex,https://openalex.org/W3202150804,https://doi.org/10.3906/elk-2010-117,Detecting and correcting automatic speech recognition errors with a new model,2021,Recep Sinan Arslan; Necaattin Barışçı; Nursal Arıcı; Sabri Koçer,article,"The purpose of automatic speech recognition (ASR) systems is to recognize speech signals obtained from people and convert them into text so that they can be processed by a computer. Although many ASR applications are versatile and widely used in the real world, they still generate relatively inaccurate results. They tend to generate spelling errors in recognized words, especially in noisy environments, in situations where the vocabulary size is increased, and at times when the input speech is of poor quality. The permanent presence of errors in ASR systems has led to the need to find alternative methods for automatic detection and correction of such errors. In this study, the basic principles of ASR evaluation are first summarized, and then a new approach based on the suggestion of an alternative hypothesis is proposed for the detection and correction of these errors generated by ASR systems. The proposed method involves a series of processes such as identifying incorrect words, selecting the ones that can be corrected, and identifying candidate words to replace these words. As a result of the tests carried out by creating different test environments, significant performance improvements for Turkish were achieved and an average of 4.60 % performance improvement was provided.",https://doi.org/10.3906/elk-2010-117,https://journals.tubitak.gov.tr/cgi/viewcontent.cgi?article=1047&context=elektrik,cc-by,diamond,0,1,sistema=0;relevancia-campo=1,candidato-por-metadados,Descoberta bibliográfica; análise posterior.
20260907T171423Z,1.2.0,"""voice user interface"" design",OpenAlex,https://openalex.org/W4297156537,https://doi.org/10.1145/3546155.3546701,Requirements and Concepts for Interactive Media Retrieval User Interfaces,2022,Victor Adriel de Jesus Oliveira; Gernot Rottermanner; Stefanie Größbacher; Magdalena Boucher; Peter Judmaier,conference-paper,"Large amounts of multimedia data are constantly digitized and stored in archives. Accurate search and annotation tools are essential for the fast retrieval of archival records by archivists, scientists, and the general public. The complexity of processing and navigating large collections evidence the demand for solutions that are tailored to the needs of diverse target groups. In this paper, we investigate the requirements for multimedia search and annotation tools. After identifying examples of graphical user interfaces and visualization techniques to support navigating and annotating audiovisual content in archives, we performed an iterative user research. Based on expert interviews, focus groups, and surveys, we propose a series of requirements and concept ideas for user interfaces aimed at quality control and AI-assisted search of multimedia data. Results also show that open challenges and needs include the definition of tailored ontologies to describe archival multimedia data.",https://doi.org/10.1145/3546155.3546701,https://dl.acm.org/doi/pdf/10.1145/3546155.3546701,cc-by,gold,0,1,sistema=0;relevancia-campo=1,candidato-por-metadados,Descoberta bibliográfica; análise posterior.
20260907T171423Z,1.2.0,"""voice user interface"" design",OpenAlex,https://openalex.org/W4414055802,https://doi.org/10.4018/jgim.387836,Drivers of Intentions Towards Continued Use of Digital Voice Assistants,2025,Mercy Mpinganjira; Daniel K. Maduku; Nripendra P. Rana; Philile Thusi,article,"This study examines the critical factors influencing customers' trust, engagement, their intention to continue using AI-powered digital assistants. Data was collected from 505 digital assistant users and analysed using structural equation framework in AMOS. The results show that utilitarian and hedonic benefits, anthropomorphism, and the need for human interaction significantly explain customer engagement. Moreover, all these factors, except for the need for human interaction, influence customers' trust in digital assistants. The study's findings indicate that customer experience positively moderates the impact of utilitarian and hedonic values on customer trust. However, while customer engagement exerts a positive moderating impact on the hedonic-engagement relationship, its impact on the utilitarian-engagement relationship is negative. These findings shed light on the boundary conditions under which utilitarian and hedonic benefits influence customers' trust in and engagement with AI-based digital voice assistants, as well as how trust and engagement impact continuance intention.",https://doi.org/10.4018/jgim.387836,https://www.igi-global.com/ViewTitle.aspx?TitleId=387836&isxn=9798337315591,cc-by,diamond,3,5,sistema=2;relevancia-campo=2,candidato-por-metadados,Descoberta bibliográfica; análise posterior.
20260907T171423Z,1.2.0,"""voice user interface"" design",OpenAlex,https://openalex.org/W4406744153,https://doi.org/10.1145/3706598.3713438,Human Robot Interaction for Blind and Low Vision People: A Systematic Literature Review,2025,Yize Wei; Nathan Rocher; Chitralekha Gupta; Mia Huong Nguyen; Roger Zimmermann; Wei Tsang Ooi; Christophe Jouffrais; Suranga Nanayakkara,review,International audience,https://doi.org/10.1145/3706598.3713438,,cc-by,gold,0,2,sistema=0;relevancia-campo=2,candidato-por-metadados,Descoberta bibliográfica; análise posterior.
20260907T171423Z,1.2.0,"""voice user interface"" design",OpenAlex,https://openalex.org/W3201002520,https://doi.org/10.22456/1679-1916.118537,Análise com assistentes virtuais inteligentes: Um estudo de caso com o Google Assistente,2021,Daiane Rose Da Silva Matos; Francisco Kelsen de Oliveira,article,"Este artigo objetivou analisar a experiência dos usuários com o assistente virtual presente em smartphones que dispõem do Sistema Operacional (S.O) Android em tarefas peculiares do uso discente. A pesquisa contemplou alunos do curso Superior de Tecnologia em Sistemas para Internet do IFSertãoPE, buscando compreender se tais ferramentas conseguem auxiliar os estudantes na realização de suas atividades enquanto discentes. Os resultados alcançados identificaram ainda dificuldades dos usuários em realizar as tarefas pela assistente virtual de voz, embora sejam tarefas comumente realizadas por todos a partir de outras formas de interações.",https://doi.org/10.22456/1679-1916.118537,https://seer.ufrgs.br/index.php/renote/article/download/118537/64564,cc-by,diamond,2,2,sistema=2;relevancia-campo=0,candidato-por-metadados,Descoberta bibliográfica; análise posterior.
20260907T171423Z,1.2.0,"""voice user interface"" design",OpenAlex,https://openalex.org/W4309542826,https://doi.org/10.3390/fi14110343,Integrating Chatbot Media Automations in Professional Journalism: An Evaluation Framework,2022,Efthimis Kotenidis; Nikolaos Vryzas; Andreas Veglis; Charalampos Dimoulas,article,"Interactivity has been a very sought-after feature in professional journalism ever since the media industry transitioned from print into the online space. Within this context, chatbots started to infiltrate the media sphere and provide news organizations with new and innovative ways to create and share their content, with an even larger emphasis on back-and-forth communication and news reporting personalization. The present research highlights two important factors that can determine the efficient integration of chatbots in professional journalism: the feasibility of chatbot programming by journalists without a background in computer science using coding-free platforms and the usability of the created chatbot agents for news reporting to the audience. This paper aims to review some of the most popular, coding-free chatbot creation platforms that are available to journalists today. To that end, a three-phase evaluation framework is introduced. First off, the interactivity features that they offer to media industry workers are evaluated using an appropriate metrics framework. Secondly, a two- part workshop is conducted where journalists use the aforementioned platforms to create their own chatbot news reporting agents with minimum training, and lastly, the created chatbots are evaluated by a larger audience concerning the usability and overall user experience.",https://doi.org/10.3390/fi14110343,https://www.mdpi.com/1999-5903/14/11/343/pdf?version=1669110213,cc-by,gold,3,6,sistema=4;relevancia-campo=4,candidato-por-metadados,Descoberta bibliográfica; análise posterior.
20260907T171423Z,1.2.0,"""voice user interface"" design",OpenAlex,https://openalex.org/W2914949742,https://doi.org/10.15394/ijaaa.2019.1305,Speech Interfaces and Pilot Performance: A Meta-Analysis,2019,Kenneth Ward,review,"As the aviation industry modernizes, new technology and interfaces must support growing aircraft complexity without increasing pilot workload. Natural language processing presents just such a simple and intuitive interface, yet the performance implications for use by pilots remain unknown. A meta-analysis was conducted to understand performance effects of using speech and voice interfaces in a series of pilot task analogs. The inclusion criteria selected studies that involved participants performing a demanding primary task, such as driving, while interacting with a vehicle system to enter numbers, dial radios, or enter a navigation destination. Compared to manual system interfaces, voice interfaces reduced subjective workload and inattention. Time to complete interactions with the interface appear to vary based upon the individual system, with systems that require prompts or provide confirmation taking the longest. Implications of introducing natural language systems in aviation are discussed and recommendations for future study are provided.",https://doi.org/10.15394/ijaaa.2019.1305,https://commons.erau.edu/cgi/viewcontent.cgi?article=1305&context=ijaaa,cc-by-nc-nd,diamond,0,3,sistema=0;relevancia-campo=3,candidato-por-metadados,Descoberta bibliográfica; análise posterior.
20260907T171423Z,1.2.0,"""voice user interface"" design",OpenAlex,https://openalex.org/W4317926919,https://doi.org/10.1145/3560905.3568504,Capricorn,2022,Ziqi Wang; Ankur Sarker; Jason Wu; Derek Hua; Gaofeng Dong; Akash Deep Singh; Mani Srivastava,conference-paper,"Video scene analysis is a well-investigated area where researchers have devoted efforts to detect and classify people and objects in the scene. However, real-life scenes are more complex: the intrinsic states of the objects (e.g., machine operating states or human vital signals) are often overlooked by vision-based scene analysis. Recent work has proposed a radio frequency (RF) sensing technique, wireless vibrometry, that employs wireless signals to sense subtle vibrations from the objects and infer their internal states. We envision that the combination of video scene analysis with wireless vibrometry form a more comprehensive understanding of the scene, namely ""rich scene analysis"". However, the RF sensors used in wireless vibrometry only provide time series, and it is challenging to associate these time series data with multiple real-world objects. We propose a real-time RF-vision sensor fusion system, Capricorn, that efficiently builds a cross-modal correspondence between visual pixels and RF time series to better understand the complex natures of a scene. The vision sensors in Capricorn model the surrounding environment in 3D and obtain the distances of different objects. In the RF domain, the distance is proportional to the signal time-of-flight (ToF), and we can leverage the ToF to separate the RF time series corresponding to each object. The RF-vision sensor fusion in Capricorn brings multiple benefits. The vision sensors provide environmental contexts to guide the processing of RF data, which helps us select the most appropriate algorithms and models. Meanwhile, the RF sensor yields additional information that is originally invisible to vision sensors, providing insight into objects' intrinsic states. Our extensive evaluations show that Capricorn real-timely monitors multiple appliances' operating status with an accuracy of 97%+ and recovers vital signals like respirations from multiple people. A video (https://youtu.be/b-5nav3Fi78) demonstrates the capability of Capricorn.",https://doi.org/10.1145/3560905.3568504,https://dl.acm.org/doi/pdf/10.1145/3560905.3568504,,gold,0,2,sistema=0;relevancia-campo=2,candidato-por-metadados,Descoberta bibliográfica; análise posterior.
20260907T171423Z,1.2.0,"""voice user interface"" design",OpenAlex,https://openalex.org/W1585104856,https://doi.org/10.4018/978-1-93070-840-2.ch002,Military Applications of Natural Language Processing and Software,2002,James A. Rodger; Tamara V. Trank; Parag C. Pendharkar,book-chapter,"A preliminary feasibility study aboard U.S. Navy ships utilized voice interactive technology to improve medical readiness. A focus group was surveyed about reporting methods in health and environmental surveillance inspections to develop criteria for designing a lightweight, wearable computing device with voice interactive capability. The voice interactive computing device included automated user prompts, enhanced data analysis, presentation and dissemination tools in support of preventive medicine. The device was capable of storing, processing and forwarding data to a server. The prototype enabled quick, efficient and accurate environmental surveillance. In addition to reducing the time needed to complete inspections, the device supported local reporting requirements and enhanced command-level intelligence. Where possible, existing technologies were utilized in creating the device. Limitations in current voice recognition technologies created challenges for training and user interface.",http://aisel.aisnet.org/amcis2001/233,https://aisel.aisnet.org/cgi/viewcontent.cgi?article=1672&context=amcis2001,,green,0,2,sistema=0;relevancia-campo=2,candidato-por-metadados,Descoberta bibliográfica; análise posterior.
20260907T171423Z,1.2.0,"""voice user interface"" design",OpenAlex,https://openalex.org/W4412408993,https://doi.org/10.1155/hbe2/5542513,"Generative AI in Marketing: Foundations, Trends, and Future Research Propositions",2025,Akshara Prasanna; Bijay Prasad Kushwaha,article,"This study intends to conduct a bibliometric analysis of the literature on generative artificial intelligence (GenAI) in marketing. Moreover, it expounds the research foundations and emerging patterns associated with GenAI in marketing and formulates prospective research propositions. This study utilizes bibliometric analysis and a literature review to evaluate the scholarly contributions of publications, authors with the highest productivity, publications with significant impact, institutions, and nations. Three hundred and seventy‐one Scopus and Web of Science database documents were retrieved and consolidated by eliminating duplicates. The analysis employed various techniques, including coword analysis, thematic representation, cocitations, coupling by clustering, and international collaborations. The research uses the Bibliometrix R package to merge the dataset and conduct the bibliometric analysis. The last 2 years, 2023 and 2024, stand out as the most productive years with a notable quantity of publications, reaching 107 in 2023 and 71 in 2024. The most influential papers revolve around advertising content, sentiment analysis, and text mining. The institution with the most influence in this field is the University of Colorado Boulder, and the country is the United States. Bibliographic coupling analysis proposed the presence of four thematic clusters: opinion and text mining, big data analytics, artificial intelligence in marketing, and user‐generated content. The investigation is an enlightening resource for scholars researching GenAI within the marketing domain. It will benefit researchers to familiarize themselves with previous studies and current research in this field. It also offers valuable information on this area’s most promising articles, journals, and authors. Furthermore, it provides valuable insights into potential avenues for future investigations in this domain. Consequently, the findings of this study will be advantageous for aspiring scholars in this field to establish the direction of their research endeavors. This study primarily examines performance and an academic representation of GenAI’s role in marketing. It serves as the initial study to present GenAI’s current research positions and future directions in marketing through bibliometric analysis.",https://doi.org/10.1155/hbe2/5542513,https://onlinelibrary.wiley.com/doi/pdfdirect/10.1155/hbe2/5542513,cc-by,gold,0,1,sistema=0;relevancia-campo=1,candidato-por-metadados,Descoberta bibliográfica; análise posterior.
20260907T171423Z,1.2.0,"""voice user interface"" design",OpenAlex,https://openalex.org/W4384939881,https://doi.org/10.32734/abdimastalenta.v8i1.10157,An Inventory Control System to Minimize the Cost of Disposing of Expired Goods in Multi Indah Store,2023,Desi Arisandy; Rudi Rudi; Caroline Caroline; Reid; Alvin Alvin,article,"Multi Indah store is a small business engaged in the sale of shoe raw materials. The customer is a shoemaker. The problem faced by stores today is the process of sorting the shelf life which takes quite a long time so that it has an impact on the slow delivery of goods to customers. The development of an inventory control system using the RAD methodology is a solution offered to stores. The results of the system test found that the sorting process is faster and can help control the amount of inventory, service life, and items that are nearing expiration can be known quickly by shop owners through reports presented by the system.",http://dx.doi.org/10.32734/abdimastalenta.v8i1.10157,https://talenta.usu.ac.id/abdimas/article/download/10157/6294,cc-by-sa,diamond,0,1,sistema=0;relevancia-campo=1,candidato-por-metadados,Descoberta bibliográfica; análise posterior.
20260907T171423Z,1.2.0,"""voice user interface"" design",OpenAlex,https://openalex.org/W4221104203,https://doi.org/10.1007/s40747-022-00664-2,Counseling (ro)bot as a use case for 5G/6G,2022,Yoshio Taniguchi; Yukino Ikegami; Hiroshi Fujikawa; Yogesh Pathare; Andrea Kutics; Massimo Banzi; Marco Anisetti; Ernesto Damiani; Yoshitaka Sakurai; Setsuo Tsuruta,article,"This paper presents a counseling (ro)bot called Visual Counseling Agent (VICA) which focuses on remote mental healthcare. It is an agent system leveraging artificial intelligence (AI) to aid mentally distressed persons through speech conversation. The system terminals are connected to servers by the Internet exploiting Cloud-nativeness, so that anyone who has any type of terminal can use it from anywhere. Despite a promising voice communication interface, VICA shows limitations in conversation continuity on conventional 4G networks. Concretely, the use of the current 4G networks produces word dropping, delayed response, and the occasional connection failure. The objective of this paper is to mitigate these issues by leveraging a 5G/6G slice inclusive of mobile/multiple edge computing (MEC). First, we propose and partly implement the enhanced and advanced version of VICA. Servers of enhanced versions collaborate to increase speech recognition reliability. Although it significantly increases generated data volume, the advanced version enables a recognition of the facial expressions to greatly enhance counseling quality. Then, we propose a quality assurance mechanism using multiple levels of catalog, as well as 5G/6G slice inclusive of MEC, and conduct experiments to uncover issues related to the 4G. Results indicate that the number of speech recognition errors in Internet Cloud is more than twofold compared to edge computing, implying that quality assurance using 5G/6G in conjunction with VICA Counseling (ro)bot has higher efficiency.",https://doi.org/10.1007/s40747-022-00664-2,https://link.springer.com/content/pdf/10.1007/s40747-022-00664-2.pdf,cc-by,gold,0,2,sistema=0;relevancia-campo=2,candidato-por-metadados,Descoberta bibliográfica; análise posterior.
20260907T171423Z,1.2.0,"""voice user interface"" design",OpenAlex,https://openalex.org/W7106063933,https://doi.org/10.55041/ijsrem54147,Smart Voice Assistant Using Machine Learning and Deep Learning,2025,Gorelal Verma; Deepesh Dewangan,article,"Abstract : A Smart Voice Assistant is an intelligent, AI-driven system capable of understanding, interpreting, and generating human speech to perform a wide range of tasks. By combining speech recognition, natural language processing, and machine learning, these assistants allow users to interact with technology in a natural and conversational manner. The system listens to voice commands, processes user intent, and delivers accurate responses or actions such as playing music, controlling smart home devices, setting reminders, and retrieving realtime information. In today’s fast-paced digital environment, Smart Voice Assistants play a significant role in enhancing user convenience, accessibility, and productivity. They reduce the need for manual input, making technology more inclusive for elderly and physically challenged users. The increasing integration of voice assistants in smartphones, IoT devices, automobiles, and customer service systems demonstrates their growing impact on daily life and industry. This project focuses on understanding the architecture, working principles, applications, and challenges of Smart Voice Assistants. It also highlights concerns related to data privacy, accuracy, language support, and continuous improvement through user feedback. Overall, the study emphasizes how Smart Voice Assistants are transforming human–computer interaction and shaping the future of intelligent automation. Keywords:. Artificial Intelligence (AI), Machine Learning (ML), Natural Language Processing (NLP), Speech Recognition, Voice Commands, Human–Computer Interaction (HCI), Text-to-Speech (TTS), Automatic Speech Recognition (ASR), Smart Devices, Internet of Things (IoT), User Intent Detection, Virtual Assistant, Conversational AI, Cloud Computing, Data Privacy, Automation",https://doi.org/10.55041/ijsrem54147,https://ijsrem.com/download/smart-voice-assistant-using-machine-learning-and-deep-learning/?wpdmdl=61115&refresh=691d6cd20690e1763536082,,bronze,3,6,sistema=2;relevancia-campo=6,candidato-por-metadados,Descoberta bibliográfica; análise posterior.
20260907T171423Z,1.2.0,"""voice user interface"" design",OpenAlex,https://openalex.org/W3175446646,https://doi.org/10.3390/app11136057,Use Learnable Knowledge Graph in Dialogue System for Visually Impaired Macro Navigation,2021,Ching-Han Chen; Ming-Fang Shiu; Shu‐Hui Chen,article,"Dialogue in natural language is the most important communication method for the visually impaired. Therefore, the dialogue system is the main subsystem in the visually impaired navigation system. The purpose of the dialogue system is to understand the user’s intention, gradually establish context through multiple conversations, and finally provide an accurate destination for the navigation system. We use the knowledge graph as the basis of reasoning in the dialogue system, and then update the knowledge graph so that the system gradually conforms to the user’s background. Based on the experience of using the knowledge graph in the navigation system of the visually impaired, we expect that the same framework can be applied to more fields in order to improve the practicality of natural language dialogue in human–computer interaction.",https://doi.org/10.3390/app11136057,https://www.mdpi.com/2076-3417/11/13/6057/pdf?version=1624972174,cc-by,gold,3,6,sistema=1;relevancia-campo=4,candidato-por-metadados,Descoberta bibliográfica; análise posterior.
20260907T171423Z,1.2.0,"""voice user interface"" design",OpenAlex,https://openalex.org/W3091822305,https://doi.org/10.15207/jkcs.2020.11.9.091,Research on Emotional Factors and Voice Trend by Country to be considered in Designing AI's Voice - An analysis of interview with experts in Finland and Norway,2020,Kiechan Namkung,article,"Use of voice-based interfaces that can interact with users is increasing as AI technology develops. To date, however, most of the research on voice-based interfaces has been technical in nature, focused on areas such as improving the accuracy of speech recognition. Thus, the voice of most voice-based interfaces is uniform and does not provide users with differentiated sensibilities. The purpose of this study is to add a emotional factor suitable for the AI interface. To this end, we have derived emotional factors that should be considered in designing voice interface. In addition, we looked at voice trends that differed from country to country. For this study, we conducted interviews with voice industry experts from Finland and Norway, countries that use their own independent languages.",http://koreascience.or.kr/journal/view.jsp?kj=OHHGBW&py=2020&vnc=v11n9&sp=91,,,closed,0,2,sistema=0;relevancia-campo=2,candidato-por-metadados,Descoberta bibliográfica; análise posterior.
20260907T171423Z,1.2.0,"""voice user interface"" design",OpenAlex,https://openalex.org/W4213330196,https://doi.org/10.1007/s10270-022-00982-6,AI-driven streamlined modeling: experiences and lessons learned from multiple domains,2022,Sagar Sunkle; K. B. Saxena; Ashwini Patil; Vinay Kulkarni,article,,https://doi.org/10.1007/s10270-022-00982-6,https://link.springer.com/content/pdf/10.1007/s10270-022-00982-6.pdf,,bronze,0,0,sistema=0;relevancia-campo=0,candidato-por-metadados,Descoberta bibliográfica; análise posterior.
20260907T171423Z,1.2.0,"""voice user interface"" design",OpenAlex,https://openalex.org/W4409715985,https://doi.org/10.13052/jwe1540-9589.2421,Augmenting Websites with Voice Commands: An Approach Focused on Accessibility,2025,César González-Mora; Irene Garrigós; Sven Casteleyn; Sérgio Firmenich,article,"Even now, users with disabilities encounter serious barriers when accessing the Web. In particular, blind and visually impaired users encounter difficulties browsing and reading the contents of a website. Screen readers provide some assistance, yet, as they are unable to interpret the Web structure, they summarise information and read specific labelled fragments. Therefore, the overall comprehension of the text remains challenging. In this sense, in order to improve the accessibility of websites on the fly, we propose a Web augmentation framework for accessibility (WAFRA). Our framework uses Web augmentation techniques that extend the website with voice interaction and new actions: label text fragments, read aloud these fragments, facilitate navigation, increase font size and show videos. In order to perform this accessibility improvement, we automatically provide annotations from DBPedia regarding important information for end users. Moreover, we also provide the option that intermediary users add new annotations for labelling or including more specific information, which can be shared with other users by crowdsourcing. The evaluation of the framework shows its usefulness to ease website access for users with visual disabilities compared to using screen readers.",https://doi.org/10.13052/jwe1540-9589.2421,https://journals.riverpublishers.com/index.php/JWE/article/download/27667/21701,,diamond,0,3,sistema=0;relevancia-campo=4,candidato-por-metadados,Descoberta bibliográfica; análise posterior.
20260907T171423Z,1.2.0,"""voice user interface"" design",OpenAlex,https://openalex.org/W4406916404,https://doi.org/10.1145/3715852,Preparation of Personalized Medicines through Collaborative Robots: A Hybrid Approach to the End-User Development of Robot Programs,2025,Luigi Gargioni; Daniela Fogli; Pietro Baroni,article,"Galenic formulations are personalized medicines prepared by pharmacists in their laborato ries. They are produced in small batches considering single patients’ characteristics, such as age, gender, allergies, and the like, thus contributing to responsible health. The production process is performed manually with the support of mechanic machines. This activity is time-consuming, prone to errors, and subject to quality variations. In this paper, we propose the integration of collaborative robots into the galenic formulation process to obtain several advantages, such as increased productivity, reduced variability, improved accuracy, and minimized risks associated with human error. Additionally, the use of robots can alleviate the physical burden on human operators, allowing them to focus on higher-level tasks that require critical thinking and decision-making. To achieve this goal, a software application, called PRAISE (Pharmaceutical Robotic and AI System for End users), has been developed; it is meant to support end users (i.e., pharmacists) in defining robot programs suitable to the case at hand. This application is conceived as an End-User Development (EUD) environment, which implements a hybrid interaction approach based on a natural language interface leveraging Large Language Models and a graphical interface to check and possibly revise the user-created robot programs. A user study carried out with nine pharmacists demonstrates the validity of the approach.",https://doi.org/10.1145/3715852,,cc-by,hybrid,0,3,sistema=0;relevancia-campo=4,candidato-por-metadados,Descoberta bibliográfica; análise posterior.
20260907T171423Z,1.2.0,"""voice user interface"" design",OpenAlex,https://openalex.org/W2944326651,https://doi.org/10.5392/jkca.2018.18.08.573,Determinants of Safety and Satisfaction with In-Vehicle Voice Interaction : With a Focus of Agent Persona and UX Components,2018,Jihyun Kim; Ka-hyun Lee; Junho Choi,article,,http://koreascience.or.kr:80/article/JAKO201828138444478.pdf,,,green,0,3,sistema=0;relevancia-campo=3,candidato-por-metadados,Descoberta bibliográfica; análise posterior.
20260907T171423Z,1.2.0,"""voice user interface"" design",OpenAlex,https://openalex.org/W4390608117,https://doi.org/10.1038/s42003-023-05688-z,Melvin is a conversational voice interface for cancer genomics data,2024,Akila Perera; Vinay Warrier; Shwetha Sundararaman; Yi Hsiao; Soumita Ghosh; Linganesan Kularatnarajah; Jason J. Pitt,article,"Despite large collections of cancer genomics data being openly available, the inability to quickly interrogate this information remains a barrier for researchers and oncologists. Here we present Melvin, an Amazon Alexa skill to explore cancer genomics data through simple conversations. Melvin is a multi-modal Amazon Alexa skill that allows users to quickly explore cancer genomics data from TCGA through simple conversations.",https://doi.org/10.1038/s42003-023-05688-z,https://www.nature.com/articles/s42003-023-05688-z.pdf,cc-by,gold,0,2,sistema=0;relevancia-campo=2,candidato-por-metadados,Descoberta bibliográfica; análise posterior.
20260907T171423Z,1.2.0,"""voice user interface"" design",OpenAlex,https://openalex.org/W4387421759,https://doi.org/10.1145/3577190.3614131,µGeT: Multimodal eyes-free text selection technique combining touch interaction and microgestures,2023,Gauthier Robert Jean Faisandaz; Alix Goguey; Christophe Jouffrais; Laurence Nigay,conference-paper,"We present µGeT, a novel multimodal eyes-free text selection technique. µGeT combines touch interaction with microgestures. µGeT is especially suited for People with Visual Impairments (PVI) by expanding the input bandwidth of touchscreen devices, thus shortening the interaction paths for routine tasks. To do so, µGeT extends touch interaction (left/right and up/down flicks) using two simple microgestures: thumb touching either the index or the middle finger. For text selection, the multimodal technique allows us to directly modify the positioning of the two selection handles and the granularity of text selection. Two user studies, one with 9 PVI and one with 8 blindfolded sighted people, compared µGeT with a baseline common technique (VoiceOver like on iPhone). Despite a large variability in performance, the two user studies showed that µGeT is globally faster and yields fewer errors than VoiceOver. A detailed analysis of the interaction trajectories highlights the different strategies adopted by the participants. Beyond text selection, this research shows the potential of combining touch interaction and microgestures for improving the accessibility of touchscreen devices for PVI.",https://doi.org/10.1145/3577190.3614131,https://dl.acm.org/doi/pdf/10.1145/3577190.3614131,,bronze,0,3,sistema=0;relevancia-campo=4,candidato-por-metadados,Descoberta bibliográfica; análise posterior.
20260907T171423Z,1.2.0,"""voice user interface"" design",OpenAlex,https://openalex.org/W4407704728,https://doi.org/10.51219/jaimld/venkata-padma-kumar-vemuri/494,The Evolution of Human-Computer Interaction: From Command Lines to Conversational Interfaces Powered by Large Language Models,2024,V. Vemuri,article,"Human-computer interaction (HCI) has undergone a dramatic transformation since the early days of computing.From punch cards and command-line interfaces to graphical user interfaces (GUIs) and touchscreens, the way humans interact with computers has continuously evolved, driven by technological advancements and a deeper understanding of human needs and preferences.This evolution has led to more intuitive, efficient, and accessible interfaces, making technology more user-friendly and integrated into our daily lives.Now, with the rise of large language models (LLMs), HCI is poised for another significant leap forward, one that promises to revolutionize how we interact with computers and reshape the digital landscape.",https://doi.org/10.51219/jaimld/venkata-padma-kumar-vemuri/494,https://doi.org/10.51219/jaimld/venkata-padma-kumar-vemuri/494,,bronze,3,6,sistema=2;relevancia-campo=4,candidato-por-metadados,Descoberta bibliográfica; análise posterior.
20260907T171423Z,1.2.0,"""voice user interface"" design",OpenAlex,https://openalex.org/W4403880933,https://doi.org/10.2196/57009,The Role of Health in the Technology Acceptance Model Among Low-Income Asian American Older Adults: Cross-Sectional Survey Analysis,2024,Pauline DeLange Martinez; Daniel J. Tancredi; Misha Pavel; Lorena García; Heather M. Young,article,"BACKGROUND: Self-rated health is associated with information and communications technology (ICT) use among older adults. Non-US born, older Asian American individuals are more inclined to rate their health as fair or poor compared to individuals from other racial and ethnic backgrounds. This population is also less likely to use ICTs as compared to White older Americans. Furthermore, cognitive decline may impact technology acceptance. In a previous adaptation of the technology acceptance model for low-income, Asian American older adults, perceived usefulness (PU), perceived ease of use (PEOU), age, educational attainment, ethnicity, and English proficiency were significant predictors of ICT use. However, the association between health and technology acceptance has not been explored among Asian American older adults. OBJECTIVE: This study examined the role of self-rated health and subjective cognitive decline in the acceptance and use of ICTs among low-income, Asian American older adults. METHODS: This cross-sectional survey included Asian American individuals aged ≥62 years living in affordable housing for older adults (N=392). Using hierarchical multiple regression, we explored the association between self-rated health and ICT use and technology acceptance model mediators (PU and PEOU) while adjusting for demographics, English proficiency, and subjective cognitive decline. Contrast statements were used to estimate contrasts of interest. To further examine the separate and joint association between age and subjective cognitive decline and the dependent variables, we examined scatterplots with locally estimated scatterplot smoothing lines, revealing that the relationship between subjective cognitive decline and ICT use varied in 3 age segments, which led to updating our analysis to estimate differences in ICT use among age categories with and without subjective cognitive decline. RESULTS: =0.011; P=.04). In reviewing scatterplots, we determined that, in the youngest age group (62-74 years), ICT use increased with subjective cognitive decline, whereas in the older age groups (75-84 and ≥85 years), ICT use decreased with subjective cognitive decline, more so in the oldest age category. Through regression analysis, among participants with subjective cognitive decline, ICT use significantly decreased in the middle and older age groups as compared to the youngest age group. However, among participants without subjective cognitive decline, the difference in use among age groups was not significant. CONCLUSIONS: This study contributes to the understanding of the complex relationship between health and ICT acceptance among low-income, Asian American older adults and suggests the need for tailored interventions to promote digital engagement and quality of life for this population.",https://doi.org/10.2196/57009,https://formative.jmir.org/2024/1/e57009/PDF,cc-by,gold,0,0,sistema=0;relevancia-campo=0,candidato-por-metadados,Descoberta bibliográfica; análise posterior.
20260907T171423Z,1.2.0,"""voice user interface"" design",OpenAlex,https://openalex.org/W4383989440,https://doi.org/10.48550/arxiv.2307.04481,Digital Modeling for Everyone: Exploring How Novices Approach Voice-Based 3D Modeling,2023,Giuseppe Desolda; Andrea Esposito; Florian Müller; Sebastian S. Feger,preprint,"Manufacturing tools like 3D printers have become accessible to the wider society, making the promise of digital fabrication for everyone seemingly reachable. While the actual manufacturing process is largely automated today, users still require knowledge of complex design applications to produce ready-designed objects and adapt them to their needs or design new objects from scratch. To lower the barrier to the design and customization of personalized 3D models, we explored novice mental models in voice-based 3D modeling by conducting a high-fidelity Wizard of Oz study with 22 participants. We performed a thematic analysis of the collected data to understand how the mental model of novices translates into voice-based 3D modeling. We conclude with design implications for voice assistants. For example, they have to: deal with vague, incomplete and wrong commands; provide a set of straightforward commands to shape simple and composite objects; and offer different strategies to select 3D objects.",http://arxiv.org/abs/2307.04481,https://arxiv.org/pdf/2307.04481,cc-by,green,3,4,sistema=2;relevancia-campo=1,candidato-por-metadados,Descoberta bibliográfica; análise posterior.
20260907T171423Z,1.2.0,"""voice user interface"" design",OpenAlex,https://openalex.org/W2735622052,,Technology acceptance of voice assistants : anthropomorphism as factor,2017,Arttu Kääriä,dissertation,"Teknologian omaksumista on tutkittu tietojärjestelmätieteissä vuosia, tarkoituksena selvittää mitkä tekijät vaikuttavat teknologian omaksumiseen. Nämä tutkimukset ovat tuottaneet erilaisia malleja, jotka selittävät tämän prosessin niin teknisestä, kuin motivaation näkökulmasta. Tämä tutkimus yrittää luoda mallin joka selittää teknologian omaksumisen, kun antropomorfismi on lisätty tekijäksi. Tätä mallia tutkitaan ääniavustajien kontekstissa. Tämä pro-gradu tutkielma koostuu kirjallisuuskatsauksesta, sekä empiirisestä tutkimuksesta. Kirjallisuuskatsaus osoittaa antropomorfismin voivan vaikuttaa käyttäjän käyttäytymiseen. Lisäksi katsaus tunnistaa sopivia tekijöitä, joilla mitata antropomorfismia, sekä tarkastelee tekijöitä nykyisissä teknologian omaksumismalleissa uutta teoreettista viitekehystä varten. Tämän tuloksena syntyvä viitekehys yhdistää järjestelmän laadun, koetun hyödyllisyyden, koetun helppokäyttöisyyden, sosiaalisen vaikutuksen sekä suosittuuden antropomorfismin kanssa, jonka avulla voidaan nähdä miten nämä tekijät vaikuttavat käyttöaikomukseen ja käyttäjätyytyväisyyteen. Lisäksi tämä viitekehys mittaa antropomorfismia aiheuttavia ääniavustajan ominaisuuksia, sekä käyttäjän taipumuksellisia tekijöitä. Tätä viitekehystä tutkitaan kvantitatiivisena tutkimuksena. Tutkimuksen tulosten perusteella, antropomorfismilla ei ollut odotettuja vaikutuksia käyttöaikomukseen tai käyttäjätyytyväisyyteen. Sen sijaan vaikuttavimmat tekijät olivat koettu hyödyllisyys, koettu helppokäyttöisyys sekä järjestelmän laatu. Tutkielman lopuksi näistä tuloksista keskustellaan, sekä mahdollisia selitysmalleja harkitaan. Tutkielma tarjoaa myös mahdollisia aiheita jatkotutkimukseen.",http://urn.fi/URN:NBN:fi:jyu-201706202988,http://urn.fi/URN:NBN:fi:jyu-201706202988,,green,2,2,sistema=2;relevancia-campo=0,candidato-por-metadados,Descoberta bibliográfica; análise posterior.
20260907T171423Z,1.2.0,"""voice user interface"" design",OpenAlex,https://openalex.org/W2919328693,https://doi.org/10.1109/access.2019.2901926,Upper Limb Motor Skills Performance Evaluation Based on Point-and-Click Cursor Trajectory Analysis: Application in Early Multiple Sclerosis Detection,2019,Nikolaos Papatheodorou; Alexandros Pino; Γεώργιος Κουρουπέτρογλου; Vasilios C. Constantinides; Elisabeth Andreadou; Charalabos Papageorgiou,article,"We present an enhanced version of the input device evaluation application (IDEA) system as an objective method for evaluating upper limb motor skills performance. By introducing three new metrics for mouse cursor trajectory analysis, along with the application of the two-dimensional (2D) experiment in the case of multiple sclerosis (MS), we examine the sensitivity of the IDEA system for differentiating patients with early-stage MS and healthy participants. The IDEA system calculates multiple kinematic metrics for point-and-click tasks: movement time, index of difficulty, effective target width, effective index of difficulty, throughput, missed clicks, target re-entry, task axis crossing, movement direction change, orthogonal direction change, movement variability, movement error, movement offset, mean velocity, velocity peaks, and maximum/mean velocity ratio. The results reveal that the IDEA system sensitivity has been improved in comparison with previous studies, which is high enough to detect the presence of early-stage MS with a 70.9% success rate in the 2D experiment.",https://doi.org/10.1109/access.2019.2901926,https://ieeexplore.ieee.org/ielx7/6287639/8600701/08653817.pdf,,gold,0,1,sistema=0;relevancia-campo=1,candidato-por-metadados,Descoberta bibliográfica; análise posterior.
20260907T171423Z,1.2.0,"""voice user interface"" design",OpenAlex,https://openalex.org/W4388447994,https://doi.org/10.35765/pk.2023.4203.14,Głos jako element tożsamości w hybrydycznej rzeczywistości relacji człowiek – asystent głosowy,2023,Grażyna Stachyra,article,"Artykuł podejmuje problem asystentów głosowych, których algorytmy syntezy mowy imitują głos naturalny. Liczne badania dowodzą, że użytkownicy tych urządzeń oraz aplikacji traktują je jako istoty społeczne. Takie zachowanie jest efektem hybrydycznego charakteru rzeczywistości komunikacyjnej, w której cechy głosu naturalnego wywołujące określone reakcje są transponowane na głos przetworzony technologicznie. Diagnoza tej problematyki obejmująca aspekty specyfiki mowy syntetycznej oraz modelowania walorów emocjonalnych w głosie generowanym pozwala wnioskować, że człowiek intuicyjnie nadaje głosowi asystenta te cechy, które naturalny głos sygnalizuje w kontaktach międzyludzkich. Ponieważ ze społecznego punktu widzenia głos jest nośnikiem tożsamości mówiącego (czyli cech fizycznych, psychicznych i społecznych), artykuł wskazuje, dlaczego możliwość klonowania głosu burzy kulturowy porządek postrzegania głosu jako elementu tożsamości konkretnej osoby oraz dlaczego zakłóca świadomość odrębności własnego i cudzego głosu.",https://doi.org/10.35765/pk.2023.4203.14,https://czasopisma.ignatianum.edu.pl/pk/article/download/2675/2455,cc-by,diamond,0,0,sistema=0;relevancia-campo=0,candidato-por-metadados,Descoberta bibliográfica; análise posterior.
20260907T171423Z,1.2.0,"""voice user interface"" design",OpenAlex,https://openalex.org/W3181210588,https://doi.org/10.1109/access.2021.3095720,Physical Modeling of the Ancient Greek Wind Musical Instrument Aulos: A Double-Reed Exciter Linked to an Acoustic Resonator,2021,Spyros Polychronopoulos; Dimitra Marini; Konstantinos Bakogiannis; Γεώργιος Κουρουπέτρογλου; Stelios Psaroudakēs; Anastasia Georgaki,article,"We present a simulation method for the auralization of the ancient Greek double-reed wind instrument Aulos. The implementation is based on Digital Signal Processing and physical modeling techniques for the instrument's two parts: the excitation mechanism and the acoustic resonator with toneholes. Single-reeded instruments are in-depth studied firstly because their excitation mechanism is the one used in a great amount of modern wind-reed instruments and secondly because the physics governing the phenomena is less complicated than the double-reeded instruments. We here provide a detailed model of a system comprised of a double-reed linked to an acoustic resonator with toneholes to sonify Aulos. We validate our results by comparing our method's synthesized signal with recordings from a replica of Aulos of Poseidonia built in our lab. The comparison showed that the fundamental frequencies and the first three odd harmonics of the signals differ 6, 5, 3, and 2 cents on average, respectively, which is below the Just Noticeable Difference threshold.",https://doi.org/10.1109/access.2021.3095720,https://ieeexplore.ieee.org/ielx7/6287639/9312710/09477590.pdf,cc-by,gold,0,0,sistema=0;relevancia-campo=0,candidato-por-metadados,Descoberta bibliográfica; análise posterior.
20260907T171423Z,1.2.0,"""voice user interface"" design",OpenAlex,https://openalex.org/W3178437649,https://doi.org/10.14569/ijacsa.2021.0120624,Fully Automated Ontology Increment`S user Guide Generation,2021,Kaneeka Vidanage; Rosmayati Mohemad; Noor Maizura Mohamad Noor; Zuriana Abu Bakar,article,"This research focuses on a domain and schema independent user-guide generation for ontology increments. Having a user guide or a catalogue/manual is vital for quick and effective knowledge dissemination. If a user guide can be generated for an ontology as well, there could be ample advantages. Stakeholders can scan across the user guide of the ontology and verify the eligibility of it, against the intended purposes. Additionally, this could be useful in ontology`s version management requisites and knowledge verification requirements as well. Even though, ontology construction being iterative and incremental operational, there will be several intermediate versions before it reaches to the fine-tuned final version. Therefore, manual user guide creation will be a tedious and impossible operation. Consequently, this research focuses on a novel algorithmic approach to domain and schema independent ontology verbalization. A special algorithm is created to alter the functionality of Google`s AliceBot to work as a verbalizer, instead of a chatterbot. Artificial Intelligent Modelling Language (AIML) technology is utilized to create the templates for the ontology specific knowledge embeddings. This entire process is fully automated via the proposed novel algorithm, which is a key contribution of this research. Eventually, the generated user guide generation tool is evaluated against three different domains with the involvement of fifteen stakeholders and 82% of averaged acceptance has been yielded.",https://doi.org/10.14569/ijacsa.2021.0120624,http://thesai.org/Downloads/Volume12No6/Paper_24-Fully_Automated_Ontology_Increments_User_Guide.pdf,cc-by,diamond,0,0,sistema=0;relevancia-campo=0,candidato-por-metadados,Descoberta bibliográfica; análise posterior.
20260907T171423Z,1.2.0,"""voice user interface"" design",OpenAlex,https://openalex.org/W3192512910,https://doi.org/10.17586/0021-3454-2021-64-6-485-497,Features of the use of voice interfaces in industrial production,2021,A.V. Katridi; Yu.V. Fedosov,article,"За последнее десятилетие качество обработки естественного языка значительно улучшилось благодаря усовершенствованиям как программного, так и аппаратного обеспечения.Современные технологии демонстрируют высокие результаты во всех областях -от автоматического распознавания речи до преобразования текста в речь и понимания естественного языка.Это позволило большому количеству компаний значительно повысить скорость предоставления услуг, качество и удобство использования продуктов в целом.Однако существует множество других, еще не используемых, приложений голосовых интерфейсов, и одно из них -применение таких технологий на производстве в рамках современных предприятий.При использовании голосовых технологий необходимо решить ряд задач.Представлены базовые компоненты обработки естественного языка, особенности их применения, а также подходы к созданию эффективного и в то же время простого голосового пользовательского интерфейса.Рассмотрены некоторые особенности промышленного проектирования и производства, которые следует учитывать при разработке таких систем.",https://doi.org/10.17586/0021-3454-2021-64-6-485-497,http://pribor.ifmo.ru/file/article/20538.pdf,,bronze,0,2,sistema=0;relevancia-campo=2,candidato-por-metadados,Descoberta bibliográfica; análise posterior.
20260907T171423Z,1.2.0,"""voice user interface"" design",OpenAlex,https://openalex.org/W4411066979,https://doi.org/10.58532/nbennurtech10,HUMAN-COMPUTER INTERACTION (HCI),2025,Shashi Bala; Sudesh Sharma; Yashwant Singh Sangwan,book-chapter,"Human-Computer Interaction (HCI) is an interdisciplinary field focused on the design, evaluation, and implementation of interactive computing systems to optimize the user experience. This chapter explores the evolution of HCI from early command line interfaces to modern graphical and touch-based interfaces, emphasizing the principles of user-centered design (UCD). Key topics include interaction design, usability, prototyping, and emerging trends such as natural user interfaces (NUIs), virtual reality (VR), and artificial intelligence (AI) in HCI. Challenges such as designing for diverse users, balancing usability with security, and addressing ethical concerns are discussed. The future of HCI lies in immersive, AI-driven systems that blend digital and physical worlds seamlessly, enhancing user engagement and performance.",https://doi.org/10.58532/nbennurtech10,https://www.iipseries.org/assets/docupload/rsl2025EEF334942558681.pdf,cc-by,gold,0,3,sistema=0;relevancia-campo=7,candidato-por-metadados,Descoberta bibliográfica; análise posterior.
20260907T171423Z,1.2.0,"""voice user interface"" design",OpenAlex,https://openalex.org/W4393902748,https://doi.org/10.5753/jis.2024.3802,Accessibility issues in establishing awareness on remote collaborative software development,2024,Giselle Lorrane Nobre Melo; Nicoly da Silva Menezes; Ana Clara dos Santos Maciel; Luciano Arruda Teran; Thayssa A. da Rocha; Cleidson R. B. de Souza; Marcelle Pereira Mota,article,"The COVID-19 pandemic impacted the work dynamics of software development teams with the sudden adoption and subsequent continuation of remote work. New practices were adopted to maintain relationships between team members, mediated by computational tools. However, this presents an additional challenge for people with visual or hearing impairments. This study identifies different experiences of professionals with and without these disabilities in maintaining awareness when working remotely. To achieve this objective, 93 responses were collected through an online form from professionals, with and without visual or hearing impairments, and the supervision of a collaboration tool, among the most mentioned due to the lack of accessibility for people with visual impairments, using the Semiotic Inspection Method with Screen Reader (MIS-LT). The results point to different groups’ experiences with the use of collaborative tools on the social aspects of remote collaboration and an assessment of the communicability and accessibility of the inspected tool.",https://doi.org/10.5753/jis.2024.3802,https://sol.sbc.org.br/journals/index.php/jis/article/download/3802/2585,cc-by,diamond,0,1,sistema=0;relevancia-campo=1,candidato-por-metadados,Descoberta bibliográfica; análise posterior.
20260907T171423Z,1.2.0,"""voice user interface"" design",OpenAlex,https://openalex.org/W2542028673,,Assessment on the use of ICT by the visually impaired persons (VIPs) in business processes in Tanzania,2013,Peter Newa Mloyi,dissertation,"This study assessed the use of ICT in business processes for visually impaired persons in Tanzania. The study was descriptive in nature. A sample of 50 respondents, 41 sighted and 9 visually impaired persons participated in the study. Data were collected using both questionnaire and interview. \nFindings of this study indicated 82.9%, of organizations surveyed did not consider visually impaired persons on use of ICT in business processes with reasons that it is more costly, have less contribution in business, unavailability of technology, unavailability of ICT training institutions, inability of persons with visual impairment to use ICT and not being required by law to support them. Of the VIPs interviewed the findings indicated that 89%, can use mobile phones, 78% can use landline telephones, 67% can use personal computers and Internet, and 22% can use fax machines. Those indicated ability to use computers said had training at the Open University of Tanzania. \nThe study was at a small scale and was only in Dar es Salaam but it is likely that the study would form a basis for assessing use of ICT in business processes for visually impaired persons and other business related services in Tanzania and beyond.",http://repository.out.ac.tz/1064/1/Newa_1_%28Repaired%29.pdf,http://repository.out.ac.tz/1064/1/Newa_1_%28Repaired%29.pdf,,green,0,1,sistema=0;relevancia-campo=1,candidato-por-metadados,Descoberta bibliográfica; análise posterior.
20260907T171423Z,1.2.0,"""voice user interface"" design",OpenAlex,https://openalex.org/W4415126874,https://doi.org/10.70593/978-93-7185-625-6,"Artificial Intelligence-based systems, Cloud computing, Web interfaces, IoT/Connected devices, Smart automation, Real-time monitoring",2025,Ravi Shankar Garapati,book,"In an age defined by digital transformation, the convergence of Artificial Intelligence (AI), Cloud Computing, Web Interfaces, the Internet of Things (IoT), Smart Automation, and Real-Time Monitoring is reshaping industries, societies, and daily life. This book explores these interconnected technologies, each a powerful force on its own, yet together forming the foundation of the intelligent systems that drive the modern world. AI-based systems have moved beyond theoretical models to become practical tools that enhance human capability and decision-making. Cloud computing, with its scalable infrastructure and service-driven architecture, enables accessibility and innovation without boundaries. Web interfaces bridge the gap between complex systems and human interaction, allowing data and insights to be understood and utilized effectively. IoT and connected devices bring intelligence to the physical world, turning ordinary objects into data-driven entities that respond dynamically to their environment. Smart automation integrates AI and robotics to increase efficiency, reduce errors, and transform operational processes. Real-time monitoring complements these advances by providing continuous feedback and situational awareness, ensuring systems remain adaptive and secure. This book aims to provide a comprehensive understanding of how these technologies intertwine to form the backbone of the digital ecosystem. It delves into their principles, real-world applications, challenges, and emerging research directions, emphasizing both innovation and ethical responsibility. Scholars, engineers, and policymakers alike will find this work a valuable reference in navigating the evolving landscape of intelligent and connected systems that define the 21st century.",https://doi.org/10.70593/978-93-7185-625-6,https://www.deepscienceresearch.com/dsr/catalog/download/335/1559/3006,cc-by-sa,gold,0,3,sistema=0;relevancia-campo=5,candidato-por-metadados,Descoberta bibliográfica; análise posterior.
20260907T171423Z,1.2.0,"""voice user interface"" design",OpenAlex,https://openalex.org/W4310997258,https://doi.org/10.48550/arxiv.2212.03969,Too Slow to Be Useful? On Incorporating Humans in the Loop of Smart Speakers,2022,Shih-Hong Huang; Chieh-Yang Huang; Yuxin Deng; Hua Shen; Szu-Chi Kuan; Ting-Hao Huang,preprint,"Real-time crowd-powered systems, such as Chorus/Evorus, VizWiz, and Apparition, have shown how incorporating humans into automated systems could supplement where the automatic solutions fall short. However, one unspoken bottleneck of applying such architectures to more scenarios is the longer latency of including humans in the loop of automated systems. For the applications that have hard constraints in turnaround times, human-operated components' longer latency and large speed variation seem to be apparent deal breakers. This paper explicates and quantifies these limitations by using a human-powered text-based backend to hold conversations with users through a voice-only smart speaker. Smart speakers must respond to users' requests within seconds, so the workers behind the scenes only have a few seconds to compose answers. We measured the end-to-end system latency and the conversation quality with eight pairs of participants, showing the challenges and superiority of such systems.",http://arxiv.org/abs/2212.03969,https://arxiv.org/pdf/2212.03969,,green,0,1,sistema=0;relevancia-campo=1,candidato-por-metadados,Descoberta bibliográfica; análise posterior.
20260907T171423Z,1.2.0,"""voice user interface"" design",OpenAlex,https://openalex.org/W1890652975,https://doi.org/10.24297/ijct.v10i2.3304,Adaptive Graphical User Interface for Web Applications Using Aspect Oriented Component Engineering,2013,Atif Zaman; Mudassar Ahmad; Shafique Ahamd; Tasleem Mustafa,article,"Graphical User Interface (GUI) is considered to be an essential part in any web applications development. Aspect-Oriented Component Engineering (AOCE) is new approach for developing more and higher quality reusable and adaptable software or web applications components. AOCE uses the idea of providing and requiring services. Adaptable user interface for AOCE based development has not yet been considered to web applications. Simple and easy user interface facilitate users by which application or web interface can be operated effectively. The purpose of this study is to discuss popular user interfaces and suggestions for adaptable GUI designing. The example of adaptation at different levels includes architecture, presentation, extension and composition. Furthermore the AOCE common systemic aspects are discussed for web interfaces adaptivity.",https://doi.org/10.24297/ijct.v10i2.3304,https://rajpub.com/index.php/ijct/article/download/3304/pdf_146,cc-by,diamond,0,3,sistema=0;relevancia-campo=3,candidato-por-metadados,Descoberta bibliográfica; análise posterior.
20260907T171423Z,1.2.0,"""voice user interface"" design",OpenAlex,https://openalex.org/W7167667738,https://doi.org/10.1201/9781003715764,User Interface and User Experience,2026,Gunikhan Sonowal,book,"This comprehensive guide explores the foundational principles and practices of User Interface (UI) and User Experience (UX) design, demonstrating how they shape user engagement, satisfaction, and trust in digital products. A standout feature is its focus on emerging trends and technologies, such as AI-driven design, voice interfaces, and ethical considerations in User Experience. Unlike other guides, this book integrates psychology, practical tools, and industry trends into a cohesive resource. Key Features: Reviews end-to-end design process—from user research and wireframing to prototyping and final implementation. Goes beyond aesthetics and understands the psychology behind great design. Shows before-and-after examples from leading companies that transformed their UX for measurable success. Provides designers refined workflows, master industry tools, and elevates your craft. Provides insights into AI-powered interfaces, voice UX, and ethical design practices.",https://doi.org/10.1201/9781003715764,https://api.taylorfrancis.com/content/books/mono/download?identifierName=doi&identifierValue=10.1201/9781003715764&type=googlepdf,,gold,0,3,sistema=0;relevancia-campo=6,candidato-por-metadados,Descoberta bibliográfica; análise posterior.
20260907T171423Z,1.2.0,"""voice user interface"" design",OpenAlex,https://openalex.org/W4394999444,https://doi.org/10.24071/llt.v27i1.6955,NON-ENGLISH MAJOR TEACHERS’ EXPERIENCES OF TEACHING ENGLISH FOR YOUNG LEARNERS (TEYL): A PHENOMENOLOGICAL STUDY,2024,M Galuh Elga Romadhon; Dzulfikri Dzulfikri; M. Faruq Ubaidillah,article,"Non-English major teachers’ experiences of teaching English for young learners in Indonesia have not been widely studied until recent times. To fill the lacuna, this phenomenological study looks at the lived experiences of four teachers with non-English major backgrounds who teach English for young learners. Semi-structured interviews were conducted with the participants and teaching observations were also additionally carried out to triangulate the data. The data were then analyzed following Braun and Clarke’s (2006) thematic analysis. Findings suggest that the participating teachers encountered multi-level complexities in teaching English such as wording arrangement, sentence construction, spelling, mother tongue fossilization, and misbelief of English as a foreign language. The study also revealed the use of digital tools, songs, and games, as mostly utilized by the teachers. Interestingly, despite the non-English major backgrounds attached to the teachers, their teachings led to sustained and engaging English language learning among young learners. This study implies that pedagogical decisions have been of value to effective pedagogy and classroom activities in teaching English for young learners.",http://dx.doi.org/10.24071/llt.v27i1.6955,https://e-journal.usd.ac.id/index.php/LLT/article/download/6955/3985,cc-by-sa,diamond,0,0,sistema=0;relevancia-campo=0,candidato-por-metadados,Descoberta bibliográfica; análise posterior.
20260907T171423Z,1.2.0,"""voice user interface"" design",OpenAlex,https://openalex.org/W4313409427,https://doi.org/10.3724/sp.j.1042.2023.00669,How to establish a digital therapeutic alliance between chatbots and users: The role of relational cues,2022,Ran MO; Zuozhi FANG; Jiandong FANG,article,摘要：,https://doi.org/10.3724/sp.j.1042.2023.00669,https://journal.psych.ac.cn/xlkxjz/CN/article/downloadArticleFile.do?attachType=PDF&id=6553,,diamond,2,2,sistema=4;relevancia-campo=0,candidato-por-metadados,Descoberta bibliográfica; análise posterior.
20260907T171423Z,1.2.0,"""voice user interface"" design",OpenAlex,https://openalex.org/W2552227122,https://doi.org/10.3846/biomdlore.2016.24,The study of extraneous conditions that affect tilt-based pointer movements,2016,Artūras Serackis; Darius Miniotas; Andrius Katkevičius; Audrius Krukonis; Darius Plonis,conference-paper,"Introduction: With the rapid evolution of mobile devices, there is also a tremendous growth in their applications. This triggers new research on more efficient techniques of humancomputer interaction. To point at an object of interest seen on the screen of a mobile device, various new methods were suggested recently. Methods: This paper presents the results of a user study that employed tilting as a technique for entering text. The independent variables in the user study were mobility (sitting, walking, sitting in the moving bus) and keyboard size (5×3, 10×4). The experiment involved 50 participants aged from 22 to 65. Results: In the walking condition, it took on average 11.3% more time for participants to complete the task compared to the sitting condition with 5×3 keyboard, and 45.1% more time compared to the sitting condition with 10×4 keyboard. Keyboard size had a marked influence on task completion time. In addition, task completion time while traveling by bus was 3.2% longer than that observed for the walking condition with 5×3 keyboard. Surprisingly, task completion time with 10×4 keyboard while traveling by bus was 10.4% shorter compared to the walking condition. Error rate and movement efficiency were investigated additionally to find out the explanation for such performance data.",https://doi.org/10.3846/biomdlore.2016.24,http://biomdlore.vgtu.lt/index.php/biomdlore/2016/paper/download/100/55,,gold,0,2,sistema=0;relevancia-campo=2,candidato-por-metadados,Descoberta bibliográfica; análise posterior.
20260907T171423Z,1.2.0,"""voice user interface"" design",OpenAlex,https://openalex.org/W4410035603,https://doi.org/10.1038/s41598-025-96588-1,Empowering voice assistants with TinyML for user-centric innovations and real-world applications,2025,Sireesha Chittepu; Sheshikala Martha; Debajyoty Banik,article,"This study explores the motivations behind integrating TinyML-based voice assistants into daily life, focusing on enhancing their user interface (UI) and functionality to improve user experience. This research discusses real-world applications like smart home automation, visually impaired assistive technologies, and healthcare monitoring. This review acknowledges various problems and helps us understand why TinyML exerts such significant implications in numerous domains. Researchers derive solutions from this study on how voice assistants integrated with TinyML can effectively analyze and adjust to user behaviour patterns in real-world scenarios, thereby enabling the delivery of dynamic and responsive content to enhance user engagement. The article also focused on limitations while implementing TinyML. Researchers will understand the detailed issues that are unavailable in most papers. This work explores features that can be embedded in voice assistants, like smart home automation, smart watches, smart glasses for visually impaired people, etc., using TinyML. A comparative review of current methods identifies areas of research gaps such as deployment difficulties, noise interference, and model efficiency on low-resource devices. From this study, researchers can directly identify the research gap with minimal effort, which may motivate them to focus more on solving the open problems due to optimize the problem identification time.",https://doi.org/10.1038/s41598-025-96588-1,https://www.nature.com/articles/s41598-025-96588-1.pdf,cc-by,gold,3,5,sistema=2;relevancia-campo=2,candidato-por-metadados,Descoberta bibliográfica; análise posterior.
20260907T171423Z,1.2.0,"""voice user interface"" design",OpenAlex,https://openalex.org/W4417241591,https://doi.org/10.3390/s25247540,Multimodal Cognitive Architecture with Local Generative AI for Industrial Control of Concrete Plants on Edge Devices,2025,Fernando Hidalgo-Castelo; Antonio Guerrero González; Francisco García-Córdova; Francisco Lloret-Abrisqueta; Carlos Torregrosa Bonet,article,"Accessing operational information across industrial systems (ERP, MES, SCADA, PLC) in concrete plants requires 15-30 min and specialized knowledge. This work addresses this accessibility gap by developing a conversational AI system that democratizes industrial information access through natural language. A five-layer cognitive architecture was implemented integrating the Mistral-7B model quantized in GGUF Q4_0 format (3.82 GB) on a Raspberry Pi 5, Spanish speech recognition/synthesis, and heterogeneous industrial protocols (OPC UA, MQTT, REST API) across all automation pyramid levels. Experimental validation at Frumecar S.L. (Murcia, Spain) characterized performance, thermal stability, and reliability. Results show response times of 14.19 s (simple queries, SD = 7.56 s), 16.45 s (moderate, SD = 6.40 s), and 23.24 s (complex multilevel, SD = 6.59 s), representing 26-77× improvement over manual methods. The system maintained average temperature of 69.3 °C (peak 79.6 °C), preserving 5.4 °C margin below throttling threshold. Communication latencies averaged 8.93 ms across 10,163 readings (<1% of total latency). During 30 min of autonomous operation, 100% reliability was achieved with 39 successful queries. These findings demonstrate the viability of deploying quantized LLMs on low-cost edge hardware, enabling cognitive democratization of industrial information while ensuring data privacy and cloud independence.",https://doi.org/10.3390/s25247540,https://www.mdpi.com/1424-8220/25/24/7540/pdf?version=1765461524,cc-by,gold,0,3,sistema=0;relevancia-campo=3,candidato-por-metadados,Descoberta bibliográfica; análise posterior.
20260907T171423Z,1.2.0,"""voice user interface"" design",OpenAlex,https://openalex.org/W4389261566,https://doi.org/10.48550/arxiv.2311.18760,TaskBench: Benchmarking Large Language Models for Task Automation,2023,Yongliang Shen; Kaitao Song; Xu Tan; Wenqi Zhang; Kan Ren; Siyu Yuan; Weiming Lü; Dongsheng Li; Yueting Zhuang,preprint,"In recent years, the remarkable progress of large language models (LLMs) has sparked interest in task automation, which involves decomposing complex tasks described by user instructions into sub-tasks and invoking external tools to execute them, playing a central role in autonomous agents. However, there is a lack of systematic and standardized benchmarks to promote the development of LLMs in task automation. To address this, we introduce TaskBench, a comprehensive framework to evaluate the capability of LLMs in task automation. Specifically, task automation can be divided into three critical stages: task decomposition, tool selection, and parameter prediction. To tackle the complexities inherent in these stages, we introduce the concept of Tool Graph to represent decomposed tasks and adopt a back-instruct method to generate high-quality user instructions. We propose TaskEval, a multi-faceted evaluation methodology that assesses LLM performance across these three stages. Our approach combines automated construction with rigorous human verification, ensuring high consistency with human evaluation. Experimental results demonstrate that TaskBench effectively reflects the capabilities of various LLMs in task automation. It provides insights into model performance across different task complexities and domains, pushing the boundaries of what current models can achieve. TaskBench offers a scalable, adaptable, and reliable benchmark for advancing LLM-based autonomous agents.",http://arxiv.org/abs/2311.18760,https://arxiv.org/pdf/2311.18760,,green,0,1,sistema=0;relevancia-campo=1,candidato-por-metadados,Descoberta bibliográfica; análise posterior.
20260907T171423Z,1.2.0,"""voice user interface"" design",OpenAlex,https://openalex.org/W4387370217,https://doi.org/10.21606/iasdr.2023.474,Fixing the Future: Cultivating a Capacity to Repair IoT Devices through Experiential Futures,2023,Matthew Pilling; Michael Stead; Paul Coulton; Thomas Macpherson-Pope,conference-paper,"As the global consumption of electronic devices continues to grow, so too does the volume of electronic waste (e-waste) that reaches landfill sites, which by 2030, is expected to reach 74.7M tonnes worldwide. This problem is exacerbated by the fact that across Europe less than 40% of e-waste is subject to sustainable recovery and further reinforced by the planned obsolescence of devices. An increasing amount of e-waste can be characterised as so-called ‘smart’ Internet of Things (IoT) devices. This paper firstly describes how our research engaged with industry and community stakeholders to explore their perceptions and behaviours relating to electronic devices, specifically their understanding relating to the repairability, maintenance, and longevity of IoT devices. Secondly, we describe the key workshop findings, revealing the current attitudes and behaviours towards IoT repairability and the participants future expectations for repairable IoT. Thirdly, we introduce a mobile experiential research platform and describe how this has previously been used to introduce stakeholders to the notion of Human Data Interaction (HDI) and the highly detrimental impacts of IoT-AI data generation on the environment. We conclude by describing the creation of a new interactive physical-digital experience for the platform which is based on insights synthesized from our explorative workshops and highlights how we have embedded a rhetoric of repair and maintenance of smart devices and IoT systems to encourage the development /resurgence of repair cultures to reduce the production of IoT e-waste.",https://doi.org/10.21606/iasdr.2023.474,https://dl.designresearchsociety.org/cgi/viewcontent.cgi?article=1192&context=iasdr,cc-by-nc,gold,0,3,sistema=0;relevancia-campo=4,candidato-por-metadados,Descoberta bibliográfica; análise posterior.
20260907T171423Z,1.2.0,"""voice user interface"" design",OpenAlex,https://openalex.org/W3165152545,https://doi.org/10.3233/shti210253,Classification of Failures in the Perception of Conversational Agents (CAs) and Their Implications on Patient Safety,2021,Haris Aftab; Syed Hammad Hussain Shah; Ibrahim Habli,book-chapter,"The use of Conversational agents (CAs) in healthcare is an emerging field. These CAs seem to be effective in accomplishing administrative tasks, e.g. providing locations of care facilities and scheduling appointments. Modern CAs use machine learning (ML) to recognize, understand and generate a response. Given the criticality of many healthcare settings, ML and other component errors may result in CA failures and may cause adverse effects on patients. Therefore, in-depth assurance is required before the deployment of ML in critical clinical applications, e.g. management of medication dose or medical diagnosis. CA safety issues could arise due to diverse causes, e.g. related to user interactions, environmental factors and ML errors. In this paper, we classify failures of perception (recognition and understanding) of CAs and their sources. We also present a case study of a CA used for calculating insulin dose for gestational diabetes mellitus (GDM) patients. We then correlate identified perception failures of CAs to potential scenarios that might compromise patient safety.",https://doi.org/10.3233/shti210253,https://ebooks.iospress.nl/pdf/doi/10.3233/SHTI210253,cc-by-nc,hybrid,3,6,sistema=2;relevancia-campo=3,candidato-por-metadados,Descoberta bibliográfica; análise posterior.
20260907T171423Z,1.2.0,"""voice user interface"" design",OpenAlex,https://openalex.org/W4307136742,https://doi.org/10.1145/3517428.3550411,Supporting Physical Activity in Later Life: Perspectives from Older Adults,2022,Muhe Yang,conference-paper,"The older population, especially those living alone, is less likely to meet recommended physical activity levels than other age groups and deserves more attention in this era of population ageing. However, existing technologies for supporting physical activity have been generally poorly aligned with the needs of older adults. Reasons for such problem are manifold, including the lack of involving older adults in design and evaluation, prevalent technology-driven perspectives, and the complexity of designing behavior change technology. Therefore, this research project aims to investigate how to better design behavior change technology to support the needs of older adults living alone for physical activity, which will address four main aspects: meeting user needs, investigating the rationale of technology design, improving co-design practice, and evaluating designed technology. To this end, this project will employ a human-centered iterative design methodology and actively involve the target group in the design process to let their voices heard and incorporated in design. This research will not only contribute to a deeper understanding towards the needs and preferences of this insufficiently studied group, but also identify implications for improving co-design practices as well as design opportunities for future behavior change technology.",https://escholarship.mcgill.ca/concern/theses/7d279127d,http://escholarship.mcgill.ca/downloads/dr26z388j,,green,0,2,sistema=0;relevancia-campo=2,candidato-por-metadados,Descoberta bibliográfica; análise posterior.
20260907T171423Z,1.2.0,"""voice user interface"" design",OpenAlex,https://openalex.org/W4282926364,https://doi.org/10.5151/18ergodesignusihc2022-63,Explorando desafios e oportunidades para aumentar a transparência de Assistentes de Voz (AVs),2022,Isabela Canellas da MOTTA; Manuela QUARESMA,conference-paper,Explorando desafios e oportunidades para aumentar a transparncia de Assistentes de Voz (AV),https://doi.org/10.5151/18ergodesignusihc2022-63,http://pdf.blucher.com.br/designproceedings/18ergodesignusihc2022/63.pdf,cc-by,gold,0,0,sistema=0;relevancia-campo=0,candidato-por-metadados,Descoberta bibliográfica; análise posterior.
20260907T171423Z,1.2.0,"""voice user interface"" design",OpenAlex,https://openalex.org/W4410401892,https://doi.org/10.1002/cnma.202500063,Flexing the Future: Strategic Insights into Wearable Sensor Development,2025,Vandana Molahalli; Gowri Soman; Aman Sharma; Kiran Bijapur; Nattaporn Chattham; Ranjith Krishna Pai; Abdullah Alodhayb; Gurumurthy Hegde,article,"Recent advances in materials science, microelectronics, and data analytics have propelled the flexible and wearable sensors field forward. This comprehensive review summarizes the current state of research in flexible and wearable sensors, shedding light on their evolving technology, applications, and potential impact on various industries. The key developments in sensor materials, fabrication techniques, and integration methods, highlighting their implications for human–machine interaction, health monitoring, sports and fitness, and beyond are explored. Additionally, the difficulties and possibilities in this quickly developing field are addressed and perspectives on the future paths and possible uses of wearable and flexible sensors, highlighting their influence on environmental monitoring, personalized technology, and the current healthcare landscape are provided. This review serves as a resource for researchers, engineers, and innovators interested in cutting‐edge developments and emerging opportunities in the realm of flexible and wearable sensors.",https://doi.org/10.1002/cnma.202500063,https://onlinelibrary.wiley.com/doi/pdfdirect/10.1002/cnma.202500063,cc-by,hybrid,0,2,sistema=0;relevancia-campo=2,candidato-por-metadados,Descoberta bibliográfica; análise posterior.
20260907T171423Z,1.2.0,"""voice user interface"" design",OpenAlex,https://openalex.org/W7134913863,https://doi.org/10.47852/bonviewaia62027400,A New Method for Designing Intelligent User Interfaces Through Image Analysis to Facilitate Human Interaction,2026,Naji Guedri; Abdessalam Guedri; Boulbaba Guedri; R. Gharbi,article,"Traditional graphical user interfaces (GUIs) for human-computer interaction (HCI) often suffer from design complexity, cognitive overload, poor accessibility, long development times, and limited adaptability, typically requiring technical expertise for modifications. This study aims to democratize GUI design by introducing a novel framework called Intuitive Image-based User Interface (IIUI). The primary objective is to enable users to intuitively design interactive interfaces directly from digital images without requiring advanced programming knowledge. The IIUI system leverages state-of-the-art image recognition and computer vision algorithms to automatically detect and assign interactive widgets within user-defined regions of digital images. The system also facilitates dynamic interaction assignment through a streamlined user interface. The effectiveness of the widget assignment process was evaluated through experimental validation. Experimental validation of the IIUI system demonstrated a high widget assignment accuracy exceeding 99.8%. The IIUI approach significantly reduces the technical barrier to GUI creation, offering a faster and more inclusive design process compared to traditional methods. Practical implementations across diverse domains such as assistive technologies, industrial shape detection, and robotic control highlight the adaptability of the system. The IIUI framework represents a transformative step toward accessible and intelligent GUI design. By integrating AI-driven image recognition with user-centered design principles, it provides a highly intuitive method for interface creation. The high performance and versatility of the system suggest strong potential for widespread adoption across various industrial and social contexts. Received: 26 August 2025 | Revised: 29 December 2025 | Accepted: 13 January 2026 Conflicts of Interest The authors declare that they have no conflicts of interest to this work. Data Availability Statement Data sharing is not applicable to this article as no new data were created or analyzed in this study. Author Contribution Statement Naji Guedri: Conceptualization, Software, Validation, Formal analysis, Writing – original draft, Writing – review & editing. Abdessalam Guedri: Investigation, Resources, Writing – review & editing. Boulbaba Guedri: Methodology, Data curation. Rached Gharbi: Supervision, Project administration.",https://doi.org/10.47852/bonviewaia62027400,https://ojs.bonviewpress.com/index.php/AIA/article/download/7400/1834,cc-by,diamond,0,3,sistema=0;relevancia-campo=6,candidato-por-metadados,Descoberta bibliográfica; análise posterior.
20260907T171423Z,1.2.0,"""voice user interface"" design",OpenAlex,https://openalex.org/W4416833743,https://doi.org/10.48550/arxiv.2507.13563,"Balalaika: Data-Centric, Prosody-Aware Annotation Pipeline for Russian Speech",2025,Kirill Borodin; Nikita Vasiliev; Vasiliy Kudryavtsev; Maxim Maslov; Mikhail Gorodnichev; Grach Mkrtchian,preprint,"We introduce Balalaika, an open-source, data-centric pipeline for processing audio and producing prosody-aware annotations. It combines semantic VAD for context-preserving segmentation, multi-ASR ensembling with ROVER consensus decoding, while retaining optional word-level timestamps, followed by automatic quality and speaker-purity filtering. The text is further enriched with punctuation restoration, lexical stress and ""\textipa{e}/\textipa{He}"" normalization, and IPA phonemes. Using Balalaika, we build a 5.1k-hour multi-source Russian corpus with rich annotations, and show consistent gains under equalized training budgets for both speech denoising and TTS; ablations confirm complementary benefits of stress and punctuation and improved synthesis with stricter MOS filtering. The datasets are publicly available at \href{https://huggingface.co/collections/lab260/balalaika-dataset}{\underline{\textbf{HuggingFace}}}",https://arxiv.org/abs/2507.13563,https://arxiv.org/pdf/2507.13563,cc-by-sa,green,0,1,sistema=0;relevancia-campo=1,candidato-por-metadados,Descoberta bibliográfica; análise posterior.
20260907T171423Z,1.2.0,"""voice user interface"" design",OpenAlex,https://openalex.org/W4411124490,https://doi.org/10.30574/gjeta.2025.23.3.0172,From clicks to conversations: the rise of conversational UI powered by ai,2025,Vishnuvardhan Reddy Goli,article,"The evolution of user interfaces from traditional click-based interactions to conversational experiences marks a significant paradigm shift in human-computer interaction. Powered by advances in artificial intelligence, particularly natural language processing and large language models, conversational user interfaces (CUIs) enable more intuitive, efficient, and personalized communication between users and digital systems. This article explores the technological foundations driving this transition, the benefits and challenges of conversational UI, and its transformative impact across industries such as customer service, healthcare, and e-commerce. By analyzing current trends and real-world applications, we highlight how AI-powered CUIs are redefining digital engagement, making technology more accessible and responsive to human needs.",https://doi.org/10.30574/gjeta.2025.23.3.0172,https://gjeta.com/sites/default/files/GJETA-2025-0172.pdf,cc-by,hybrid,0,3,sistema=0;relevancia-campo=5,candidato-por-metadados,Descoberta bibliográfica; análise posterior.
20260907T171423Z,1.2.0,"""voice user interface"" design",OpenAlex,https://openalex.org/W4385615904,https://doi.org/10.26418/justin.v10i1.45492,Evaluasi Usability Aplikasi Game “Among Us”,2022,Nurul Retno Nurwulan; Chesia Dwi Sara; Rezky Ariani Putri; Taufiqurrahman Taufiqurrahman; Widyatna Maharani Putri,article,"Pandemi COVID-19 yang melanda seluruh penjuru dunia menyebabkan semua orang menghabiskan waktu lebih banyak di rumah dengan bermain game. Salah satu game yang menjadi sangat populer selama masa karantina khususnya di kalangan anak muda adalah Among Us. Game ini dianggap mampu menggantikan bentuk sosialisasi dengan teman. Tujuan dari penelitian ini adalah untuk mengevaluasi apakah aplikasi mobile dari Among Us sudah sesuai dan mudah dipahami oleh pengguna. Sebanyak dua puluh partisipan mengikuti eksperimen usability dengan metode kuesioner system usability scale (SUS). Terdapat 4 desain dari interface yang berupa 1 interface dari aplikasi original dan 3 modifikasi diujikan dalam penelitian ini. Hasil dari analisis menunjukkan bahwa aplikasi original sudah sesuai dan dapat diterima oleh pengguna, namun modifikasi dari aplikasi memberikan nilai SUS rata-rata yang lebih tinggi. Sehingga dapat disimpulkan bahwa penambahan label pada icon dan membesarkan ukuran tulisan dapat meningkatkan kepuasan pengguna aplikasi.",http://dx.doi.org/10.26418/justin.v10i1.45492,https://jurnal.untan.ac.id/index.php/justin/article/download/45492/75676591971,cc-by-nc-sa,diamond,0,2,sistema=0;relevancia-campo=2,candidato-por-metadados,Descoberta bibliográfica; análise posterior.
20260907T171423Z,1.2.0,"""voice user interface"" design",OpenAlex,https://openalex.org/W4226251600,https://doi.org/10.32604/cmc.2022.026531,Automated Handwriting Recognition and Speech Synthesizer for Indigenous Language Processing,2022,Bassam A. Y. Alqaralleh; Fahad Aldhaban; Feras Mohammed A-Matarneh; Esam A. AlQaralleh,article,"In recent years, researchers in handwriting recognition analysis relating to indigenous languages have gained significant internet among research communities. The recent developments of artificial intelligence (AI), natural language processing (NLP), and computational linguistics (CL) find useful in the analysis of regional low resource languages. Automatic lexical task participation might be elaborated to various applications in the NLP. It is apparent from the availability of effective machine recognition models and open access handwritten databases. Arabic language is a commonly spoken Semitic language, and it is written with the cursive Arabic alphabet from right to left. Arabic handwritten Character Recognition (HCR) is a crucial process in optical character recognition. In this view, this paper presents effective Computational linguistics with Deep Learning based Handwriting Recognition and Speech Synthesizer (CLDL-THRSS) for Indigenous Language. The presented CLDL-THRSS model involves two stages of operations namely automated handwriting recognition and speech recognition. Firstly, the automated handwriting recognition procedure involves preprocessing, segmentation, feature extraction, and classification. Also, the Capsule Network (CapsNet) based feature extractor is employed for the recognition of handwritten Arabic characters. For optimal hyperparameter tuning, the cuckoo search (CS) optimization technique was included to tune the parameters of the CapsNet method. Besides, deep neural network with hidden Markov model (DNN-HMM) model is employed for the automatic speech synthesizer. To validate the effective performance of the proposed CLDL-THRSS model, a detailed experimental validation process takes place and investigates the outcomes interms of different measures. The experimental outcomes denoted that the CLDL-THRSS technique has demonstrated the compared methods.",https://doi.org/10.32604/cmc.2022.026531,https://file.techscience.com/ueditor/files/cmc/TSP_CMC-72-2/TSP_CMC_26531/TSP_CMC_26531.pdf,cc-by,diamond,0,0,sistema=0;relevancia-campo=0,candidato-por-metadados,Descoberta bibliográfica; análise posterior.
20260907T171423Z,1.2.0,"""voice user interface"" design",OpenAlex,https://openalex.org/W4402379926,https://doi.org/10.47297/wspciwsp2516-252702.20240802,Deep Sleep: Creating a Quality Sleep Product Experience for Adult,2024,Meng Cao,article,"The aim of this study is to investigate how to improve the sleep quality of adults by designing quality sleep products to meet the increasing health needs in modern society. With the accelerated pace of life and increased work pressure, sleep problems are prevalent among adults, seriously affecting the physical and mental health and quality of life of individuals. By analysing the current status of sleep problems globally and domestically, this paper explores the multiple factors affecting sleep, including physiology and psychology. The study points out that quality sleep product design should fully consider the needs of users and focus on personalisation and technological innovation. Ergonomic design and intelligent functions are explored through a combination of qualitative analysis using case studies and interviews, aiming to provide customised sleep solutions for adults. The findings suggest that scientific and rational sleep product design can significantly improve the quality of sleep for adults, which in turn enhances overall quality of life and social well-being.",http://dx.doi.org/10.47297/wspciwsp2516-252702.20240802,https://www.wsp-publishing.com/rc-pub/front/front-article/download/67782740/lowqualitypdf/Deep Sleep: Creating a Quality Sleep Product Experience for Adult.pdf,,bronze,0,2,sistema=0;relevancia-campo=2,candidato-por-metadados,Descoberta bibliográfica; análise posterior.
20260907T171423Z,1.2.0,"""voice user interface"" design",OpenAlex,https://openalex.org/W7125192161,https://doi.org/10.52783/cana.v32.6188,Evaluating UI/UX Aspects in Mobile Applications Catered to Senior Citizens in India: A Comparative Study,2025,Jayashree Patil Janhavi P. Kulkarni,article,"Technology has become an invaluable part of everyone’s life, with smartphones playing a significant role in daily activities. However, there remains a noticeable gap between younger and older users. As we move towards a more digital future, it is essential to consider whether older adults are truly part of this journey. Are new technologies, such as smartphones and applications, adequately catering to the needs of older individuals? This paper focuses on studying applications designed for seniors and their user interfaces (UI). A well-designed UI is crucial, as it serves as a bridge between the user and the application’s features. It is important to create a better UI that addresses the physical and psychological needs of older adults. The study examines three Android applications, structured into five sections for each app: developer information, strengths, weaknesses, and UI suggestions based on the Google Accessibility Scanner. Finally, the paper compares all three apps against expected UI /UX design standards.",https://doi.org/10.52783/cana.v32.6188,https://internationalpubls.com/index.php/cana/article/download/6188/3483,,diamond,0,3,sistema=0;relevancia-campo=3,candidato-por-metadados,Descoberta bibliográfica; análise posterior.
20260907T171423Z,1.2.0,"""voice user interface"" design",OpenAlex,https://openalex.org/W4409145012,https://doi.org/10.52783/jisem.v10i26s.4278,Evaluating UI/UX Aspects in Mobile Applications Catered to Senior Citizens in India: A Comparative Study,2025,Jayashree Patil Janhavi P. Kulkarni,article,"Technology has become an invaluable part of everyone’s life, with smartphones playing a significant role in daily activities. However, there remains a noticeable gap between younger and older users. As we move towards a more digital future, it is essential to consider whether older adults are truly part of this journey. Are new technologies, such as smartphones and applications, adequately catering to the needs of older individuals? This paper focuses on studying applications designed for seniors and their user interfaces (UI). A well-designed UI is crucial, as it serves as a bridge between the user and the application’s features. It is important to create a better UI that addresses the physical and psychological needs of older adults. The study examines three Android applications, structured into five sections for each app: developer information, strengths, weaknesses, and UI suggestions based on the Google Accessibility Scanner. Finally, the paper compares all three apps against expected UI /UX design standards.",https://doi.org/10.52783/jisem.v10i26s.4278,https://jisem-journal.com/index.php/journal/article/download/4278/1912,,diamond,0,3,sistema=0;relevancia-campo=3,candidato-por-metadados,Descoberta bibliográfica; análise posterior.
20260907T171423Z,1.2.0,"""voice user interface"" design",OpenAlex,https://openalex.org/W2918777658,https://doi.org/10.1007/978-3-030-13417-4_3,Cybercities: Mediated Public Open Spaces - A Matter of Interaction and Interfaces,2019,Stefan Zedlacher; Anna Khromova; Eva Savina Malinverni; Preben Hansen,conference-paper,"Abstract In the near past, sources of information about public open spaces were: people, the place itself and historical archives. Accordingly, the information could be obtained by interviewing the visitors, by reading some poorly equipped signs on monuments or by research in libraries. Today, a new source appeared: The place itself covers its own information by the mean of the growing of the ICT (Information Communication Technologies). In addition, the information can be personalised in a way each people can access it individually. Ten years ago, a left-over newspaper on a park bench was a compact piece of information. Today, the newspaper resides on a smartphone in our pockets. In the future, the park bench will still be there, but dramatically changed to an IoT (Internet of things) object, bringing information to the people. Therefore, there is the need to re-think the park bench as an interface. A simple, fundamental point is: the quality of the interface rules the quality of the information. With a special focus on the latter, this chapter discusses how the classical model of the city is enhanced with the senseable city concept and how digital information influences, adopts, transforms and re-configures different objects in urban areas.",https://doi.org/10.1007/978-3-030-13417-4_3,https://link.springer.com/content/pdf/10.1007%2F978-3-030-13417-4_3.pdf,cc-by,hybrid,0,3,sistema=0;relevancia-campo=3,candidato-por-metadados,Descoberta bibliográfica; análise posterior.
20260907T171423Z,1.2.0,"""voice user interface"" design",OpenAlex,https://openalex.org/W4285362103,https://doi.org/10.21606/drs_lxd2021.04.121,From eyes to ears how to deal with the acoustic element ‘voice’ as a visual designer,2021,Daniela Hensel; Birgit Bauer; Stefanie Voß,conference-paper,"As part of the ‘software evolution’ (Mens, 2008), acoustic rather than visual interfaces are increasingly developing into the decisive contact point in the interaction between the product or service and the user. Voices, ‘VUI’s, play an important role the design of communication, yet communication designers are not yet firmly established in this field and, for example, the process of voice selection is often described as a particular hurdle especially when the selection needs to align with strategic parameters of a brand. This raises several questions: What role can communication designers play in the future in the complex field of designing with voice? What are the specific challenges (and opportunities) for designers in this field? And how can design education respond? This case study focuses on a project course with communication design students that addressed the topic ‘designing with voice’. It explores the element of voice in a design educational setting in terms of five aspects: module concept, sequence of activities, findings and evaluation, and positioning communication designers in the context of VUI.",https://doi.org/10.21606/drs_lxd2021.04.121,https://dl.designresearchsociety.org/cgi/viewcontent.cgi?article=1303&context=learnxdesign,cc-by-nc,gold,0,3,sistema=0;relevancia-campo=8,candidato-por-metadados,Descoberta bibliográfica; análise posterior.
20260907T171423Z,1.2.0,"""voice user interface"" design",OpenAlex,https://openalex.org/W4412035578,https://doi.org/10.1145/3715336.3735743,The Self-Care Technology Process Model (SCTpm): A Framework for Designing VR-Based Self-Care Technology,2025,Nadine Wagener; Yvonne Rogers; Jasmin Niess,conference-paper,How can the user be made comfortable with selecting the system?BEGIN How can the user be introduced to the system?CORE How can the user's selfcare aim be facilitated?END How can the user be supported in finding mental closure?POST How can the user be supported in continued self-care?LEAVING DISENGAGE LAPSE,https://doi.org/10.1145/3715336.3735743,https://dl.acm.org/doi/pdf/10.1145/3715336.3735743,,gold,0,1,sistema=0;relevancia-campo=1,candidato-por-metadados,Descoberta bibliográfica; análise posterior.
20260907T171423Z,1.2.0,"""voice user interface"" design",OpenAlex,https://openalex.org/W4360979195,https://doi.org/10.1145/3581754.3584143,The Programmer’s Assistant User Experience,2023,Steven Ross; Stephanie Houde; Fernando Martinez; Michael Müller; Justin D. Weisz,conference-paper,The Programmer’s Assistant is an experimental prototype development environment that integrates a conversational chat component with a code editor. The conversational aspect is powered by a code-fluent large language model. The prototype user experience provides for discussion of code in the code editor as well as for easy transfer of generated code to the editor under human supervision.,https://doi.org/10.1145/3581754.3584143,https://dl.acm.org/doi/pdf/10.1145/3581754.3584143,,gold,0,2,sistema=0;relevancia-campo=2,candidato-por-metadados,Descoberta bibliográfica; análise posterior.
20260907T171423Z,1.2.0,"""voice user interface"" design",OpenAlex,https://openalex.org/W4391279329,https://doi.org/10.1002/9781394200801.ch25,Conversational AI Applications in Ed‐Tech Industry,2024,Deepika Chauhan; Chaitanya Singh; Romil Rawat; Mukesh Chouhan,other,"Conversational artificial intelligence (AI) has the potential to revolutionize the field of education. Its ability to understand natural language and engage in human-like conversations makes it a valuable tool for personalized learning and student engagement. This paper discusses the current state of conversational AI in education, including its use in tutoring systems, virtual learning assistants, and language learning applications. The research studies the effectiveness of conversational AI in improving student learning outcomes and engagement and highlights the potential challenges and limitations of this technology. Through this paper, we aim to provide an overview of the current research on the use of conversational AI in education and to offer insights into how this technology can be used to enhance student learning and engagement in the future.",https://doi.org/10.1002/9781394200801.ch25,https://onlinelibrary.wiley.com/doi/pdfdirect/10.1002/9781394200801.ch25,,gold,0,1,sistema=0;relevancia-campo=1,candidato-por-metadados,Descoberta bibliográfica; análise posterior.
20260907T171423Z,1.2.0,"""voice user interface"" design",OpenAlex,https://openalex.org/W3141335035,https://doi.org/10.23736/s2724-6612.20.02073-7,Quality assessment of digital voice assistants on information provided in eating disorders and coexisting depression,2021,Meryl KOH; Qihuang Xie; Lilian Wong; Kevin Yi‐Lwern Yap,article,"INTRODUCTION: Patients with eating disorders and coexisting depression often rely on the Internet, and digital voice assistants (VAs) as methods of searching for health-related information regarding their conditions. However, the quality of information provided by VAs is questionable. We evaluated the quality of information on eating disorders and coexisting depression from 4 commonly-used VAs (Google Assistant [Google LLC, Menlo Park, CA, USA]; siri [Apple Inc, Cupertino, CA, USA]; Cortana [Microsoft Corporation, Albuquerque, NM, USA]; Bixby [samsung Electronics Co., Ltd, suwon, south Korea]) and Google search (Google LLC, USA). EVIDENCE ACQUIsITION: Forty-four questions on eating disorders and coexisting depression were evaluated. Their responses were evaluated by two raters for accuracy (score: 2), source expertise (score: 1), underlying references cited (score: 2) and comprehensiveness (score: 2) using a scoring matrix (score: 8). Descriptive statistics and odds ratios were used for analysis. Cohen Kappa was used to measure inter-rater agreement. EVIDENCE SYNTHESIS: Cortana (mean=5.23±2.01) and siri (mean=4.42±2.50) scored the highest and lowest for overall quality, respectively. Cortana (41/44, 93.2%) and Bixby (32/44, 72.7%) provided the most and least number of relevant sources (41/44, 93.2% versus 32/44, 72.7%, P<0.0001), and the highest and lowest mean accuracy scores (1.82±0.54 versus 1.43±0.89, P=0.0016) respectively. Bixby was the most reliable in terms of source expertise (mean=0.43±0.50) and underlying references cited (mean=0.93±0.50). Google search scored the highest in terms of comprehensiveness, while siri performed the worst for comprehensiveness, source expertise and underlying references cited. CONCLUSIONS: Most of the sources provided by the VAs were accurate and comprehensive, but not as reliable. Patients should be cautious when using VAs to search for information on eating disorders and coexisting depression.",https://figshare.com/articles/journal_contribution/Quality_assessment_of_digital_voice_assistants_on_information_provided_in_eating_disorders_and_coexisting_depression/14913948,https://figshare.com/articles/journal_contribution/Quality_assessment_of_digital_voice_assistants_on_information_provided_in_eating_disorders_and_coexisting_depression/14913948,cc-by,green,2,2,sistema=2;relevancia-campo=0,candidato-por-metadados,Descoberta bibliográfica; análise posterior.
20260907T171423Z,1.2.0,"""voice user interface"" design",OpenAlex,https://openalex.org/W3208099599,,Voicing Concerns: User-Specific Pitfalls of Favoring Voiceover Text in Conversational Recommender Systems,2021,Alain D. Starke; Minha Lee,conference-paper,"In the context of Conversational Recommender Systems (CRSs) and Conversational User Interfaces (CUIs; e.g., DigitalAssistants, such as Siri), an increasing number of voice-based applications are emerging, often at the expense of text-basedapplications. In this position paper, we argue that the possible first-mover advantage of adopting voice-based technologiesmay put specific groups of users at a profound disadvantage, as they are likely to run into accessibility issues. For example,users that stammer or whom are not fluent in the English language have a hard time using voice-based conversationalrecommender systems. Along this line, we describe a number of challenges and issues for current and future systems.",https://research.wur.nl/en/publications/voicing-concerns-user-specific-pitfalls-of-favoring-voice-over-te,,cc-by,green,0,3,sistema=0;relevancia-campo=4,candidato-por-metadados,Descoberta bibliográfica; análise posterior.
20260907T171423Z,1.2.0,"""voice user interface"" design",OpenAlex,https://openalex.org/W4415813750,https://doi.org/10.3390/app152111638,"Framework, Implementation, and User Experience Aspects of Driver Monitoring: A Systematic Review",2025,Luis A. Salazar-Calderón; Sergio A. Navarro-Tuch; Javier Izquierdo-Reyes,review,"Driver monitoring systems (DMS), advanced driver assistance ssystems (ADAs), and technologies for autonomous driving, along with other upcoming innovations, have been developed as possible solutions to minimize accidents resulting from human error. This paper presents a thorough review of DMSs and user experience (UX). The objective is to investigate, combine, and evaluate the key elements involved in the development and application of DMSs, as well as the UX factors relevant to the current landscape of the field, serving as a reference for future investigations. The review encompasses a bibliographic analysis performed at different stages, offering valuable insights into the evolution of the topic. It examines the processes of development and implementation of driver monitoring systems. Furthermore, this work facilitates future research by consolidating and presenting a valuable collection of identified datasets, both public and private, for various research purposes. From this evaluation, critical components for DMSs can be identified, establishing a foundation for future research by providing a framework for the adoption and integration of these systems.",https://doi.org/10.3390/app152111638,https://www.mdpi.com/2076-3417/15/21/11638/pdf?version=1761904120,cc-by,gold,0,3,sistema=0;relevancia-campo=3,candidato-por-metadados,Descoberta bibliográfica; análise posterior.
20260907T171423Z,1.2.0,"""voice user interface"" design",OpenAlex,https://openalex.org/W4415444820,https://doi.org/10.1145/3663547.3759749,"Call, Text, or Face-to-Face? Evaluating GenAI Chatbot Interface Preferences of Older Adults",2025,Shaini Nanayakkara; Earl W. Huff,conference-paper,"As chatbots powered by artificial intelligence (AI) become increasingly integrated into the daily lives of older adults, it is essential to identify which interfaces best support their interaction preferences.Older adults are a diverse group with varying digital competencies and preferences.This research aims to inform the design of AI interfaces that accommodate this range of needs.We examine how three different chatbot interfaces, text-based, avatar-based, and call-based, affect older adults' perceptions of ease of use, accessibility, and reliability.Using a between-subjects experimental design, 101 participants were randomly assigned to interact with ""Sally, "" a generative AI (GenAI) chatbot, through one of the three interfaces, each delivering the same interaction flow.Analyses showed that the avatar-based interface yielded the highest perceived reliability, ease of use, and accessibility, based on changes in participants' pre-and post-survey responses.These findings suggest that avatar-based chatbots may offer a more trustworthy and user-friendly experience for older adults. CCS Concepts• Human-centered computing → Empirical studies in HCI; User interface design; • Social and professional topics → Seniors.",https://doi.org/10.1145/3663547.3759749,https://dl.acm.org/doi/pdf/10.1145/3663547.3759749,,gold,3,6,sistema=4;relevancia-campo=5,candidato-por-metadados,Descoberta bibliográfica; análise posterior.
20260907T171423Z,1.2.0,"""voice user interface"" design",OpenAlex,https://openalex.org/W4412035717,https://doi.org/10.1145/3715336.3735763,"“Hello, This Is a Voice Assistant Calling”: When a Human Voice Calls Claiming to Be a Machine on an Ordinary Day",2025,Jeesun Oh; Yunjae Josephine Choi; Sangsu Lee,conference-paper,"With the advent of neural networks, it has become possible to generate synthetic voices that are nearly indistinguishable from real human speech (i.e., human-sounding voice).In contrast, earlier voice assistants used voices that were instantly recognizable as machine-generated, owing to their standardized, consistent, and highly intelligible qualities (i.e., artificial-sounding voice).Although people tend to prefer human-like voices, adopting human-sounding voices in voice assistants raises ethical concerns related to confusion or unintentional deception, particularly in voice-only contexts, even when their identity as systems is explicitly disclosed.To explore the voice design direction for future voice assistants, we examined how participants perceived and interacted when they were unexpectedly confronted with either an artificial-sounding or a human-sounding voice, both of which clearly identified themselves as voice assistants during an everyday phone call.Our findings reveal participants' experiences and conversational behaviors in each voice condition.Furthermore, we discuss how the voices of voice assistants should be designed and propose design implications that emphasize transparency and responsiveness in voice design.",https://doi.org/10.1145/3715336.3735763,https://dl.acm.org/doi/pdf/10.1145/3715336.3735763,cc-by,gold,3,6,sistema=2;relevancia-campo=3,candidato-por-metadados,Descoberta bibliográfica; análise posterior.
20260907T171423Z,1.2.0,"""voice user interface"" design",OpenAlex,https://openalex.org/W2994897867,https://doi.org/10.5151/ergodesign2019-2.32,Barreiras no uso de assistentes de voz por usuários brasileiros de smartphone,2019,Isabela Motta; Manuela Quaresma,conference-paper,"RESUMOO uso de smartphones no Brasil é crescente, assim como o número de tarefas realizadas por meio desse dispositivo.Considerando isso, é necessário pensar outras formas de interação dos usuários com o smartphone, além da interface visual.Assim, os assistentes de vozagentes de inteligência artificial que realizam diversas tarefas por meio da vozse apresentam como uma alternativa que traz benefícios para a interação.Apesar de suas vantagens, ainda existem barreiras que impactam o uso desses sistemas pelos usuários de smartphone.Este artigo apresenta parte dos resultados de um questionário online com usuários brasileiros de smartphone, que teve como objetivo entender quais são as principais características dos assistentes de voz que impactam negativamente o seu uso.Os resultados mostraram que questões de atitude são as principais barreiras para o uso dos assistentes, como o desconforto em falar com o assistente em público e o costume com a interface visual.Além disso, foi observado que o desconhecimento sobre o assistente pode ser um motivo que leva os usuários a não usarem a voz.Assistentes de voz, interação por voz, smartphones, barreiras no uso de tecnologias;",https://doi.org/10.5151/ergodesign2019-2.32,http://pdf.blucher.com.br/designproceedings/ergodesign2019/2.32.pdf,cc-by,gold,0,2,sistema=0;relevancia-campo=2,candidato-por-metadados,Descoberta bibliográfica; análise posterior.
20260907T171423Z,1.2.0,"""voice user interface"" design",OpenAlex,https://openalex.org/W4398775868,https://doi.org/10.31857/s0235009224010058,Individual and typological features of motor memory in problems of control of ergacy systems in the absence of visual feedback,2024,Ya. A. Turovsky; V. Yu. Alekseev; R. A. Tokarev,article,"The purpose of the study was to determine the impact of the presence of visual feedback on the quality of user experience with a number of human-computer interfaces, as well as the process of mastering the interfaces. As a result of the work, the features of the generation of control commands by operators of ergatic systems using an oculographic interface, interfaces for controlling hand movements and head movements were assessed. In the absence of visual feedback, users relied on motor memory formed during the learning process, and in the case of head control, on data from the vestibular analyzer. The presence of visual feedback was found to be important for accurate command generation in all cases. However, when controlling the head and eyes, the presence of visual feedback led to a greater deviation from the ideal trajectory and an increase in the distance that the cursor traveled before reaching the goal. Localization of the target position did not have a significant effect on the performance of the operator interface, regardless of the presence of visual feedback. Analysis of typical reactions in all experiments made it possible to identify three types of control, differing for eye and head movements, but not for hand movements in the ergatic system mode. Types 1 and 2 exhibited more errors compared to type 3, and the number of errors varied between them, especially for hand control. The results obtained can be used in the development of promising interfaces for ergatic systems, including the determination of the necessary visual feedback components for this class of technical devices.",https://doi.org/10.31857/s0235009224010058,https://journals.rcsi.science/0235-0092/article/download/255491/234015,,bronze,0,3,sistema=0;relevancia-campo=3,candidato-por-metadados,Descoberta bibliográfica; análise posterior.
20260907T171423Z,1.2.0,"""voice user interface"" design",OpenAlex,https://openalex.org/W4391851677,https://doi.org/10.58325/ijisct.003.01.0071,An Evaluation of chatbots on the basis of Human Cognitive Factors,2024,Maria Ghafoor; Khalid Alkhamisi,article,"Chatbots are marvelous innovations of Artificial Intelligence designed to mimic and simulate human conversation through the best use of Natural language processing and Artificial Intelligence. Their purpose lies in formulating and generating a human-like response to the query asked. Advances in machine learning and AI have led researchers to develop chatbots to assist humans in varying tasks like helping customers in buying and selling products as well as to be used in routine tasks in the field of health, education, and commerce. The design and development of conversational agents can be varied in many ways, falling into different categories. So, the study aims at exploring the chatbots based on parameters already defined by researchers and hence contributing by presenting chatbots in terms of three eras; Early, Second, and modern eras, and then highlighting the design issues with the help of understanding human cognitive factors. In this regard past literature has been studied closely and after that design issues are carefully highlighted. There are many challenges and limitations in their application which restrain them from being more humanoid. So the study comes up with highlights the main challenges and design issues in state-of-the-art chatbots and based on those challenges few focus areas are highlighted for future research investigation.",http://dx.doi.org/10.58325/ijisct.003.01.0071,https://journals.cfrit.com/index.php/ijisct/article/download/71/44,,bronze,3,6,sistema=6;relevancia-campo=4,candidato-por-metadados,Descoberta bibliográfica; análise posterior.
20260907T171423Z,1.2.0,"""voice user interface"" design",OpenAlex,https://openalex.org/W4412524704,https://doi.org/10.1145/3735014.3735921,Integrating Digital Media and Computer Technology into Designing Products for Children and Older Adults,2024,Saixiong Gan,conference-paper,"As older adults increase and child safety remains a very important concern, the demand for intelligent systems for constant health monitoring and productive safety tracking is at an all-time high. Children and older adults typically struggle with traditional monitoring solutions due to their complexity and the need for extensive customization, which can be difficult for these groups to manage. The combination of advanced mobile communication systems and digital media technology provides flexible services to meet these challenges. Based on digital media and computer technology, an intelligent monitoring system was proposed in the study for children and older adults. This architecture allows wearable devices to continuously collect data, such as location, heart rate, and physical activity, using AI and IoT technologies. The data is wirelessly transmitted via IoT infrastructure and analyzed using AI algorithms to identify problems and monitor long-term deviations from healthy state. The findings validate that this system is user-friendly, aligns with the daily routine of the target population, and has adequate precision for positioning and reliability for health monitoring. This system has great potential for practical applications in real-life environments, as it can be used to monitor older adults living alone or to check the safety of children in public spaces.",https://doi.org/10.1145/3735014.3735921,https://dl.acm.org/doi/pdf/10.1145/3735014.3735921,,gold,0,3,sistema=0;relevancia-campo=3,candidato-por-metadados,Descoberta bibliográfica; análise posterior.
20260907T171423Z,1.2.0,"""voice user interface"" design",OpenAlex,https://openalex.org/W4405242496,https://doi.org/10.59321/bauetj.v4i2.19,Investigating tertiary students' perceptions about ChatGPT use in higher education: Bangladesh Perspective,2024,Md. Soleman Mollik,article,"before September 2021 and does not explore the internet for up-to-date information.Its unequal factual accuracy has thus been acknowledged as a serious problem [52,53].Academic integrity is likely to be ChatGPT's most talked-about challenge to education.A few studies clarified ChatGPT's exam-taking expertise [54,55].With the increasing use of online exams in higher education, ChatGPT poses a potential risk to test integrity [56,57].While providing some first insights into the potential and challenges of ChatGPT, these studies do so from the perspective of educators rather than students.The system was specifically prompted in each referenced publication, and researchers-not studentsevaluated the responses.To completely comprehend ChatGPT's influence on education, we must examine how students utilize and see this linguistic paradigm.Scholars urged that the impacts of ChatGPT integration in higher education be investigated from teachers' perspectives mostly [58] which lacks the research gap on the same points from students' perspectives.Furthermore, a large number of researchers have recently acknowledged that the perception and resulting impacts of ChatGPT in tertiary education from students' viewpoints should be given importance since the sector is still unexplored [59][60][61][62][63].To the best of our knowledge, Bangladeshi tertiary-level students' perception of ChatGPT use in their education has not yet been studied.Therefore, the study aims to explore tertiary students' perceptions about using ChatGPT in higher education.Since student perceptions have a significant impact on motivation, engagement, and academic success, they are essential to education [64][65][66].Students with a positive perception of the learning process are more likely to be motivated and interested in the subject matter, which can enhance their academic achievement [67,68].Conversely, students with unfavorable opinions or emotions regarding their educational experience could lose interest or motivation, decreasing their chances of academic success [69][70][71].Having not been done before, this study attempts to fill the research gap on tertiary students' use of ChatGPT in their education by addressing the following research objectives and questions.Research Objectives: This study aims to uncover the perceptions of tertiary students regarding ChatGPT use in their higher educational domains and the consequent effects.Therefore, it sets the following objectives:1. To investigate the perceptions of tertiary students' ChatGPT use in higher education.2. To investigate the consequent effects of ChatGPT use on students in tertiary education. Research Questions:The fulfillment of the research aims and objectives is guided by the research questions [72,73].Openended and exploratory, qualitative research questions seek to comprehend a phenomenon's ""how, what, or why"" rather than merely measuring it [74].Furthermore, research questions are formulated in accordance with the study objectives, according to Johnson & Christensen [75].As a result, this study's research questions are constructed as below:1. What perceptions do students have of ChatGPT use in tertiary education?2. What are the consequent effects of ChatGPT use on students in tertiary education?To make sure that their opinions were grounded in personal experience, the students had to utilize this application to finish a few activities before answering the surveys.The authors first asked students to respond to an open-ended inquiry with their opinions in their own words so that authors could freely explore their ideas.After that, a thematic analysis of their comments was conducted to determine the pertinent perceptions, advantages, and disadvantages of ChatGPT.The results of this theme analysis were then utilized to create a questionnaire that asked students to provide a numerical ranking of these impressions, benefits, and drawbacks.To help researchers and educators learn about relevant ChatGPT characteristics in the classroom along with the key findings and recommendations for further research, a framework for using ChatGPT was created.The remainder of this research is described as follows after this introduction.The overview and usage of ChatGPT in higher education are covered in the second section.The methodology is then described in the third section.The thematic analysis with findings is then presented in the fourth segment.The discussions are finally summarized in the fifth part followed by implications, limitations, future research directions, and conclusion. Literature ReviewChatGPT integration: An AI chatbot called ChatGPT was developed by OpenAI [76].""Generative Pre-trained Transformer (GPT)"" is the name given to a language processing framework that has been created using a ton of data to produce language similar to that of a human [77].Again, [78] claimed that an artificial intelligence (AI) chatbot called ChatGPT is remarkably sophisticated, sensitive, and valuable for understanding and producing natural human language.On the other hand, an artificially intelligent technology called ChatGPT employs the analysis of natural language to resolve disputes.Because of this, it generates information more conversationally, absorbs information from those interactions, and can deliver increasingly precise, tailored responses.This technology can compose essays and emails, translate papers and code, and create poetry, among other things.Unlike previous chatbots, ChatGPT can react immediately, fostering more vibrant and diverse conversations on various subjects.According to [79], it is possible to customize ChatGPT to carry out particular functions like text production, language translation, and question-answering, and it is a flexible tool that may be used in a variety of industries, including education, thanks to its capacity to comprehend and react to natural language input.They again revealed that it is valuable because ChatGPT can be used for many things in the classroom, like language translation, discussion, summarizing, and text production.It is a technology",https://doi.org/10.59321/bauetj.v4i2.19,https://journal.bauet.ac.bd/wp-content/uploads/2024/12/V4-I2-Article-19.pdf,cc-by-nc,hybrid,3,6,sistema=4;relevancia-campo=4,candidato-por-metadados,Descoberta bibliográfica; análise posterior.
20260907T171423Z,1.2.0,"""voice user interface"" design",OpenAlex,https://openalex.org/W7162132182,https://doi.org/10.60687/2026-0094,Verbesserung der Barrierefreiheit in der Mensch-Roboter-Interaktion: Nutzerzentrierte Entwicklung und Bewertung von Objektübergaben für sehbehinderte und sehende Nutzer,2025,Dorothea Langer,dissertation,"Wenn Serviceroboter in öffentlichen Räumen eingesetzt werden, treffen sie dort auf sehr unterschiedliche Nutzer. Daher müssen sie als soziale Roboter konzipiert sein, die mit diesen Nutzern interagieren können, und zudem barrierefrei gestaltet sein. Bisher hat die Forschung Barrierefreiheit in der Mensch-Roboter-Interaktion (MRI) kaum adressiert. Zudem konzentriert sie sich üblicherweise auf eine eng definierte Nutzergruppe mit einer Behinderung, ohne Vergleiche zu nicht behinderten Nutzern. In dieser Dissertation wird das nutzerzentrierte Design sowie die Evaluation eines Interaktionskonzepts für robotische Objektübergabe für sehbehinderte und sehende Nutzer vorgestellt, mit dem Ziel die Barrierefreiheit in der MRI zu verbessern. Robotische Objektübergabe ist eine grundlegende Fähigkeit von Servicerobotern. Objektübergaben sind komplexe gemeinschaftliche Aktionen, die ein hohes Maß an Koordination erfordern. Die Planung des robotischen Greifens muss Objekteigenschaften berücksichtigen, wie z.B. deren Gefährlichkeit sowie die Objektorientierung, z.B. indem sie sich an menschliche Konventionen anpasst. Die bestehende Forschung berücksichtigt die dafür notwendigen Faktoren nicht ausreichend. Darüber hinaus ist Koordination für erfolgreiche Objektübergaben von entscheidender Bedeutung, wobei das Blickverhalten eine wichtige Rolle spielt. Aktive Blickkoordination, die durch die Detektion menschlichen Blickkontakts von Seiten des Roboters erleichtert wird, verbessert die Zusammenarbeit zwischen Mensch und Roboter. Jedoch sind alternative Koordinationsmethoden erforderlich, wenn Blickkontakt nicht oder nur eingeschränkt möglich ist, z.B. bei sehbehinderten Nutzern (engl.: blind und visually impaired - BVI). Strategien von BVI bei Objektübergaben von Mensch zu Mensch liefern dafür nutzbare Erkenntnisse. Für BVI ist es besonders wichtig, dass sie während aller Übergabephasen über den aktuellen Status des Systems zu informiert oder Sprachbefehle für die Abfrage dieser Informationen zugelassen werden. Sprachbenutzerschnittstellen (engl.: Voice User Interface - VUI) sind bei digitalen Technologien für blinde und sehbehinderte Nutzer von entscheidender Bedeutung, wobei Sprachbefehle ihre am häufigsten verwendete Interaktionsmodalität sind. Zur Gestaltung von Interaktionsdesigns für verschiedene Nutzergruppen eingesetzte Methoden erfordern eine sorgfältige Berücksichtigung der einzigartigen Anforderungen und Vorlieben dieser Gruppen. Dies kann der nutzerzentrierte Designprozess (engl.: User Centered Design – UCD) nach ISO 9241-210 gewährleisten, bei dem Nutzer während der gesamten Entwicklung einbezogen werden. Die Evaluation einer robotischen Objektübergabe birgt weitere Herausforderungen, da es aufgrund verschiedener Taxonomien und Metriken keine universelle Methode zur Bewertung von MRI gibt. Zur Evaluation der Mensch-System-Interaktion im Allgemeinen ist der gängige Standard die Bewertung der Usability nach ISO 9241-11, mit Metriken wie Effektivität, Effizienz und Zufriedenstellung. Die Norm behandelt außerdem die Barrierefreiheit als erwünschtes Ergebnis einer Interaktion und bildet daher eine angemessene Grundlage für die Evaluation barrierefreier robotischer Objektübergaben. Aus den beschriebenen Herausforderungen wurde die Forschungsfrage dieser Arbeit abgeleitet: Wie kann die robotergestützte Objektübergabe so gestaltet werden, dass sie Nutzerbedürfnisse von BVI sowie sehenden Nutzern erfüllt und beide gleichermaßen unterstützt? Die zentralen Arbeitshypothesen sind, dass zur Zielerreichung die nutzerzentrierte Entwicklung (1) einer VUI zur Koordination von Übergaben ohne Sichtkontakt sowie (2) von robotergesteuerten Greifstrategien notwendig sind, deren kombinierte Anwendung (3) beiden Gruppen in gleichem Maße eine effektive, effiziente und subjektiv positiv empfundene robotische Objektübergabe ermöglicht. Die Forschungsfrage wird in drei Studien beantwortet, der (1) VUI-Studie, (2) Greifstudie und (3) Evaluationsstudie. In der VUI-Studie wurde ein umfassender Sprachdialog für robotische Objektübergaben an Nutzer mit als auch ohne visuelle Einschränkungen entwickelt und gegen die Nutzeranforderungen getestet. Die Ergebnisse zeigten Zufriedenheit mit der Sprachinteraktion, was sowohl Sehenden als auch BVI zugutekommt. Zudem zeigte die Studie, dass die punktuelle Beteiligung von BVI am Anfang und Ende des UCD eine zufriedenstellende Anwendbarkeit ermöglichen kann. In der Greifstudie wurde eine robotische Greifstrategie, für Nutzer sowohl mit als auch ohne visuelle Einschränkungen, entwickelt und mit Nutzern evaluiert. Die Ergebnisse unterstützen die Empfehlung, dass sich Objektorientierung und Greifverhalten an erlernten menschlichen Konventionen orientieren sollten, insbesondere bei gefährlichen Objekten, bei denen der Robotergeifer Objektbereiche abdecken sollte, von denen ein Verletzungsrisiko ausgeht. Die Evaluationsstudie, durchgeführt mit einem Roboterprototypen mit Sprachschnittstelle und haptischem Feedback, ergab eine akzeptable Usability und positive Nutzerwahrnehmung der Objektübergabe in allen Gruppen. Es wurden jedoch Bedenken hinsichtlich der benötigten Zeit für Übergaben geäußert, und das Feedback von BVI war im Vergleich zu sehenden Nutzern variabler. Dies lässt sich u.a. durch die größere Heterogenität der BVI Nutzer und technische Unzulänglichkeiten des Roboterprototypen erklären. Die Arbeit hat mehrere Limitationen, darunter der Fokus auf kurzfristige Interaktionen. Externe Faktoren wie die COVID-19-Pandemie beeinflussten methodische Entscheidungen: Während des nutzerzentrierten Designs konnten nicht alle Nutzergruppen konsistent einbezogen werden und der UCD-Prozess in der Greifstudie hatte nur eine Iteration. Außerdem umfasste die Stichprobe in der Studie zur Entwicklung von Greifstrategien nur sehende und mit Augenbinde verblindete Personen. Damit trägt die Dissertation auf verschiedene Weisen zur Entwicklung sozialer Roboter bei. Das entwickelte Interaktionskonzept kann auf verschiedene Kontexte übertragen werden, in denen Objekte an Nutzer mit und ohne Sichteinschränkungen übergeben werden, beispielsweise bei Servicerobotern in öffentlichen Räumen oder in industriellen Umgebungen. Die optische Gestaltung des Roboters ist für das Konzept nicht entscheidend, sodass es auf beliebige Roboter mit Arm und Greifer angewendet werden kann. Bei der Übertragung ist jedoch darauf zu achten, dass die Dialogstruktur der VUI und die Kriterien der Greifstrategie erhalten bleiben. Die Arbeit ist daher nur ein erster Schritt in diese Richtung. Zukünftige Forschung sollte barrierefreie Konzepte für weitere Grundfunktionalitäten sozialer Roboter entwickeln, langfristige Nutzererfahrungen barrierefreier MRI untersuchen, sowie Regeln für die multimodale Gestaltung von MRI erstellen. Zusammenfassend kann diese Dissertation als Grundlage für die Entwicklung vielseitig einsetzbarer und barrierefreier sozialer Roboter dienen.",https://monarch.qucosa.de/id/qucosa%3A104381,https://monarch.qucosa.de/api/qucosa%3A104381/attachment/ATT-0/,cc-by,green,3,6,sistema=1;relevancia-campo=7,candidato-por-metadados,Descoberta bibliográfica; análise posterior.
20260907T171423Z,1.2.0,"""voice user interface"" design",OpenAlex,https://openalex.org/W4401067649,https://doi.org/10.3390/app14156573,Comparative Analysis of SAAS Model and NPC Integration for Enhancing VR Shopping Experiences,2024,Surasachai Doungtap; Jenq‐Haur Wang; Varinya Phanichraksaphong,article,"This article examines the incorporation of the Shopping Assistance Automatic Suggestion (SAAS) model into Virtual Reality (VR) environments in order to improve the online shopping experience. The SAAS model employs sophisticated deep learning methods to offer customized product recommendations, which are conveyed by non-player characters (NPCs) via voice-based interactions. Our goal is to develop an interactive shopping experience that replicates real-life interactions by integrating AI-powered recommendations with immersive VR technology. We gather and standardize data from several open commerce databases, such as Amazon Product and Customer Reviews. The SAAS model, in conjunction with GPT-3, BERT, and T5, undergoes training and testing to evaluate its effectiveness across multiple criteria. The results demonstrate that the SAAS model surpasses other models in delivering contextually aware and pertinent recommendations. The integration process outlines the specific steps involved in capturing, processing, and transforming user interactions in virtual reality (VR) into vocal suggestions provided by non-player characters (NPCs). This strategy improves customization and utilizes the immersive features of virtual reality to effectively engage people. The results of our research establish a higher standard for e-commerce, with the goal of enhancing the user experience of online purchasing by making it more instinctive, engaging, and pleasurable.",https://doi.org/10.3390/app14156573,https://www.mdpi.com/2076-3417/14/15/6573/pdf?version=1722330663,cc-by,gold,0,3,sistema=0;relevancia-campo=5,candidato-por-metadados,Descoberta bibliográfica; análise posterior.
20260907T171423Z,1.2.0,"""voice user interface"" design",OpenAlex,https://openalex.org/W40809628,,Face and Lip Localization in Unconstrained Imagery,2008,Brandon Crow; Jane Zhang,article,"When combined with acoustical speech information, visual speech information (lip movement) significantly improves Automatic Speech Recognition (ASR) in acoustically noisy environments. Previous research has demonstrated that visual modality is a viable tool for identifying speech. However, the visual information has yet to become utilized in mainstream ASR systems due to the difficulty in accurately tracking lips in real-world conditions. This paper presents our current progress in addressing this issue. We derive several algorithms based on a modified HSI color space to successfully locate the face, eyes, and lips. These algorithms are then tested over imagery collected in visually challenging environments.",https://digitalcommons.calpoly.edu/eeng_fac/311,https://digitalcommons.calpoly.edu/eeng_fac/311,,green,0,0,sistema=0;relevancia-campo=0,candidato-por-metadados,Descoberta bibliográfica; análise posterior.
20260907T171423Z,1.2.0,"""voice user interface"" design",OpenAlex,https://openalex.org/W1850591340,https://doi.org/10.5965/2316419001012012034,Interface do usuário baseada em voz como ferramenta para promover o ensino/aprendizagem de língua estrangeira,2012,Valéria Farinazzo Martins; André Brasiliano da Silva,article,"Este artigo traz um estudo do uso de interfaces do usuário baseada em voz no auxílio ao aprendizado de língua estrangeira, inserida no contexto de melhorar atividades práticas de escuta e compreensão de textos, bem como a pronúncia correta de palavras. Para tanto, através de técnicas de reconhecimento e síntese de voz, foi desenvolvida a aplicação VAL, que segue uma metodologia específica para o desenvolvimento de aplicações VUI.",https://doi.org/10.5965/2316419001012012034,https://periodicos.udesc.br/index.php/reavi/article/download/2524/2086,cc-by,hybrid,0,3,sistema=0;relevancia-campo=4,candidato-por-metadados,Descoberta bibliográfica; análise posterior.
20260907T171423Z,1.2.0,"""voice user interface"" design",OpenAlex,https://openalex.org/W2980891446,https://doi.org/10.14236/ewic/eva2019.61,Can Her Voice Crack? I am not sure I understand,2019,Danae lo,conference-paper,"Speech has a long history as an intra-human medium of communication, so far as to be considered one of the defining characteristics of the category. How does the use of speech as an interface with technology unsettles existing relations to speech and to what is understood as human? Through a research method that is both theoretical but also derived through my cohabitation with Siri, Alexa and Google assistant the text explores the politics, poetics and philosophies, as well as ways of relating to voice interfaces (VI). This paper is an excerpt of a much longer essay with the same title. The first section, investigates the ways voice interfaces frame speech through the algorithmic principles in use, as well as questioning whose voices and culture such entities are more likely to understand. The second section questions the framework of the virtual assistant in relation to feminised voices and feminised labour. The last chapter considers voice interfaces as apparatuses and problematises their role within the current socio-political capitalist structures.",https://doi.org/10.14236/ewic/eva2019.61,https://www.scienceopen.com/document_file/27c488c7-a654-406d-bba7-d1a4c7f0f03e/ScienceOpen/321_lo.pdf,cc-by,hybrid,0,1,sistema=0;relevancia-campo=1,candidato-por-metadados,Descoberta bibliográfica; análise posterior.
20260907T171423Z,1.2.0,"""voice user interface"" design",OpenAlex,https://openalex.org/W4388843220,https://doi.org/10.48550/arxiv.2311.10199,Generative AI in Undergraduate Information Technology Education -- Insights from nine courses,2023,Anh Nguyen‐Duc; Tor Lønnestad; Ingrid Sundbø; Marius Rohde Johannessen; Veralia Gabriela; Salah Uddin Ahmed; Rania El-Gazzar,preprint,"The increasing use of digital teaching and emerging technologies, particularly AI-based tools, such as ChatGPT, is presenting an inevitable and significant impact on higher education. The capability of processing and generating text could bring change to several areas, such as learning assessments or learning experiences. Besides the negative impact, i.e exam cheating, we also see a positive side that ChatGPT can bring to education. This research article aims to contribute to the current debate on ChatGPT by systematic reflection and experience reported from nine bachelor IT courses at a Norwegian university. We conducted inductive empirical research with reflective notes and focused groups of lecturers from nine different IT courses. The findings were thematically organized with numerous use cases in teaching IT subjects. Our discussion highlights the disruptive implications of AI assistant usage in higher education and emphasizes the need for educators to shape this transformation.",http://arxiv.org/abs/2311.10199,https://arxiv.org/pdf/2311.10199,cc-by,green,2,2,sistema=1;relevancia-campo=0,candidato-por-metadados,Descoberta bibliográfica; análise posterior.
20260907T171423Z,1.2.0,"""voice user interface"" design",OpenAlex,https://openalex.org/W4409232931,https://doi.org/10.22214/ijraset.2025.68359,VOX - Aide,2025,Pooja Aher,article,"Abstract: VOX-Aide is a revolutionary voice-integrated desktop assistant designed to transform productivity and well-being in the digital age. By seamlessly integrating intelligent coding support, personalized workflow management, and advanced analytics, VOX-Aide streamlines workflows while prioritizing user experience. This innovative platform offers multilingual support, email automation, code generation, and health analytics, all accessible through natural voice commands. Built on a robust architecture combining Electron.js, React.js, Node.js, and FastAPI, VOX-Aide ensures scalability and reliability. Its human-centred design focuses on enhancing efficiency and promoting a healthier work-life balance, making it an indispensable tool for professionals worldwide.",https://doi.org/10.22214/ijraset.2025.68359,https://doi.org/10.22214/ijraset.2025.68359,,diamond,0,3,sistema=0;relevancia-campo=4,candidato-por-metadados,Descoberta bibliográfica; análise posterior.
20260907T171423Z,1.2.0,"""voice user interface"" design",OpenAlex,https://openalex.org/W4415963779,https://doi.org/10.46254/ap06.20250248,Implementation Of Machine Learning Based Optical Character Recognition for Mobile Based Drug Packaging Identification,2025,Andi Chairunnas; Hasrul SE; Muslim Muslim; Raihan Ramadian Purwanto; Biyan Firmansyah,conference-paper,"The difficulty in accurately identifying drug information from packaging, especially for the elderly or when the packaging is damaged, poses significant health risks due to potential misuse. This research addresses this challenge by developing a comprehensive, mobile-based solution. We introduce an Android application that implements a multi-layered approach: (1) on-device Optical Character Recognition (OCR) using Google's ML Kit for fast text extraction, (2) the Jaro-Winkler algorithm to correct and enhance the accuracy of imperfect OCR results, (3) a curated database of 300 common Indonesian drugs, and (4) an innovative chatbot powered by a Large Language Model (LLM) to provide interactive and reliable drug information. The system was evaluated through a series of comprehensive tests. The results demonstrate high functional stability and a robust Top-5 identification accuracy of 96% across 150 test cases, maintaining 98% accuracy in low-light conditions and 90% on damaged packaging. Furthermore, the application achieved a",https://doi.org/10.46254/ap06.20250248,https://ieomsociety.org/proceedings/bali2025/248.pdf,,gold,2,2,sistema=2;relevancia-campo=0,candidato-por-metadados,Descoberta bibliográfica; análise posterior.
20260907T171423Z,1.2.0,"""voice user interface"" design",OpenAlex,https://openalex.org/W3210190989,https://doi.org/10.30844/i40m_21-5_s49-52,Potenziale multimodaler Benutzungsschnittstellen - Ansätze der Mensch-Maschine-Interaktion für die digitalisierte Produktion,2021,Universität Potsdam; Daniel‐Leonhard Fox; André Ullrich; Nobert Gronau,article,"Die Digitalisierung verändert Fertigung und Produktion nachhaltig. Dabei ist die konkrete Ausgestaltung von Benutzungsschnittstellen im digitalisierten Produktionsumfeld von zentraler Bedeutung für eine erfolgreiche Transformation. In diesem Beitrag werden Einsatzpotenzial und Kombinationsmöglichkeiten von Ansätzen der Mensch-Maschine-Interaktion aufgezeigt sowie Anwendungsbeispiele vorgestellt. Dabei bieten multimodale Benutzungsschnittstellen einen hohen Grad an Immersion. Im Ergebnis werden Ansätze VR-, gesten- und sprachbasierter Interaktionsformen mithilfe der Grundsätze der Dialoggestaltung verglichen und deren Eignung im Einsatz als Arbeits- und Lernunterstützung für die Mitarbeiter dargestellt.",https://doi.org/10.30844/i40m_21-5_s49-52,https://library.gito.de/wp-content/uploads/2021/10/fox-IM-2021-5.pdf,,bronze,0,1,sistema=0;relevancia-campo=1,candidato-por-metadados,Descoberta bibliográfica; análise posterior.
20260907T171423Z,1.2.0,"""voice user interface"" design",OpenAlex,https://openalex.org/W4243133680,https://doi.org/10.33965/ihci_get2020_202010l010,AMAZON ECHO: A BENCHMARKING MODEL REVIEW,2020,Dietmar Jakob and Sebastian Wilhelm,conference-paper,Smart speakers are becoming increasingly popular. The market leader for smart speakers are the products of the Echofamily from Amazon. There are currently 9 different models with different technical specifications available in Germany.With this,https://doi.org/10.33965/ihci_get2020_202010l010,http://www.iadisportal.org/components/com_booklibrary/ebooks/202010L010.pdf,,gold,0,1,sistema=0;relevancia-campo=1,candidato-por-metadados,Descoberta bibliográfica; análise posterior.
20260907T171423Z,1.2.0,"""voice user interface"" design",OpenAlex,https://openalex.org/W4307122033,https://doi.org/10.3390/app122010674,Can Voice Reviews Enhance Trust in Voice Shopping? The Effects of Voice Reviews on Trust and Purchase Intention in Voice Shopping,2022,Jaeun Seo; Daeho Lee; Inyoung Park,article,"Despite the high expectations of the voice shopping market, the impact of reviews and product types on voice commerce has yet to be explored. The purpose of this study is to investigate the effect of reviews and product types on users’ trust and purchase intentions in voice shopping. We explore users’ trust for voice shopping, trust in the vendor and purchase intention in three different types of reviews (i.e., no review, review by rating, and review by feature) and product types (i.e., search goods, experience goods, and convenience goods). We found that review conditions had a significant effect on purchase intentions and trust in voice shopping, whereas product types did not. Even within the review conditions, only the review by rating condition showed a significant difference from the no review condition. This study contributes to consumers and marketers by demonstrating the importance of providing rating reviews which requires a low cognitive load in the audio-centric environment.",https://doi.org/10.3390/app122010674,https://www.mdpi.com/2076-3417/12/20/10674/pdf?version=1666791559,cc-by,gold,0,1,sistema=0;relevancia-campo=1,candidato-por-metadados,Descoberta bibliográfica; análise posterior.
20260907T171423Z,1.2.0,"""voice user interface"" design",OpenAlex,https://openalex.org/W4412163512,https://doi.org/10.17705/3sjis/037.03,Reassessing the Gender Script Concept. The case of feminised conversational agentsconversational agents,2025,Joni Jaakola,article,"In recent decades, there has been a rise in human-like and femininely gendered information systems, such as voice-based conversational agents. Research has identified both benefits and harms in this development. While the feminisation of information systems may increase usability, trust, technology acceptance and user enjoyment, it can also reproduce harmful gender stereotypes, biases, and oppression in society. Using the conversational agent Alexa as an example, this conceptual article contributes to the discussion by examining the gendering of information systems through the concepts of gender cue and gender script. In conclusion, it suggests that a conceptual distinction between the designer’s gender script and the user’s gender script should be made. This distinction would enable a better understanding of gendering as a flexible process and, when utilised in the research on human-like information systems, would enable the incorporation of anti-determinist, anti-essentialist, queer and intersectional perspectives.",https://doi.org/10.17705/3sjis/037.03,https://doi.org/10.17705/3sjis/037.03,,bronze,3,6,sistema=2;relevancia-campo=3,candidato-por-metadados,Descoberta bibliográfica; análise posterior.
20260907T171423Z,1.2.0,"""voice user interface"" design",OpenAlex,https://openalex.org/W2285506486,https://doi.org/10.20533/ijisr.2042.4639.2011.0007,Security Test Environment for VoIP Research,2011,Florian Fankhauser; Maximilian Ronniger; Christian Schanes; Thomas Grechenig,article,"Voice over IP (VoIP) is in wide use today, replacing phone lines in many scenarios.However, often, security isn't considered well enough, even though many security attacks are already known.More research on VoIP security is needed to enhance the level of security of VoIP systems and to show the implications of failing to take appropriate security measures.This paper presents a short introduction in testing VoIP components, proposes an architecture and implementation of a robust, flexible and efficient VoIP test environment for security related tests.Experiences using the implemented environment for different VoIP security tests are shown to demonstrate the suitability of the proposed test environment for research and teaching purposes.",https://doi.org/10.20533/ijisr.2042.4639.2011.0007,https://doi.org/10.20533/ijisr.2042.4639.2011.0007,,bronze,0,0,sistema=0;relevancia-campo=0,candidato-por-metadados,Descoberta bibliográfica; análise posterior.
20260907T171423Z,1.2.0,"""voice user interface"" design",OpenAlex,https://openalex.org/W3119029839,,Designing and Evaluating Young Children’s Interaction During an Alexa Trivia Game,2020,Yao Du,dissertation,"With the increased adoption and use of smart home speakers in households, many young children have learned to use listening and speaking to interact with the voice assistants (VAs) for a variety of daily activities (e.g., asking questions, listening to music). Despite the proliferation of VAs, due to the technical limitations such as automatic speech recognition (ASR) and natural language understanding (NLU), children often experience communication breakdowns with VAs, limiting educational opportunities through these voice-based interfaces. Informed by prior literature on child-computer interaction, child language development, and audio and trivia game design, I first designed a trivia game Animal Actions using Amazon Alexa with interdisciplinary research teams. I then conducted an in-home user evaluation study with 18 children between 3 and 6 years old using a mobile phone. Through video analysis of children's gameplay, I examined children's interaction with Alexa from four areas: children's verbal behaviors, children's response errors, Alexa communication breakdowns, and children's communication repair strategies. I found that single-word responses were more accurately recognized and processed by Alexa than were multi-word phrase-level responses. When comparing children's response accuracy and errors, children's responses included a wide range of speech articulation, semantic, and syntactic differences leading to incidents of communication breakdowns, which were not accounted for during game design and game item development. Parent questionnaires also revealed similar usability issues with automatic speech recognition and natural language understanding when children use VAs at home for daily routines, and parents reported using VAs independently and collaboratively with their children to mitigate communication breakdowns. Based on these findings, I discuss sociotechnical, design, and ethical considerations to inform future research on designing accessible user interfaces in voice games to support children's communication skills, including those with communication disorders.",https://escholarship.org/uc/item/7806m2dr,https://escholarship.org/uc/item/7806m2dr,cc-by,green,3,6,sistema=2;relevancia-campo=7,candidato-por-metadados,Descoberta bibliográfica; análise posterior.
20260907T171423Z,1.2.0,"""voice user interface"" design",OpenAlex,https://openalex.org/W4403319096,https://doi.org/10.69564/able.fr.23006.yokobo,yōkobo,2023,Dominique Deuff; Ioana Ocnarescu; Gentiane Venture; Isabelle Milleville-Pennel; École nationale supérieure des Arts Décoratifs Paris,article,"Dans le cadre d'une thèse et d'un projet de recherche pluridisciplinaire visant à renforcer le lien entre les membres d'un couple de jeunes retraités, nous avons imaginé et conçu Yōkobo, un robot à la croisée d'une approche sensible et d'une orientation de la robotique qui fait le pont entre les humains (domaine des Interactions Homme-Robot-Homme). Par ses inspirations, il est théoriquement relié aux concepts d'objet à comportement, de robjet, de robotique faible et de « technologie lente ». Yōkobo est un vide-poche placé à l'entrée des maisons. Il exprime l'hospitalité de celles-ci et célèbre les petits moments de la vie quotidienne par sa présence discrète qui accueille les visiteurs et les habitants de la maison. Son nom vient de la contraction du mot japonais «yōkoso » (« bienvenue » en français) et du mot « robot ». En plus de ces fonctions, Yōkobo rend compte de l'état de la maison à l'aide de données provenant d'appareils IoT connectés (Internet des objets) en combinant divers paramètres (tels que la température, la qualité de l'air, etc.) pour refléter, au travers de ses mouvements, « l'atmosphère » de la maison. Enfin, utilisé en association avec des clés de maison, Yōkobo peut révéler une trace, un message basé sur le mouvement. Où l'empreinte est une réminiscence du passage du compagnon. Yōkobo est résolument innovant et perturbant. Il est en décalage avec la vision généralement partagée des robots : C'est un objet qui se veut discret, issu de l'informatique ambiante tout en ayant une présence subtile permanente. Il n'émet pas de sons, contrairement aux assistants vocaux et à la tendance à l'usage de la modalité vocale. Il exprime son environnement uniquement par le mouvement et la lumière. Pour s'éloigner des robots-compagnons de maison et des préjugés qu'ils peuvent générer en arborant une représentation faciale, Yōkobo n'a pas une forme anthropomorphique et ne parle pas. Yōkobo est fabriqué à partir de matériaux naturels tels que la céramique, le bois ou la laine afin de rompre avec l'idée du robot en plastique jetable et du jouet, et pour améliorer son intégration dans le quotidien de la maison. En tant que produit issu de la « technologie lente », comprendre et intégrer Yōkobo dans sa vie prend du temps et nécessite d'accepter de ne pas avoir une réponse instantanée, claire et répétitive en réponse à une action. Son apport ne se mesure pas en termes d'efficacité et d'utilité. C'est la somme des différentes expériences avec le produit au fil du temps qui donne du sens et de la valeur à celui-ci. Apprendre à connaître les mouvements expressifs de Yōkobo est un processus continu et progressif. Yōkobo est un objet qui se comprend par la perception et touche la sensibilité poétique de chacun. Yōkobo est un concept qui place l'humain en son centre. C'est un objet qui met en avant la relation entre les personnes. Il n'a pas pour but de s'imposer et ne vise pas une relation exclusive homme-objet. Il révèle la présence de l'autre à travers la trace éphémère de son passage. C'est un objet à présence sensible. Ce travail est le résultat d'une recherche interdisciplinaire entre roboticien.nes, designers et ergonomes. La navigation (directions et superposition) de ce pan.able montre les processus de conception et d'ingénierie, ainsi que les modalités d'interaction de Yōkobo.",https://doi.org/10.69564/able.fr.23006.yokobo,https://able-journal.org/wp-content/uploads/2023/06/Yokobo-fr-hq-1.pdf,,bronze,0,3,sistema=0;relevancia-campo=4,candidato-por-metadados,Descoberta bibliográfica; análise posterior.
20260907T171423Z,1.2.0,"""voice user interface"" design",OpenAlex,https://openalex.org/W2321571402,https://doi.org/10.9790/0661-0513136,Advances in Automatic Speech Recognition: From Audio-Only To Audio-Visual Speech Recognition,2012,Akriti Bahal,article,"Major developments in the field of finding more natural ways of interacting with computers have been taking place.The clear focus lies on making technology more approachable to people.The concept that computers can comprehend our various gestures by eyes, voices, touch and our different movements to interact is called the Natural User Interface (NUI).Today, many of these elements are available in mobile phones, PCs, and in other devices.Speech technologies particularly play a substantial role in this evolution.Significant advancement in automatic speech recognition (ASR) for well defined applications like dictation and medium vocabulary transaction processing assignments in comparatively controlled environments have been made.But, automatic speech recognition still has to reach a level needed for speech to become a completely pervasive user interface because even in clean acoustic surroundings, the state of ASR system performance falls behind human speech perception.Visual speech recognition, however, is a promising source of extra speech information and it has successfully exhibited to enhance noise robustness of automatic speech recognizers, thereby promising to expand their usability in the human computer interaction.In this paper, the main components of audio-visual speech recognition, i.e., the audio and the video components are discussed, along with the latest advancements made in this field.Further, the research goes beyond the recent advancements and discusses the future scope of audio video speech recognition and mentions some likely future developments, evaluating each on the basis of its performance.Graphs are plotted based on experiments to depict the performance improvements from audioonly ASR to audio-video ASR, along with its expected performance level in future.",https://doi.org/10.9790/0661-0513136,https://doi.org/10.9790/0661-0513136,,bronze,0,3,sistema=0;relevancia-campo=4,candidato-por-metadados,Descoberta bibliográfica; análise posterior.
20260907T171423Z,1.2.0,"""voice user interface"" design",OpenAlex,https://openalex.org/W4408254715,https://doi.org/10.2196/64449,Comparison of Smart Display Versus Laptop Platforms for an eHealth Intervention to Improve Functional Health for Older Adults With Multiple Chronic Conditions: Protocol for a Randomized Clinical Trial,2025,David H Gustafson Sr; Marie‐Louise Mares; Darcie C Johnston; John J. Curtin; Klaren Pe‐Romashko; Gina Landucci,article,"BACKGROUND: Maintaining functional health, or the ability to live independently, is a primary goal of individuals as they age, but most older adults develop chronic conditions that threaten this goal. Physical activity is a key aspect of self-care that can improve functional health, and digital interventions offering guidance on appropriate exercise can help. However, older adults with multiple morbidities may be unable to use a laptop or smartphone-based eHealth because poor vision, dexterity, mobility, or other physical challenges make typing or touch navigation difficult. A smart display platform-comprising a smart speaker plus a small visual screen-has the potential to remove these barriers because it is voice-activated. OBJECTIVE: The study aims to compare usage patterns of an eHealth intervention for older adults when delivered via a voice-based smart display versus a typing-based laptop, and assess whether the smart display outperforms the laptop in improving functional health and its specific physical and mental aspects. METHODS: A minimum of 356 adults aged 60 years and older with at least 5 chronic health conditions are to be recruited from primary care clinics and community organizations. Participants will be randomized 1:1 to 12 months of access to an evidence-based intervention, ElderTree, delivered on either a smart display or a touchscreen laptop, with a postintervention follow-up at 18 months. The primary outcome is differences between groups on a comprehensive measure of physical and mental functional health. Secondary outcomes are between-group differences in the subscales of functional health (eg, physical function and depression), as well as measures of health distress, loneliness, unscheduled health care, and falls. We will also examine mediators and moderators of the effects of ElderTree on both platforms. Participants will complete surveys at baseline, 6, 12, and 18 months, and ElderTree use data will be collected continuously during the intervention period in system logs. We will use linear mixed-effect models to evaluate outcomes over time, with treatment condition and time point as between-subjects factors. Separate analyses will be conducted for each outcome. RESULTS: Recruitment began in July 2023 and was completed in May 2024, with 387 participants enrolled. The 12-month intervention period will end in May 2025; data collection will end in November 2025. Findings will be disseminated via peer-reviewed publications. CONCLUSIONS: Voice-activated digital health interventions have theoretical but untested advantages over typing-based technologies for older adults with physical limitations. As the population ages, and as multiple morbidities threaten the functional health of the majority of older adults, innovations in self-management are a matter of public health as well as individual quality of life. TRIAL REGISTRATION: ClinicalTrials.gov NCT05240534; https://clinicaltrials.gov/study/NCT05240534. INTERNATIONAL REGISTERED REPORT IDENTIFIER (IRRID): DERR1-10.2196/64449.",https://doi.org/10.2196/64449,https://www.researchprotocols.org/2025/1/e64449/PDF,cc-by,gold,0,0,sistema=0;relevancia-campo=0,candidato-por-metadados,Descoberta bibliográfica; análise posterior.
20260907T171423Z,1.2.0,"""voice user interface"" design",OpenAlex,https://openalex.org/W4385729908,https://doi.org/10.1145/3594806.3596548,The CITA GO-ON dialogue system: mid-term achievements,2023,Javier Mikel Olaso; Maite García‐Sebastián; Asier López Zorrilla; Mikel Tainta; Mirian Ecay‐Torres; M. Inés Torres; Pablo Martínez‐Lage,conference-paper,"Alzheimer’s disease is a neurodegenerative disorder that primarily affects older individuals, with the majority of cases occurring in people over the age of 65. As the global population continues to age, the number of individuals with Alzheimer’s disease is expected to increase. There is no known cure for Alzheimer’s disease, but research has identified several lifestyle factors that may help prevent or delay the onset of the disease. The CITA GO-ON project is an ongoing study to prevent cognitive decline in individuals at risk of fragility. The influence of a multi-modal intervention is being assessed. In this framework, participants’ interactions with a Spoken Dialogue System (SDS) are being explored. We present its technical details and the kind of dialogues it can carry out: multiuser (with up to 250 users in parallel) data acquisition dialogues about cardio-vascular risk, intellectual life and nutrition.",https://doi.org/10.1145/3594806.3596548,https://dl.acm.org/doi/pdf/10.1145/3594806.3596548,,gold,3,5,sistema=2;relevancia-campo=2,candidato-por-metadados,Descoberta bibliográfica; análise posterior.
20260907T171423Z,1.2.0,"""voice user interface"" design",OpenAlex,https://openalex.org/W4317926938,https://doi.org/10.1145/3560905.3568518,Push the Limit of Adversarial Example Attack on Speaker Recognition in Physical Domain,2022,Qianniu Chen; Meng Chen; Li Lü; Jiadi Yu; Yingying Chen; Zhibo Wang; Zhongjie Ba; Feng Lin; Kui Ren,conference-paper,"The integration of deep learning on Speaker Recognition (SR) advances its development and wide deployment, but also introduces the emerging threat of adversarial examples. However, only a few existing studies investigate its practical threat in physical domain, which either evaluate its feasibility only by directly replaying generated adversarial examples, or explore the partial channel interference for robustness improvement. In this paper, we propose a physical adversarial example attack, PhyTalker, which could generate and inject perturbations on voices in a live-streaming manner on attacking various SR models in different physical channels. Compared with the typical adversarial example for digital attacks, PhyTalker generates a subphoneme-level perturbation dictionary to decouple the perturbation optimization and injection. Moreover, we introduce the channel augmentation to compensate both device and environmental distortions, as well as model ensemble to improve the perturbation transferability. Finally, PhyTalker recognizes and localizes the latest recorded phoneme to determine the corresponding perturbations for real-time broadcasting. Extensive experiments are conducted with a large-scale corpus in real physical scenarios, and results show that PhyTalker achieves an overall Attack Success Rate (ASR) of 85.5% in attacking mainstream SR systems and Mel Cepstral Distortion (MCD) of 2.45dB in human audibility.",https://doi.org/10.1145/3560905.3568518,https://dl.acm.org/doi/pdf/10.1145/3560905.3568518,public-domain,gold,0,0,sistema=0;relevancia-campo=0,candidato-por-metadados,Descoberta bibliográfica; análise posterior.
20260907T171423Z,1.2.0,"""voice user interface"" design",OpenAlex,https://openalex.org/W4415450207,https://doi.org/10.61132/bumi.v3i4.1121,Cara Mudah Belajar UI/UX : Pelatihan Membuat UI/UX untuk Pemula bagi Siswa SMAK Untung Suropati Krian,2025,Endra Rahmawati,article,"SMAK Untung Suropati Krian is one of the institutions that wants to produce the students with computer skills, especially in the field of UI / UX. Students with basic UI / UX skills can be used as a provision for future work. The Training Activity on How to Easily Create UI / UX Designs for Beginners for SMAK Untung Suropati Krian Students has aim of providing basic UI / UX concepts to students, introducing the stages of creating UI / UX designs based on general methodologies, starting from making UI sketches to simple prototypes, increasing insight into the use of the Figma to design simple prototypes. In order to improve quality of students, 13 selected students were sent to take part in UI / UX training by learning about Crazy-8 Practice. All application design sketch ideas can be poured out at this stage within 5-8 minutes to produce 8 sketch forms. The Crazy-8 method is also considered the easiest method to start the UI / UX design process. The results of participant feedback showed that 95% of students gained new insights from this training and ease in learning the material provided, namely making Crazy-8 instantly.",https://doi.org/10.61132/bumi.v3i4.1121,https://journal.arteii.or.id/index.php/bumi/article/download/1121/1243,cc-by-sa,hybrid,0,2,sistema=0;relevancia-campo=2,candidato-por-metadados,Descoberta bibliográfica; análise posterior.
20260907T171423Z,1.2.0,"""voice user interface"" design",OpenAlex,https://openalex.org/W7131359750,https://doi.org/10.12681/cclabs.9694,Σχεδιάζοντας εμπειρίες μεικτής πραγματικότητας. Η περίπτωση τοποθεσιακών εφαρμογών για την ανάδειξη της βιομηχανικής κληρονομιάς,2026,Μαρία Μητροπούλου; Ελένη Μπαστούνη; Καλλιόπη Μπηλιώνη; Νίκος Μπουμπάρης,article,"This paper examines and proposes design strategies that emerge in the development of mobile locative applications for the interpretation and promotion of industrial cultural heritage. Mobile locative applications are understood here as platforms in which the activation and display of digital information are spatially determined and context-sensitive. The case studies presented focus on applications designed to highlight industrial buildings in Athens and Kalamata. Within this framework, particular attention is given to the ways in which the interplay between physical and digital spaces can generate meaningful and productive experiences that enrich the cultural dynamics of augmented reality technologies. In this context, the paper explores methods and design criteria through which: a) the communicative and cultural function of oral narratives, as manifested through the user interface, contribute to users’ cognitive engagement with physical space; b) the mapping of physical routes is integrated with navigation within the digital environment of the mobile application, fostering a dialogue between the two spatial domains; and c) the locative use of digital video as an inclusive modality for structuring and presenting digital information, enriches and intensifies mixed reality experiences.",https://doi.org/10.12681/cclabs.9694,https://eproceedings.epublishing.ekt.gr/index.php/cclabs/article/download/9694/8688,cc-by,diamond,0,3,sistema=0;relevancia-campo=4,candidato-por-metadados,Descoberta bibliográfica; análise posterior.
20260907T171423Z,1.2.0,"""voice user interface"" design",OpenAlex,https://openalex.org/W4304206733,https://doi.org/10.1515/9783110767377-019,Donate Speech,2022,Krister Lindén; Tommi Jauhiainen; Mietta Lennes; Mikko Kurimo; Aleksi Rossi; Tommi Kurki; Olli Pitkänen,book-chapter,"The Donate Speech campaign aimed to collect 10,000 hours of ordinary, casual Finnish speech to be used for studying language as well as for developing technology and services that can be readily used in the languages spoken in Finland. In this project, particular attention has been devoted to allowing for both academic and commercial use of the material. Even though this ambitious target currently seems likely to evade us, the Donate Speech campaign has managed to amass an extensive resource of more than 4,000 hours of Finnish colloquial speech comprising more than 220,000 speech recordings by more than 25,000 speakers from all over Finland in just a few months.",https://doi.org/10.1515/9783110767377-019,https://www.degruyter.com/document/doi/10.1515/9783110767377-019/pdf,cc-by,gold,0,1,sistema=0;relevancia-campo=1,candidato-por-metadados,Descoberta bibliográfica; análise posterior.
20260907T171423Z,1.2.0,"""voice user interface"" design",OpenAlex,https://openalex.org/W2737459263,https://doi.org/10.1155/2017/2913236,Signal Processing Platforms and Algorithms for Real-Life Communications and Listening to Digital Audio,2017,Alexander Petrovsky; Wanggen Wan; Manuel Rosa-Zurera; Alexey Karpov,article,,https://doi.org/10.1155/2017/2913236,http://downloads.hindawi.com/journals/jece/2017/2913236.pdf,cc-by,gold,0,0,sistema=0;relevancia-campo=0,candidato-por-metadados,Descoberta bibliográfica; análise posterior.
20260907T171423Z,1.2.0,"""voice user interface"" design",OpenAlex,https://openalex.org/W7160411987,https://doi.org/10.1080/10447318.2026.2658256,Affordances and Constraints of Child-Voice Agent Interaction: A Scoping Review,2026,Ezgi Çakır; Armağan Karahanoğlu; Geke Ludden; Dennis Reidsma,article,"Research has extensively explored the opportunities and challenges of children’s interaction with conversational technology that facilitates voice-based interactions. However, the literature lacks a coherent, synthesized, dedicated source on the affordances and constraints of designing child-voice agent (VA) interactions. To address this, we report the results of a scoping review of 42 articles. Our findings identified five design implications: VAs’ personalities/characters; mutual understanding between child and VA; involvement of child development theories starting from the early design process, and employing more participatory design methods and more inclusive approach to benefit from the technology for all children; and developing more open and transparent agents to protect children’s rights to support them to become informed users. Lastly, we point to research in playful voice interactions for children in diverse contexts as the next potential opportunity in the HCI-CCI field. We discuss these implications and imply future research directions related to them.",https://doi.org/10.1080/10447318.2026.2658256,https://www.tandfonline.com/doi/pdf/10.1080/10447318.2026.2658256?needAccess=true,cc-by,hybrid,0,3,sistema=0;relevancia-campo=5,candidato-por-metadados,Descoberta bibliográfica; análise posterior.
20260907T171423Z,1.2.0,"""voice user interface"" design",OpenAlex,https://openalex.org/W4400018452,https://doi.org/10.3390/electronics13132482,The Effect of Directional Tactile Memory of the Back of the User on Reaction Time and Accuracy,2024,Ali Elshafei; Daniela M. Romano; Irene S. Fahim,article,"Tactile memory is the cognitive process of storing and recalling information that has been perceived through the sense of touch. Directional tactile memory involves the encoding and retrieval of sensory data associated with a tactile experience, allowing individuals to remember and recognize directional information encoded through the sense of touch. A new method for providing directional tactile feedback, at the back of the user, has been developed to investigate the efficacy of directional tactile memory, its decay over time, and its impact during a concurrent cognitive task. Two experiments were presented. In the first experiment, tactile memory deterioration, with a visual or a tactile cue, was tested with different action-cue latencies (10 s and 20 s). In the second experiment, we considered tactile memory deterioration when there was an increased cognitive load as the participants played Tetris. Forty volunteers participated in the two experiments using purpose-built tactile seats with nine motors controlled by an Arduino. The performance data (error and reaction times) were analyzed statistically, and a NASA task load index (NASA-TLX) questionnaire was administered to measure the subjective workload after each of the two experiments. The findings highlighted that the directional tactile memory of the back can guide individuals to the correct point on the screen and that it can be maintained for at least 20 s. There was no statistically significant difference in the number of errors or reaction time with a visual or tactile action cue. However, being involved in a concurrent cognitive task (playing Tetris) adversely affected the reaction time, the number of errors, and the directional tactile memory, which degraded as the time between the directional cue and the action cue increased. Participants perceived the performance while playing Tetris as significantly more mentally and perceptually demanding, requiring more mental and physical effort and being more frustrating. These trials revealed a new potential for a human–machine interface system, leveraging directional tactile memory, which might be utilized to increase the safety of autonomous vehicles.",https://doi.org/10.3390/electronics13132482,,cc-by,gold,0,2,sistema=0;relevancia-campo=2,candidato-por-metadados,Descoberta bibliográfica; análise posterior.
20260907T171423Z,1.2.0,"""voice user interface"" design",OpenAlex,https://openalex.org/W7126398308,https://doi.org/10.36283/pjr.zu.15.1/006,User Satisfaction and Functional Trunk Support Using a Robotic Assistive Device: A Pilot Study,2026,Ahmed Zahid Rao; Bisma Mushtaq; Ghayoor Ahmed Khan Ghauri; Rabeea Adeen; Muhammad Zawyar Siddiqui; Muhammad Abul Hasan,article,"Background: Neurological, spinal, or age-related variables can cause trunk mobility impairments, which impair posture control and raise the risk of falls, both of which have an adverse effect on quality of life. Few active and passive trunk-assistive devices have been created to help these people, but their portability, range of motion, and customizability are limited. The aim of this study is to create and assess a novel, active trunk assistive technology that overcomes these constraints. Methodology: An active wheelchair add-on device design was suggested using intelligent Dynamixel actuators. Its four degrees of freedom movement design comprised movable pulleys and a configurable jacket harness. Ten healthy participants (male: age 31.2 ± 6.55 years and female: age 26.5 ± 6.61 years) completed the Quebec User Evaluation of Satisfaction with Assistive Technology (QUEST) and System Usability Scale (SUS) questionnaires to provide feedback on the device's performance. Additionally, statistical analysis was used in order to further evaluate device usefulness. Results: A high degree of user satisfaction is shown by the QUEST score of 4.2 ± 0.4 and the SUS mean score of 71.25 ± 7.84, with 7 participants exceeding the threshold of 65. P-value (0.041) < α (0.05) in one sample t-test on SUS scores indicated higher device usability than the acceptable score of 65. The outcomes confirm how well the design works in terms of convenience, comfort, and security. Conclusion: The suggested design demonstrated the potential to enhance trunk mobility and support everyday activities for those with poor trunk control because of its increased range of motion, adjustable harness, and portability. It effectively addresses the shortcomings of the current trunk support devices. Keywords: Assistive, Independence, Mobility, Neurological, Robotic, Trunk",https://doi.org/10.36283/pjr.zu.15.1/006,https://ojs.zu.edu.pk/pjr/article/download/3078/1978/29067,cc-by,diamond,0,3,sistema=0;relevancia-campo=3,candidato-por-metadados,Descoberta bibliográfica; análise posterior.
