run_id,query_version,query,source_api,source_id,doi,title,year,authors,type,abstract,landing_url,pdf_url,license,oa_status,ontology_score,provisional_score,automatic_signal,decision,decision_reason
20260907T171423Z,1.2.0,"""conversational user interface"" design",OpenAlex,https://openalex.org/W2843010082,https://doi.org/10.1093/jamia/ocy072,Conversational agents in healthcare: a systematic review,2018,Liliana Laranjo; Adam G. Dunn; Huong Ly Tong; A. Baki Kocaballı; Jessica Chen; Rabia Bashir; Didi Surian; Blanca Gallego; Farah Magrabi; Annie Lau; Enrico Coiera,review,"Objective: Our objective was to review the characteristics, current applications, and evaluation measures of conversational agents with unconstrained natural language input capabilities used for health-related purposes. Methods: We searched PubMed, Embase, CINAHL, PsycInfo, and ACM Digital using a predefined search strategy. Studies were included if they focused on consumers or healthcare professionals; involved a conversational agent using any unconstrained natural language input; and reported evaluation measures resulting from user interaction with the system. Studies were screened by independent reviewers and Cohen's kappa measured inter-coder agreement. Results: The database search retrieved 1513 citations; 17 articles (14 different conversational agents) met the inclusion criteria. Dialogue management strategies were mostly finite-state and frame-based (6 and 7 conversational agents, respectively); agent-based strategies were present in one type of system. Two studies were randomized controlled trials (RCTs), 1 was cross-sectional, and the remaining were quasi-experimental. Half of the conversational agents supported consumers with health tasks such as self-care. The only RCT evaluating the efficacy of a conversational agent found a significant effect in reducing depression symptoms (effect size d = 0.44, p = .04). Patient safety was rarely evaluated in the included studies. Conclusions: The use of conversational agents with unconstrained natural language input capabilities for health-related purposes is an emerging field of research, where the few published studies were mainly quasi-experimental, and rarely evaluated efficacy or safety. Future studies would benefit from more robust experimental designs and standardized reporting. Protocol Registration: The protocol for this systematic review is registered at PROSPERO with the number CRD42017065917.",https://doi.org/10.1093/jamia/ocy072,https://academic.oup.com/jamia/article-pdf/25/9/1248/34150600/ocy072.pdf,cc-by-nc,hybrid,3,6,sistema=2;relevancia-campo=5,candidato-por-metadados,Descoberta bibliográfica; análise posterior.
20260907T171423Z,1.2.0,"""conversational user interface"" design",OpenAlex,https://openalex.org/W4362472235,https://doi.org/10.1145/3589959,Beyond Self-diagnosis: How a Chatbot-based Symptom Checker Should Respond,2023,Yue You; Chun-Hua Tsai; Yao Li; Fenglong Ma; Christopher Heron; Xinning Gui,article,"Chatbot-based symptom checker (CSC) apps have become increasingly popular in healthcare. These apps engage users in human-like conversations and offer possible medical diagnoses. The conversational design of these apps can significantly impact user perceptions and experiences, and may influence medical decisions users make and the medical care they receive. However, the effects of the conversational design of CSCs remain understudied, and there is a need to investigate and enhance users’ interactions with CSCs. In this article, we conducted a two-stage exploratory study using a human-centered design methodology. We first conducted a qualitative interview study to identify key user needs in engaging with CSCs. We then performed an experimental study to investigate potential CSC conversational design solutions based on the results from the interview study. We identified that emotional support, explanations of medical information, and efficiency were important factors for users in their interactions with CSCs. We also demonstrated that emotional support and explanations could affect user perceptions and experiences, and they are context-dependent. Based on these findings, we offer design implications for CSC conversations to improve the user experience and health-related decision-making.",https://doi.org/10.1145/3589959,https://dl.acm.org/doi/pdf/10.1145/3589959,,bronze,3,6,sistema=2;relevancia-campo=6,candidato-por-metadados,Descoberta bibliográfica; análise posterior.
20260907T171423Z,1.2.0,"""conversational user interface"" design",OpenAlex,https://openalex.org/W2621954936,,Chatbots As A Mean To Motivate Behavior Change : How To Inspire Pro-Environmental Attitude with Chatbot Interfaces,2017,Jakob Åberg,dissertation,"With an expanding access of decision supporting technologies and a growing demand for lowered carbon dioxide emissions, sustainable development with the help of modern interfaces has become a subject for discussion. There are different opinions on how to motivate users to live more pro-environmentally and to lower their carbon dioxide emissions with modern technology. This paper analyses the use of chatbots as a mean to motivate people to live more sustainable lives. To evaluate the field, a literature study was conducted covering eco-feedback technology, recommender systems, conversational user interfaces, and motivation for pro-environmental behavior. The effect of motivational factors from behavioral psychology were tested, and their impact on peoples food consumption habits. The findings of this paper were based on three chatbot prototypes; one that is built on the motivational factor of information, a second one that is implemented on the motivational factor of goal-setting, and a third one that follows the motivational factor of comparison. Twenty-seven persons participated in the study, seven people at the early stages of the project, and twenty people that used the chatbots. The user experience of the chatbots was evaluated, resulting in guidelines on how to design for chatbot interfaces and behavior change. The result from the user interviews indicates that chatbots can affect and motivate people to consume food in a more sustainable way.",http://urn.kb.se/resolve?urn=urn:nbn:se:umu:diva-135835,,other-oa,green,3,6,sistema=4;relevancia-campo=4,candidato-por-metadados,Descoberta bibliográfica; análise posterior.
20260907T171423Z,1.2.0,"""conversational user interface"" design",OpenAlex,https://openalex.org/W4412055657,https://doi.org/10.1145/3719160.3736626,Exploring Artists’ and Art Viewers’ Perspectives for Art Chatbots: Implications for a Design Framework,2025,Jinyu Liu; Effie Lai‐Chong Law; Hubert P. H. Shum,conference-paper,"Recent advances in large language models (LLMs) and conversational user interfaces (CUIs) unlock new ways to help art viewers get answers about artworks. To clarify the roles that artists and viewers envision for art chatbots, we conducted two empirical studies in the domain of traditional Chinese painting, given its cultural depth. First, we interviewed five artists about how they currently respond to viewer inquiries and their attitudes toward chatbots. Second, we asked art viewers (N=102) to pose questions to either an artist or a chatbot. Results show that artists see chatbots as useful for factual or repetitive queries but hesitate to entrust emotive or personal discussions to them. Viewers also favor chatbots for efficiency but desire human input for deeper or personal topics. Based on these insights, we propose a design framework that balances the perspectives of both artists and viewers, contributing to the CUI community's understanding of domain-specific chatbot design.",https://doi.org/10.1145/3719160.3736626,,cc-by,gold,3,6,sistema=4;relevancia-campo=3,candidato-por-metadados,Descoberta bibliográfica; análise posterior.
20260907T171423Z,1.2.0,"""conversational user interface"" design",OpenAlex,https://openalex.org/W4404356226,https://doi.org/10.48550/arxiv.2411.02662,Interaction Design with Generative AI: An Empirical Study of Emerging Strategies Across the Four Phases of Design,2024,Marie Muehlhaus; Jürgen Steimle,preprint,"Generative Artificial Intelligence (Generative AI) holds significant promise in reshaping interactive systems design, yet its potential across the four key phases of human-centered design remains underexplored. This article addresses this gap by investigating how Generative AI contributes to requirements elicitation, conceptual design, physical design, and evaluation. Based on empirical findings from a comprehensive eight-week study, we provide detailed empirical accounts and comparisons of successful strategies for diverse design activities across all key phases, along with recurring prompting patterns and challenges faced. Our results demonstrate that Generative AI can successfully support the designer in all key phases, but the generated outcomes require manual quality assessments. Further, our analysis revealed that the successful prompting patterns used to create or evaluate outcomes of design activities require different structures depending on the phase of the design and the specific design activity. We derive implications for designers and future tools that support interaction design with Generative AI.",http://arxiv.org/abs/2411.02662,https://arxiv.org/pdf/2411.02662,cc-by,green,0,3,sistema=0;relevancia-campo=4,candidato-por-metadados,Descoberta bibliográfica; análise posterior.
20260907T171423Z,1.2.0,"""conversational user interface"" design",OpenAlex,https://openalex.org/W4311808540,https://doi.org/10.1145/3570169,Nonverbal Cues in Human–Robot Interaction: A Communication Studies Perspective,2022,Jacqueline Urakami; Katie Seaborn,article,"Communication between people is characterized by a broad range of nonverbal cues. Transferring these cues into the design of robots and other artificial agents that interact with people may foster more natural, inviting, and accessible experiences. In this article, we offer a series of definitive nonverbal codes for human–robot interaction (HRI) that address the five human sensory systems (visual, auditory, haptic, olfactory, and gustatory) drawn from the field of communication studies. We discuss how these codes can be translated into design patterns for HRI using a curated sample of the communication studies and HRI literatures. As nonverbal codes are an essential mode in human communication, we argue that integrating robotic nonverbal codes in HRI will afford robots a feeling of “aliveness” or “social agency” that would otherwise be missing. We end with suggestions for research directions to stimulate work on nonverbal communication within the field of HRI and improve communication between people and robots.",https://doi.org/10.1145/3570169,https://dl.acm.org/doi/pdf/10.1145/3570169,,bronze,0,3,sistema=0;relevancia-campo=3,candidato-por-metadados,Descoberta bibliográfica; análise posterior.
20260907T171423Z,1.2.0,"""conversational user interface"" design",OpenAlex,https://openalex.org/W3153608027,https://doi.org/10.2196/17503,A User-Centered Chatbot (Wakamola) to Collect Linked Data in Population Networks to Support Studies of Overweight and Obesity Causes: Design and Pilot Study,2021,Sabina Asensio‐Cuesta; Vicent Blanes-Selva; J. Alberto Conejero; Ana Frígola; Manuel G Portolés; Juan Francisco Merino-Torres; Matilde Rubio-Almanza; Shabbir Syed-Abdul; Yu‐Chuan Li; Ruth Vilar; Luis Fernández-Luque; Juan M. García‐Gómez,article,"Background Obesity and overweight are a serious health problem worldwide with multiple and connected causes. Simultaneously, chatbots are becoming increasingly popular as a way to interact with users in mobile health apps. Objective This study reports the user-centered design and feasibility study of a chatbot to collect linked data to support the study of individual and social overweight and obesity causes in populations. Methods We first studied the users’ needs and gathered users’ graphical preferences through an open survey on 52 wireframes designed by 150 design students; it also included questions about sociodemographics, diet and activity habits, the need for overweight and obesity apps, and desired functionality. We also interviewed an expert panel. We then designed and developed a chatbot. Finally, we conducted a pilot study to test feasibility. Results We collected 452 answers to the survey and interviewed 4 specialists. Based on this research, we developed a Telegram chatbot named Wakamola structured in six sections: personal, diet, physical activity, social network, user's status score, and project information. We defined a user's status score as a normalized sum (0-100) of scores about diet (frequency of eating 50 foods), physical activity, BMI, and social network. We performed a pilot to evaluate the chatbot implementation among 85 healthy volunteers. Of 74 participants who completed all sections, we found 8 underweight people (11%), 5 overweight people (7%), and no obesity cases. The mean BMI was 21.4 kg/m2 (normal weight). The most consumed foods were olive oil, milk and derivatives, cereals, vegetables, and fruits. People walked 10 minutes on 5.8 days per week, slept 7.02 hours per day, and were sitting 30.57 hours per week. Moreover, we were able to create a social network with 74 users, 178 relations, and 12 communities. Conclusions The Telegram chatbot Wakamola is a feasible tool to collect data from a population about sociodemographics, diet patterns, physical activity, BMI, and specific diseases. Besides, the chatbot allows the connection of users in a social network to study overweight and obesity causes from both individual and social perspectives.",https://doi.org/10.2196/17503,https://medinform.jmir.org/2021/4/e17503/PDF,cc-by,gold,3,4,sistema=4;relevancia-campo=1,candidato-por-metadados,Descoberta bibliográfica; análise posterior.
20260907T171423Z,1.2.0,"""conversational user interface"" design",OpenAlex,https://openalex.org/W2888240163,https://doi.org/10.5167/uzh-158352,The impact of interpersonal closeness cues in text-based healthcare chatbots on attachment bond and the desire to continue interacting: an experimental design,2018,"Tobias Kowatsch; Marcia Nißen; Dominik Rüegger; Mirjam Stieger; Flückiger, Christoph; Allemand, Mathias; von Wangenheim, Florian",conference-paper,"Working alliance describes an important relationship quality between health professionals and patients and is robustly linked to treatment success. However, due to limited resources of health professionals, working alliance cannot always be promoted just-in-time in a ubiquitous fashion. To address this scalability problem, we investigate the direct effect of interpersonal closeness cues of text-based healthcare chatbots (THCBs) on attachment bond from the working alliance con-struct and the indirect effect on the desire to continue interacting with THCBs. The underlying research model and hypotheses are informed by counselling psychology and research on conver-sational agents. In order to investigate the hypothesized effects, we first develop a THCB codebook with 12 design dimensions on interpersonal closeness cues that are categorized into visual cues (i.e. avatar), verbal cues (i.e. greetings, address, jargon, T-V-distinction), quasi-nonverbal cues (i.e. emoticons) and relational cues (i.e. small talk, self-disclosure, empathy, humor, meta-relational talk and continuity). In a second step, four distinct THCB designs are developed along the continuum of interpersonal closeness (i.e. institutional-like, expert-like, peer-like and myself-like THCBs) and a corresponding study design for an interactive THCB-based online experiment is presented to test our hypotheses. We conclude this work-in-progress by outlining our future work.",https://www.zora.uzh.ch/id/eprint/158352/1/Kowatsch%2520et%2520al%25202018%2520InterPersCloseness-of-THCB.pdf,https://www.zora.uzh.ch/id/eprint/158352/1/Kowatsch%2520et%2520al%25202018%2520InterPersCloseness-of-THCB.pdf,other-oa,green,3,4,sistema=4;relevancia-campo=1,candidato-por-metadados,Descoberta bibliográfica; análise posterior.
20260907T171423Z,1.2.0,"""conversational user interface"" design",OpenAlex,https://openalex.org/W4225089681,https://doi.org/10.1145/3491101.3519690,Conversation-Based Hybrid User Interface for Structured Qualitative Survey,2022,Yunxing Liu; Jean-Bernard Martens,conference-paper,"Conversational user interfaces (CUIs) have the potential to substantially influence current practice in diverse application fields, one important example being the way in which online surveys are conducted. Currently, CUIs are mainly applied to help improve the user experience with quantitative surveys. We describe the development of a Hybrid User Interface (HUI) prototype that combines a Graphical User interface (GUI) and a CUI to conduct a fully automated but structured qualitative survey according to the Repertory Grid Technique (RGT). This paper describes a pilot study that we conducted to inform the design of the HUI and to converge to a prototype that is sufficiently mature and robust to be used in a more extensive follow-up study. Our experiences with developing this HUI may help others avoid pitfalls and profit from the tools and lessons we have learned as part of our design process.",https://doi.org/10.1145/3491101.3519690,,cc-by,hybrid,0,3,sistema=0;relevancia-campo=4,candidato-por-metadados,Descoberta bibliográfica; análise posterior.
20260907T171423Z,1.2.0,"""conversational user interface"" design",OpenAlex,https://openalex.org/W4309919351,https://doi.org/10.1109/conescapan56456.2022.9959611,Chatbots Analysis for the Creation of Automated Conversations in Real Time,2022,Ana María Soriano Rodríguez; Karen Cornejo; Rodrigo Mejía; Manuel Cardona,conference-paper,"In this paper we will be described some of the technologies use in chatbots to process the natural language and the creation of a basic Chatbot prototype based on Google technologies, also the economic impact of the implementation for the Business Process Outsourcing companies in El Salvador. The prototype was created with Dialogflow which is a natural language understanding platform that makes it easy to design and integrate a conversational user interface in different formats that can parse multiple types of input, including text or audio input. It can also respond in various ways, either through text or synthetic voice, and is also part of the conversational AI offering within GCP. The main objective of BPO companies is to reduce the costs of client companies and help them grow economically, through the optimization of time and resources of their business processes. Immersed in these business processes are customer service processes. Nowadays with existing technological advances, technology is part of people’s daily lives and is used to do work more efficiently and effectively. Currently there are machines that do activities that were previously performed by humans, with this it has been possible to improve productivity and existing processes within companies.",https://doi.org/10.1109/conescapan56456.2022.9959611,,,closed,3,6,sistema=4;relevancia-campo=5,candidato-por-metadados,Descoberta bibliográfica; análise posterior.
20260907T171423Z,1.2.0,"""conversational user interface"" design",OpenAlex,https://openalex.org/W4412354448,https://doi.org/10.1007/s00146-025-02438-z,Not in our image: rethinking anthropomorphism in expert chatbot design,2025,Gulnara Z. Karimova,article,"Abstract This article interrogates how users interpret and respond to anthropomorphic versus minimalist chatbot designs in legal and regulatory advisory domains, contexts where ambiguity is costly and charm rarely billable. Anchored in ten in-depth interviews and supported by probabilistic simulations employing Bayesian inference and Monte Carlo simulation, the study reveals that interface preferences are far from stylistic whimsy. Instead, they reflect deep-seated expectations rooted in professional roles and interactional demands. Practitioners in law, HR, and compliance consistently gravitate toward pared-down, non-human designs and value transparency, cognitive economy, and semantic precision. In contrast, those operating in branding, UX, or emotionally expressive roles tend to welcome anthropomorphic agents, associating them with engagement and affective resonance. The findings advocate for adaptive chatbot architectures: systems that modulate their aesthetic and communicative cues in response to domain norms, user expectations, and interactional context.",https://doi.org/10.1007/s00146-025-02438-z,https://link.springer.com/content/pdf/10.1007/s00146-025-02438-z.pdf,cc-by,hybrid,4,7,titulo-ancora,candidato-por-metadados,Descoberta bibliográfica; análise posterior.
20260907T171423Z,1.2.0,"""conversational user interface"" design",OpenAlex,https://openalex.org/W4295955277,https://doi.org/10.1145/3543829.3544515,CANDY: a framework to design Conversational AgeNts for Domestic sustainabilitY,2022,Mathyas Giudici; Pietro Crovari; Franca Garzotto,conference-paper,"In the 2020s, world countries are called to take action to solve global issues, as defined in the Sustainable Development Goals (SDG). In our research, we are interested in exploring how Conversational Agents can be exploited to pursue the above goals, particularly in domestic spaces where CAs are becoming more and more popular. As a preliminary step in this research work, we organized a focus group with seven participants aimed at: i) investigating the potential of Conversational Agents - integrated with digital devices - to promote a more sustainable behavior at home; ii) eliciting the requirements on conversational interaction that such CAs should meet for this purpose. From the experience and findings of the focus group, we distilled a conceptual framework called CANDY, which highlights the core design dimension of Conversational Agents for Sustainability, and can be used to guide the processes of requirements elicitation and design for this category of CAs.",https://doi.org/10.1145/3543829.3544515,https://dl.acm.org/doi/pdf/10.1145/3543829.3544515,,gold,3,6,sistema=2;relevancia-campo=4,candidato-por-metadados,Descoberta bibliográfica; análise posterior.
20260907T171423Z,1.2.0,"""conversational user interface"" design",OpenAlex,https://openalex.org/W4404331644,https://doi.org/10.1145/3678884.3681905,Bridging Communication Gaps Using Augmented Reality: Designing a User Conversational Interface for Hearing Impaired Student,2024,Adriana Lorena Iñiguez-Carrillo; Daniel Aréchiga; Miguel Ángel Rangel Romero; Ana Gabriela Espíndola-Barajas,conference-paper,"An immersive interface is designed to improve communication for individuals with hearing impairments and speech disabilities.This interface integrates advanced speech-to-text and TTS technologies, facilitating real-time communication for educational settings.The speech-to-text technology transcribes the teacher's spoken words into text, displayed on an immersive augmented reality headset.Additionally, TTS technology vocalizes the student's typed responses through a virtual keyboard, enabling verbal communication with the teacher and peers.By focusing on cooperative learning and social computing, this study explores how to implement a conversational user interface, ensuring trustworthiness and reliability.Preliminary design insights and strategic implementation efforts aim to demonstrate the interface's potential as a transformative communication tool in assistive technology.The research highlights the collaborative aspects of educational environments, showing how augmented reality can enhance student social interaction.This research uses advanced technology to support, mediate, and enhance human social interactions, creating more inclusive and effective educational experiences.",https://doi.org/10.1145/3678884.3681905,https://dl.acm.org/doi/pdf/10.1145/3678884.3681905,,gold,3,6,sistema=1;relevancia-campo=5,candidato-por-metadados,Descoberta bibliográfica; análise posterior.
20260907T171423Z,1.2.0,"""conversational user interface"" design",OpenAlex,https://openalex.org/W3198053342,https://doi.org/10.4236/jsea.2021.149027,An Artificial Intelligence Based Virtual Assistant Using Conversational Agents,2021,Mehdi Mekni,article,"Conversational agents are natural language interaction interfaces designed to simulate human conversations using Artificial Intelligence (AI). This paper explores current applications of these systems and raises the lack of their availability in education. To address this problem, we provide the design of a conversational agent system, which is efficient and time-saving in assisting student/college seeking information about curriculum, scheduling, teachers, classroom location at any time 24/7/365. To verify and validate the design and implementation of our proposed model, a pilot project has been set up involving three leading academic institutions. This platform is designed and developed to help universities provide continuous and instant assistance to their student, staff, and faculty communities.",https://doi.org/10.4236/jsea.2021.149027,http://www.scirp.org/journal/PaperDownload.aspx?paperID=111666,cc-by,hybrid,3,6,sistema=2;relevancia-campo=5,candidato-por-metadados,Descoberta bibliográfica; análise posterior.
20260907T171423Z,1.2.0,"""conversational user interface"" design",OpenAlex,https://openalex.org/W4409883998,https://doi.org/10.1145/3706598.3713903,"What Do We Design for When We Design ""Smart Buildings""? - A Scoping Review of Human Experience Design Research in Buildings",2025,Shruti Rao; Katja Rogers; Judith Good; Hamed S. Alavi,conference-paper,"Built environments increasingly incorporate new forms of intelligence, creating opportunities for enhancing human interactive experiences with and within building spaces.This scoping review examines design interventions and discourses within the domain of ""Smart Buildings"".The goal is to identify and characterise the type of human experiences that research in this domain aims to address.Using a hybrid deductive-inductive coding approach, we analysed 192 papers related to human experiences and smart buildings from ACM Digital Library and Scopus published between 1996 and 2024.Our analysis revealed 11 distinct ""targeted human experiences"", 20 commonly used ""design mechanisms"" to achieve those design goals, as well as two typologies of ""technological interventions"".Our findings create a foundation for understanding building design research and the range of human experience they entail.",https://doi.org/10.1145/3706598.3713903,https://dl.acm.org/doi/pdf/10.1145/3706598.3713903,cc-by-nc-sa,gold,0,1,sistema=0;relevancia-campo=1,candidato-por-metadados,Descoberta bibliográfica; análise posterior.
20260907T171423Z,1.2.0,"""conversational user interface"" design",OpenAlex,https://openalex.org/W2955687982,https://doi.org/10.1080/24750158.2019.1611694,Enhancing the Academic Library Experience with Chatbots: An Exploration of Research and Implications for Practice,2019,Indra Mckie; Bhuva Narayan,article,"This paper explores the potential of using chatbots to improve the academic research experience for university students with a literature-based discussion reflecting on a prototype being developed at the University of Technology Sydney (UTS). The paper proposes that information professionals need to adapt emerging technologies such as chatbots to innovate, improve and support library services. Designing a positive experience for the user is essential to ensure that such technological solutions are sustainable. In this exploratory paper, we argue that it is important that librarians engage with the conversational design of the library chatbot in collaboration with the technology developers in order to make it useful, friendly, trustworthy, and customisable for university students.",https://doi.org/10.1080/24750158.2019.1611694,https://www.tandfonline.com/doi/pdf/10.1080/24750158.2019.1611694?needAccess=true&role=button,other-oa,hybrid,3,6,sistema=4;relevancia-campo=3,candidato-por-metadados,Descoberta bibliográfica; análise posterior.
20260907T171423Z,1.2.0,"""conversational user interface"" design",OpenAlex,https://openalex.org/W2970757597,https://doi.org/10.33965/ict2019_201908l002,FACTORS AFFECTING THE SUSTAINED USE OF CHATBOTS: AN ORGANIZATIONAL PERSPECTIVE,2019,Karine Aoun Barakat; Amal Dabbous,conference-paper,"Artificial intelligence innovations including conversational user interfaces have become widely adopted within the bankingsector, as they present numerous advantages such as cost reduction, increased efficiency and quicker servicing of",https://doi.org/10.33965/ict2019_201908l002,http://www.iadisportal.org/components/com_booklibrary/ebooks/201908L002.pdf,,gold,3,5,sistema=4;relevancia-campo=2,candidato-por-metadados,Descoberta bibliográfica; análise posterior.
20260907T171423Z,1.2.0,"""conversational user interface"" design",OpenAlex,https://openalex.org/W4388506942,https://doi.org/10.1016/j.destud.2023.101230,Co-designing conversational agents: A comprehensive review and recommendations for best practices,2023,Malak Sadek; Rafael A. Calvo; Céline Mougenot,article,"This paper presents a comprehensive review of fifty-two studies co-designing conversational agents (CAs). Its objectives are to synthesise prior CA co-design efforts and provide actionable recommendations for future endeavours in CA co-design. The review systematically evaluates studies' methodological and contextual aspects, revealing trends and limitations. These insights converge into practical recommendations for co-designing CAs, including (1) selecting the most suitable design technique aligned with desired CA outcomes, (2) advocating continuous stakeholder involvement throughout the design process, and (3) emphasising the elicitation and embodiment of stakeholder values to ensure CA designs align with their perspectives. This paper contributes to standardising and enhancing co-design practices, promising to improve the quality of outcomes in the case of CAs while benefiting stakeholders and users.",https://doi.org/10.1016/j.destud.2023.101230,,cc-by,hybrid,4,7,titulo-ancora,candidato-por-metadados,Descoberta bibliográfica; análise posterior.
20260907T171423Z,1.2.0,"""conversational user interface"" design",OpenAlex,https://openalex.org/W4366549322,https://doi.org/10.1145/3544548.3580788,“The World is Designed for Fluent People”: Benefits and Challenges of Videoconferencing Technologies for People Who Stutter,2023,Shaomei Wu,conference-paper,"This work studies the experiences of people who stutter (PWS) with videoconferencing (VC) and VC technologies. Our interview study with 13 adults who stutter uncovers extra challenges introduced by current VC platforms to people who stutter. While some of the challenges are a direct result of the characteristics of stuttering (e.g. people/systems mistaking pauses as end of turn), a bigger yet less visible challenge comes with the significant amount of emotional and cognitive effort required to manage one’s speech and identity over VC, in which people’s existing communication strategies - such as body language and eye contact - are under-supported and their biggest discomfort - such as seeing oneself stutter - are exacerbated by preset features like self view. Overall, our work sheds light on the structural barriers and the opportunities for PWS to engage and enjoy virtual communications via VC technologies.",https://doi.org/10.1145/3544548.3580788,https://dl.acm.org/doi/pdf/10.1145/3544548.3580788,,gold,0,1,sistema=0;relevancia-campo=1,candidato-por-metadados,Descoberta bibliográfica; análise posterior.
20260907T171423Z,1.2.0,"""conversational user interface"" design",OpenAlex,https://openalex.org/W7170200209,https://doi.org/10.5281/zenodo.15699734,RideGuide: multimodal conversational tour guide for passenger engagement and spatial learning in robotaxis,2026,Eve Emily Sophie Schade,software,"RideGuide is a customizable multimodal conversational user interface designed to enhance engagement and spatial learning in autonomous vehicles by providing context-aware interaction via voice, touch, and vision. An exploratory study (n=12) indicated positive user experience and potential for spatial learning, with findings informing guidelines for human-centred interfaces in autonomous mobility. This repository contains the Flutter application source code for the RideGuide system described and evaluated in the accompanying study.",https://doi.org/10.5281/zenodo.15699734,,,green,0,3,sistema=0;relevancia-campo=8,candidato-por-metadados,Descoberta bibliográfica; análise posterior.
20260907T171423Z,1.2.0,"""conversational user interface"" design",OpenAlex,https://openalex.org/W4404969876,https://doi.org/10.1145/3701571.3701608,Designing AI Personalities: Enhancing Human-Agent Interaction Through Thoughtful Persona Design,2024,Nima Zargham; Mateusz Dubiel; Smit Desai; Thomas Mildner; Hanz-Joachim Belz,conference-paper,"In the rapidly evolving field of artificial intelligence (AI) agents, designing the agent's characteristics is crucial for shaping user experience.This workshop aims to establish a research community focused on AI agent persona design for various contexts, such as in-car assistants, educational tools, and smart home environments.We will explore critical aspects of persona design, such as voice, embodiment, and demographics, and their impact on user satisfaction and engagement.Through discussions and hands-on activities, we aim to propose practices and standards that enhance the ecological validity of agent personas.Topics include the design of conversational interfaces, the influence of agent personas on user experience, and approaches for creating contextually appropriate AI agents.This workshop will provide a platform for building a community dedicated to developing AI agent personas that better fit diverse, everyday interactions.",https://doi.org/10.1145/3701571.3701608,https://dl.acm.org/doi/pdf/10.1145/3701571.3701608,,gold,3,6,sistema=2;relevancia-campo=7,candidato-por-metadados,Descoberta bibliográfica; análise posterior.
20260907T171423Z,1.2.0,"""conversational user interface"" design",OpenAlex,https://openalex.org/W4396832378,https://doi.org/10.1145/3613904.3642436,"An Ontology of Dark Patterns Knowledge: Foundations, Definitions, and a Pathway for Shared Knowledge-Building",2024,Colin M. Gray; Cristiana Santos; Nataliia Bielova; Thomas Mildner,conference-paper,"Deceptive and coercive design practices are increasingly used by companies to extract profit, harvest data, and limit consumer choice. Dark patterns represent the most common contemporary amalgamation of these problematic practices, connecting designers, technologists, scholars, regulators, and legal professionals in transdisciplinary dialogue. However, a lack of universally accepted definitions across the academic, legislative, practitioner, and regulatory space has likely limited the impact that scholarship on dark patterns might have in supporting sanctions and evolved design practices. In this paper, we seek to support the development of a shared language of dark patterns, harmonizing ten existing regulatory and academic taxonomies of dark patterns and proposing a three-level ontology with standardized definitions for 64 synthesized dark pattern types across low-, meso-, and high-level patterns. We illustrate how this ontology can support translational research and regulatory action, including transdisciplinary pathways to extend our initial types through new empirical work across application and technology domains.",https://hal.science/hal-04913778,https://hal.science/hal-04913778v1/document,cc-by,green,0,1,sistema=0;relevancia-campo=1,candidato-por-metadados,Descoberta bibliográfica; análise posterior.
20260907T171423Z,1.2.0,"""conversational user interface"" design",OpenAlex,https://openalex.org/W4400396851,https://doi.org/10.1145/3640794.3669998,"Designing Age-Inclusive Interfaces: Emerging Mobile, Conversational, and Generative AI to Support Interactions across the Life Span",2024,Sayan Sacar; Cosmin Munteanu; Jaisie Sin; Christina Ziying Wei; Sergio Sayago; Wei Zhao; Jenny Waycott,conference-paper,"We are concurrently witnessing two significant shifts: voice and chat-based conversational user interfaces (CUIs) are becoming ubiquitous (especially more recently due to advances in generative AI and LLMs - large language models), and older people are becoming a very large demographic group (and increasingly adopting of mobile technology on which such interfaces are present). However, despite the recent increase in research activity, age-relevant and inter/cross-generational aspects continue to be underrepresented in both research and commercial product design. Therefore, the overarching aim of this workshop is to increase the momentum for research within the space of hands-free, mobile, and conversational interfaces that centers on age-relevant and inter- and cross-generational interaction. For this, we plan to create an interdisciplinary space that brings together researchers, designers, practitioners, and users, to discuss and share challenges, principles, and strategies for designing such interfaces across the life span. We thus welcome contributions of empirical studies, theories, design, and evaluation of hands-free, mobile, and conversational interfaces designed with aging in mind (e.g. older adults or inter/cross-generational). We particularly encourage contributions focused on leveraging recent advances in generative AI or LLMs. Through this, we aim to grow the community of CUI researchers across disciplinary boundaries (human-computer interaction, voice and language technologies, geronto-technologies, information studies, etc.) that are engaged in the shared goal of ensuring that the aging dimension is appropriately incorporated in mobile / conversational interaction design research.",https://doi.org/10.1145/3640794.3669998,,,closed,3,6,sistema=2;relevancia-campo=7,candidato-por-metadados,Descoberta bibliográfica; análise posterior.
20260907T171423Z,1.2.0,"""conversational user interface"" design",OpenAlex,https://openalex.org/W4386607874,https://doi.org/10.3390/app131810143,The Impression of Phones and Prosody Choice in the Gibberish Speech of the Virtual Embodied Conversational Agent Kotaro,2023,Antonio Galiza Cerdeira Gonzalez; Wing-Sum Lo; Ikuo Mizuuchi,article,"The number of smart devices is expected to exceed 100 billion by 2050, and many will feature conversational user interfaces. Thus, methods for generating appropriate prosody for the responses of embodied conversational agents will be very important. This paper presents the results of the “Talk to Kotaro” experiment, which was conducted to better understand how people from different cultural backgrounds react when listening to prosody and phone choices for the IPA symbol-based gibberish speech of the virtual embodied conversational agent Kotaro. It also presents an analysis of the responses to a post-experiment Likert scale questionnaire and the emotions estimated from the participants’ facial expressions, which allowed one to obtain a phone embedding matrix and to conclude that there is no common cross-cultural baseline impression regarding different prosody parameters and that similarly sounding phones are not close in the embedding space. Finally, it also provides the obtained data in a fully anonymous data set.",https://doi.org/10.3390/app131810143,https://www.mdpi.com/2076-3417/13/18/10143/pdf?version=1694412690,cc-by,gold,3,5,sistema=2;relevancia-campo=2,candidato-por-metadados,Descoberta bibliográfica; análise posterior.
20260907T171423Z,1.2.0,"""conversational user interface"" design",OpenAlex,https://openalex.org/W3186045198,https://doi.org/10.1145/3469595.3469604,Voice Design to Support Young Children’s Agency in Child-Agent Interaction,2021,Layne Jackson Hubbard; Shanli Ding; Vananh le; Pilyoung Kim; Tom Yeh,conference-paper,"Agency is essential to play. As we design conversational agents for early childhood, how might we increase the child-centeredness of our approaches? Giving children agency and control in choosing their agent representations might contribute to the overall playfulness of our designs. In this study with 33 children ages 4–5 years old, we engaged children in a creative storytelling interaction with conversational agents in stuffed animal embodiments. Young children conversed with the stuffed animal agents to tell stories about their creative play, engaging in question and answer conversation from 2 minutes to 24 minutes. We then interviewed the children about their perceptions of the agent’s voice, and their ideas for agent voices, dialogues, and interactions. From babies to robot daddies, we discover three themes from children’s suggestions: Family Voices, Robot Voices, and Character Voices. Additionally, children desire agents who (1) scaffold creative play in addition to storytelling, (2) foster personal, social, and emotional connections, and (3) support children’s agency and control. Across these themes, we recommend design strategies to support the overall playful child-centeredness of conversational agent design.",https://doi.org/10.1145/3469595.3469604,https://dl.acm.org/doi/pdf/10.1145/3469595.3469604,,gold,3,6,sistema=2;relevancia-campo=4,candidato-por-metadados,Descoberta bibliográfica; análise posterior.
20260907T171423Z,1.2.0,"""conversational user interface"" design",OpenAlex,https://openalex.org/W4366597599,https://doi.org/10.1007/s10796-023-10375-9,Charting the Evolution and Future of Conversational Agents: A Research Agenda Along Five Waves and New Frontiers,2023,Sofia Schöbel; Anuschka Schmitt; Dennis Benner; Mohammed Saqr; Andreas Janson; Jan Marco Leimeister,article,"Abstract Conversational agents (CAs) have come a long way from their first appearance in the 1960s to today’s generative models. Continuous technological advancements such as statistical computing and large language models allow for an increasingly natural and effortless interaction, as well as domain-agnostic deployment opportunities. Ultimately, this evolution begs multiple questions: How have technical capabilities developed? How is the nature of work changed through humans’ interaction with conversational agents? How has research framed dominant perceptions and depictions of such agents? And what is the path forward? To address these questions, we conducted a bibliometric study including over 5000 research articles on CAs. Based on a systematic analysis of keywords, topics, and author networks, we derive “five waves of CA research” that describe the past, present, and potential future of research on CAs. Our results highlight fundamental technical evolutions and theoretical paradigms in CA research. Therefore, we discuss the moderating role of big technologies, and novel technological advancements like OpenAI GPT or BLOOM NLU that mark the next frontier of CA research. We contribute to theory by laying out central research streams in CA research, and offer practical implications by highlighting the design and deployment opportunities of CAs.",https://doi.org/10.1007/s10796-023-10375-9,https://link.springer.com/content/pdf/10.1007/s10796-023-10375-9.pdf,cc-by,hybrid,3,6,sistema=2;relevancia-campo=4,candidato-por-metadados,Descoberta bibliográfica; análise posterior.
20260907T171423Z,1.2.0,"""conversational user interface"" design",OpenAlex,https://openalex.org/W4394946657,https://doi.org/10.48550/arxiv.2404.11072,Large Language Models Meet User Interfaces: The Case of Provisioning Feedback,2024,Stanislav Pozdniakov; Jonathan Brazil; Solmaz Abdi; Aneesha Bakharia; Shazia Sadiq; Dragan Gašević; Paul Denny; Hassan Khosravi,preprint,"Incorporating Generative AI (GenAI) and Large Language Models (LLMs) in education can enhance teaching efficiency and enrich student learning. Current LLM usage involves conversational user interfaces (CUIs) for tasks like generating materials or providing feedback. However, this presents challenges including the need for educator expertise in AI and CUIs, ethical concerns with high-stakes decisions, and privacy risks. CUIs also struggle with complex tasks. To address these, we propose transitioning from CUIs to user-friendly applications leveraging LLMs via API calls. We present a framework for ethically incorporating GenAI into educational tools and demonstrate its application in our tool, Feedback Copilot, which provides personalized feedback on student assignments. Our evaluation shows the effectiveness of this approach, with implications for GenAI researchers, educators, and technologists. This work charts a course for the future of GenAI in education.",http://arxiv.org/abs/2404.11072,https://arxiv.org/pdf/2404.11072,cc-by,green,0,3,sistema=0;relevancia-campo=3,candidato-por-metadados,Descoberta bibliográfica; análise posterior.
20260907T171423Z,1.2.0,"""conversational user interface"" design",OpenAlex,https://openalex.org/W4393231265,https://doi.org/10.3389/frai.2024.1293084,Knowledge sharing in manufacturing using LLM-powered tools: user study and model benchmarking,2024,Samuel Kernan Freire; Chaofan Wang; Mina Foosherian; Stefan Wellsandt; Santiago Ruiz-Arenas; Evangelos Niforatos,article,"Recent advances in natural language processing enable more intelligent ways to support knowledge sharing in factories. In manufacturing, operating production lines has become increasingly knowledge-intensive, putting strain on a factory's capacity to train and support new operators. This paper introduces a Large Language Model (LLM)-based system designed to retrieve information from the extensive knowledge contained in factory documentation and knowledge shared by expert operators. The system aims to efficiently answer queries from operators and facilitate the sharing of new knowledge. We conducted a user study at a factory to assess its potential impact and adoption, eliciting several perceived benefits, namely, enabling quicker information retrieval and more efficient resolution of issues. However, the study also highlighted a preference for learning from a human expert when such an option is available. Furthermore, we benchmarked several commercial and open-sourced LLMs for this system. The current state-of-the-art model, GPT-4, consistently outperformed its counterparts, with open-source models trailing closely, presenting an attractive option given their data privacy and customization benefits. In summary, this work offers preliminary insights and a system design for factories considering using LLM tools for knowledge management.",https://doi.org/10.3389/frai.2024.1293084,https://www.frontiersin.org/articles/10.3389/frai.2024.1293084/pdf?isPublishedV2=False,cc-by,gold,0,2,sistema=0;relevancia-campo=2,candidato-por-metadados,Descoberta bibliográfica; análise posterior.
20260907T171423Z,1.2.0,"""conversational user interface"" design",OpenAlex,https://openalex.org/W4389523717,https://doi.org/10.18653/v1/2023.emnlp-main.290,Mirages. On Anthropomorphism in Dialogue Systems,2023,Gavin Abercrombie; Amanda Cercas Curry; Tanvi Dinkar; Verena Rieser; Zeerak Talat,conference-paper,"Automated dialogue or conversational systems are anthropomorphised by developers and personified by users. While a degree of anthropomorphism may be inevitable due to the choice of medium, conscious and unconscious design choices can guide users to personify such systems to varying degrees. Encouraging users to relate to automated systems as if they were human can lead to high risk scenarios caused by over-reliance on their outputs. As a result, natural language processing researchers have investigated the factors that induce personification and develop resources to mitigate such effects. However, these efforts are fragmented, and many aspects of anthropomorphism have yet to be explored. In this paper, we discuss the linguistic factors that contribute to the anthropomorphism of dialogue systems and the harms that can arise, including reinforcing gender stereotypes and notions of acceptable language. We recommend that future efforts towards developing dialogue systems take particular care in their design, development, release, and description; and attend to the many linguistic cues that can elicit personification by users.",https://doi.org/10.18653/v1/2023.emnlp-main.290,https://aclanthology.org/2023.emnlp-main.290.pdf,cc-by,gold,3,5,sistema=1;relevancia-campo=2,candidato-por-metadados,Descoberta bibliográfica; análise posterior.
20260907T171423Z,1.2.0,"""conversational user interface"" design",OpenAlex,https://openalex.org/W2788016921,https://doi.org/10.1145/3173574.3174178,The Ethnobot,2018,Ella Tallyn; Hector Fried; Rory Gianni; Amy Isard; Chris Speed,conference-paper,"Computational systems and objects are becoming increasingly closely integrated with our daily activities. Ubiquitous and pervasive computing first identified the emerging challenges of studying technology used on-the-move and in widely varied contexts. With IoT, previously sporadic experiences are interconnected across time and space in numerous and complex ways. This increasing complexity has multiplied the challenges facing those who study human experience to inform design. This paper describes the results of a study that used a chatbot or 'Ethnobot' to gather ethnographic data, and considers the opportunities and challenges in collecting this data in the absence of a human ethnographer. This study involved 13 participants gathering information about their experiences at the Royal Highland Show. We demonstrate the effectiveness of the Ethnobot in this setting, discuss the benefits and drawbacks of chatbots as a tool for ethnographic data collection, and conclude with recommendations for the design of chatbots for this purpose.",https://doi.org/10.1145/3173574.3174178,https://dl.acm.org/doi/pdf/10.1145/3173574.3174178,cc-by,gold,3,5,sistema=4;relevancia-campo=2,candidato-por-metadados,Descoberta bibliográfica; análise posterior.
20260907T171423Z,1.2.0,"""conversational user interface"" design",OpenAlex,https://openalex.org/W3210805708,https://doi.org/10.1145/3462204.3481720,CUI@CSCW: Inclusive and Collaborative Child-facing Voice Technologies,2021,Radhika Garg; Martin Porcheron; Leigh Clark; Benjamin R. Cowan; Asbjørn Følstad; Bo Zhang; Jeni Paay; Ewa Luger,conference-paper,"Conversational User Interfaces (CUIs), from online chatbots to smart speakers, are increasingly being used to support children and family activities. This virtual workshop seeks to bring together researchers from academia and practitioners from industry who are interested in the design, development, application, and study of CUIs with a focus on children and family based interactions. We aim to examine the challenges involved in designing and developing CUIs that are capable of supporting everyday activities of children and families. Furthermore, we will also discuss the insights CSCW research can provide into understanding how CUIs can participate in collaborative activities of children and families. By bringing together existing researchers and new ideas in this space, we intend to map new areas of work including addressing the technical, social, and ethical challenges that lay ahead. Additionally, this workshop seeks to foster a strong community and enable potential future collaborations on this important topic.",https://doi.org/10.1145/3462204.3481720,,,closed,3,6,sistema=4;relevancia-campo=5,candidato-por-metadados,Descoberta bibliográfica; análise posterior.
20260907T171423Z,1.2.0,"""conversational user interface"" design",OpenAlex,https://openalex.org/W4295955293,https://doi.org/10.1145/3543829.3544512,Beyond Subservience: Using Joint Commitment to Enable Proactive CUIs for Mood Logging,2022,Robert Bowman; Benjamin R. Cowan; Anja Thieme; Gavin Doherty,conference-paper,"Conversational user interfaces (CUIs) are a promising interaction modality to engage people with self-report activities that are widely used to study people’s experiences and support them with their mental health. However, this potential is limited by the prevailing CUI interaction paradigm being subservience to the user, which constrains self-reporting to being user initiated. A more effective approach would be for CUIs to proactively engage users with self-reporting, particularly at opportune moments. This paper proposes that joint action theory, specifically joint commitment, can be an effective framework to support designers in designing effective proactive CUI interactions. Using mood logging as a use case, we highlight three key areas where joint commitment can impact proactive CUI design. We also discuss wider challenges and future areas of research needed to identify the opportunities and challenges of using joint commitment within proactive CUI research and development.",https://doi.org/10.1145/3543829.3544512,https://dl.acm.org/doi/pdf/10.1145/3543829.3544512,cc-by,gold,0,3,sistema=0;relevancia-campo=5,candidato-por-metadados,Descoberta bibliográfica; análise posterior.
20260907T171423Z,1.2.0,"""conversational user interface"" design",OpenAlex,https://openalex.org/W4396833557,https://doi.org/10.1145/3613904.3642556,Design Opportunities for Care Transitions in Dementia: Understanding Informal Caregivers’ Experiences Through a Practice-Informed Approach,2024,Maarten Houben; Rens Brankaert; Maudy Gosen; Veerle van Overloop; Wijnand A. IJsselsteijn,conference-paper,"The transition from home to formal residential care is described as stressful and emotionally difficult for people with dementia and their informal caregivers. While HCI research investigated how technology supports people with dementia at home or in formal care, there still is a need to understand how technology can support care transitions. This paper presents a practice-informed approach to gather insights collaboratively between care professionals and HCI researchers. We interviewed 42 informal caregivers of people with dementia to uncover their experiences before, during, and after care transitions. Our findings reveal how informal caregivers were: 1) navigating hurdles of information on care transitions, 2) caught up in the evolving challenges of informal caregiving, and 3) shifting from uncertainty in decision-making to acceptance of admission. Next, we formulate six design opportunities to support transitions in dementia care and encourage HCI researchers to pursue a practice-informed approach to address societal challenges in dementia.",https://doi.org/10.1145/3613904.3642556,https://dl.acm.org/doi/pdf/10.1145/3613904.3642556,cc-by,gold,0,1,sistema=0;relevancia-campo=1,candidato-por-metadados,Descoberta bibliográfica; análise posterior.
20260907T171423Z,1.2.0,"""conversational user interface"" design",OpenAlex,https://openalex.org/W7134236557,https://doi.org/10.1145/3742414.3789234,"Beyond the Conversational Paradigm: Models, Design Principles, and Tools for Advancing the Spectrum of Human-LLM Interaction",2026,Laura Colazzo,conference-paper,"Interaction with Large Language Models (LLMs) is expanding beyond strictly Conversational User Interfaces (CUIs), with systems starting to incorporate direct-manipulation mechanisms, typical of Graphical User Interfaces (GUIs), into their designs. We argue that the current landscape of human–LLM interfaces can be described as a continuum, ranging from strictly conversational to increasingly visual and interactive interfaces built on top of a basic CUI. Based on this assumption, the doctoral research presented in this paper aims to model and analyze this CUI–GUI spectrum. Grounded in a Human-Centered Design methodology and a research-through-design approach, the work investigates factors influencing users’ preferences for different interface configurations along the spectrum, through comparative empirical studies, and leveraging representative interface prototypes across it. Insights from these studies will inform the design of adaptive LLM interfaces that dynamically adjust the balance between conversational and graphical elements in response to users’ needs and contextual factors. In parallel, the research will explore both risks and benefits associated with different regions of the spectrum, with the ultimate goal of developing a comprehensive characterization, as well as a set of design principles and tools that can effectively guide the design of the next generation of human–LLM interfaces.",https://doi.org/10.1145/3742414.3789234,,cc-by,gold,0,3,sistema=0;relevancia-campo=6,candidato-por-metadados,Descoberta bibliográfica; análise posterior.
20260907T171423Z,1.2.0,"""conversational user interface"" design",OpenAlex,https://openalex.org/W4400396885,https://doi.org/10.1145/3640794.3665879,Findings from Studies on English-Based Conversational AI Agents (including ChatGPT) Are Not Universal,2024,Casey C. Bennett,conference-paper,"A common, but largely untested, assumption in artificial intelligence (AI) and speech systems is that results from experiments using only the English language as the communication medium will hold true across any other language or cultural context. We argue here, based on emerging recent scientific evidence, that such an assumption appears to be invalid. In fact, there appear to be stark differences across languages and cultures when experiments are conducted using the same artificial speech system setup to be able to communicate in more than one language. Moreover, using those AI systems with bilingual human speakers shows that their behavior, social cues, and communication patterns change when language ""code-switching"" occurs within the same experiment session. To illustrate our point further, in the second half of the paper we give the specific example of ChatGPT (as the backbone speech content for artificial speech systems) being used for older adults with dementia and Alzheimer’s, who often have altered speech patterns (e.g. slurred pronunciation). There are emerging reports from such research of severe limitations of ChatGPT in such contexts, which highlights the dangers of assuming findings from a narrow range of linguistic and/or cultural contexts can fully capture some universal truths about human communication with artificial agents. Finally, we point out that the reluctance of scientific journals and conferences to publish negative results means many of those emerging reports are only being reported anecdotally, which is problematic for the field of conversational user interfaces (CUI).",https://doi.org/10.1145/3640794.3665879,https://dl.acm.org/doi/pdf/10.1145/3640794.3665879?download=true,,gold,0,3,sistema=0;relevancia-campo=3,candidato-por-metadados,Descoberta bibliográfica; análise posterior.
20260907T171423Z,1.2.0,"""conversational user interface"" design",OpenAlex,https://openalex.org/W4401184025,https://doi.org/10.1016/j.compind.2024.104129,Assessment of a large language model based digital intelligent assistant in assembly manufacturing,2024,Silvia Colabianchi; Francesco Costantino; Nicolò Sabetta,article,"The use of Digital Intelligent Assistants (DIAs) in manufacturing aims to enhance performance and reduce cognitive workload. By leveraging the advanced capabilities of Large Language Models (LLMs), the research aims to understand the impact of DIAs on assembly processes, emphasizing human-centric design and operational efficiency. The study is novel in considering the three primary objectives: evaluating the technical robustness of DIAs, assessing their effect on operators' cognitive workload and user experience, and determining the overall performance improvement of the assembly process. Methodologically, the research employs a laboratory experiment, incorporating a controlled setting to meticulously assess the DIA's performance. The experiment used a between-subjects design comparing a group of participants using the DIA against a control group relying on traditional manual methods across a series of assembly tasks. Findings reveal a significant enhancement in the operators' experience, a reduction in cognitive load, and an improvement in the quality of process outputs when the DIA is employed. The article contributes to the study of the DIA's potential and AI integration in manufacturing, offering insights into the design, development, and evaluation of DIAs in industrial settings.",https://doi.org/10.1016/j.compind.2024.104129,,cc-by,hybrid,0,3,sistema=0;relevancia-campo=3,candidato-por-metadados,Descoberta bibliográfica; análise posterior.
20260907T171423Z,1.2.0,"""conversational user interface"" design",OpenAlex,https://openalex.org/W4291914097,https://doi.org/10.1016/j.comppsych.2022.152346,Advances in problematic usage of the internet research – A narrative review by experts from the European network for problematic usage of the internet,2022,Naomi Fineberg; José M. Menchón; Natalie Hall; Bernardo Dell’Osso; Matthias Brand; Marc N. Potenza; Samuel R. Chamberlain; Giovanna Cirnigliaro; Christine Löchner; Joël Billieux; Zsolt Demetrovics; Hans‐Jürgen Rumpf; Astrid Müller; Jesús Castro‐Calvo; Eric Hollander; Julius Burkauskas; Edna Grünblatt; Susanne Walitza; Ornella Corazza; Daniel L. King; Dan J. Stein; Jon E. Grant; Stefano Pallanti; Henrietta Bowden‐Jones; Michael Van Ameringen; Konstantinos Ioannidis; Lior Carmi; Anna E. Goudriaan; Giovanni Martinotti; Célia M. D. Sales; Julia Jones; Biljiana Gjoneska; Orsolya Király; Beatrice Benatti; Matteo Vismara; Luca Pellegrini; Dario Conti; Ilaria Cataldo; Gianluigi M. Riva; Murat Yücel; Maèva Flayelle; Thomas E. Hall; Morgan Griffiths; Joseph Zohar,review,"Global concern about problematic usage of the internet (PUI), and its public health and societal costs, continues to grow, sharpened in focus under the privations of the COVID-19 pandemic. This narrative review reports the expert opinions of members of the largest international network of researchers on PUI in the framework of the European Cooperation in Science and Technology (COST) Action (CA 16207), on the scientific progress made and the critical knowledge gaps remaining to be filled as the term of the Action reaches its conclusion. A key advance has been achieving consensus on the clinical definition of various forms of PUI. Based on the overarching public health principles of protecting individuals and the public from harm and promoting the highest attainable standard of health, the World Health Organisation has introduced several new structured diagnoses into the ICD-11, including gambling disorder, gaming disorder, compulsive sexual behaviour disorder, and other unspecified or specified disorders due to addictive behaviours, alongside naming online activity as a diagnostic specifier. These definitions provide for the first time a sound platform for developing systematic networked research into various forms of PUI at global scale. Progress has also been made in areas such as refining and simplifying some of the available assessment instruments, clarifying the underpinning brain-based and social determinants, and building more empirically based etiological models, as a basis for therapeutic intervention, alongside public engagement initiatives. However, important gaps in our knowledge remain to be tackled. Principal among these include a better understanding of the course and evolution of the PUI-related problems, across different age groups, genders and other specific vulnerable groups, reliable methods for early identification of individuals at risk (before PUI becomes disordered), efficacious preventative and therapeutic interventions and ethical health and social policy changes that adequately safeguard human digital rights. The paper concludes with recommendations for achievable research goals, based on longitudinal analysis of a large multinational cohort co-designed with public stakeholders.",https://doi.org/10.1016/j.comppsych.2022.152346,https://www.sciencedirect.com/science/article/pii/S0010440X22000529/pdf,cc-by-nc-nd,gold,0,1,sistema=0;relevancia-campo=1,candidato-por-metadados,Descoberta bibliográfica; análise posterior.
20260907T171423Z,1.2.0,"""conversational user interface"" design",OpenAlex,https://openalex.org/W4400533860,https://doi.org/10.2196/56628,Transforming Health Care Through Chatbots for Medical History-Taking and Future Directions: Comprehensive Systematic Review,2024,Michael J. Hindelang; Sebastian Sitaru; Alexander Zink,review,"BACKGROUND: The integration of artificial intelligence and chatbot technology in health care has attracted significant attention due to its potential to improve patient care and streamline history-taking. As artificial intelligence-driven conversational agents, chatbots offer the opportunity to revolutionize history-taking, necessitating a comprehensive examination of their impact on medical practice. OBJECTIVE: This systematic review aims to assess the role, effectiveness, usability, and patient acceptance of chatbots in medical history-taking. It also examines potential challenges and future opportunities for integration into clinical practice. METHODS: A systematic search included PubMed, Embase, MEDLINE (via Ovid), CENTRAL, Scopus, and Open Science and covered studies through July 2024. The inclusion and exclusion criteria for the studies reviewed were based on the PICOS (participants, interventions, comparators, outcomes, and study design) framework. The population included individuals using health care chatbots for medical history-taking. Interventions focused on chatbots designed to facilitate medical history-taking. The outcomes of interest were the feasibility, acceptance, and usability of chatbot-based medical history-taking. Studies not reporting on these outcomes were excluded. All study designs except conference papers were eligible for inclusion. Only English-language studies were considered. There were no specific restrictions on study duration. Key search terms included ""chatbot*,"" ""conversational agent*,"" ""virtual assistant,"" ""artificial intelligence chatbot,"" ""medical history,"" and ""history-taking."" The quality of observational studies was classified using the STROBE (Strengthening the Reporting of Observational Studies in Epidemiology) criteria (eg, sample size, design, data collection, and follow-up). The RoB 2 (Risk of Bias) tool assessed areas and the levels of bias in randomized controlled trials (RCTs). RESULTS: The review included 15 observational studies and 3 RCTs and synthesized evidence from different medical fields and populations. Chatbots systematically collect information through targeted queries and data retrieval, improving patient engagement and satisfaction. The results show that chatbots have great potential for history-taking and that the efficiency and accessibility of the health care system can be improved by 24/7 automated data collection. Bias assessments revealed that of the 15 observational studies, 5 (33%) studies were of high quality, 5 (33%) studies were of moderate quality, and 5 (33%) studies were of low quality. Of the RCTs, 2 had a low risk of bias, while 1 had a high risk. CONCLUSIONS: This systematic review provides critical insights into the potential benefits and challenges of using chatbots for medical history-taking. The included studies showed that chatbots can increase patient engagement, streamline data collection, and improve health care decision-making. For effective integration into clinical practice, it is crucial to design user-friendly interfaces, ensure robust data security, and maintain empathetic patient-physician interactions. Future research should focus on refining chatbot algorithms, improving their emotional intelligence, and extending their application to different health care settings to realize their full potential in modern medicine. TRIAL REGISTRATION: PROSPERO CRD42023410312; www.crd.york.ac.uk/prospero.",https://doi.org/10.2196/56628,,cc-by,gold,3,6,sistema=6;relevancia-campo=7,candidato-por-metadados,Descoberta bibliográfica; análise posterior.
20260907T171423Z,1.2.0,"""conversational user interface"" design",OpenAlex,https://openalex.org/W3156004581,https://doi.org/10.1007/978-3-030-74009-2_21,Virtual Assistant: A Multi-paradigm Dialog Workflow System for Visitor Registration During a Pandemic Situation,2021,Martin Forsberg Lie; Petter Kvalvik,conference-paper,,https://doi.org/10.1007/978-3-030-74009-2_21,,,closed,0,1,sistema=0;relevancia-campo=1,candidato-por-metadados,Descoberta bibliográfica; análise posterior.
20260907T171423Z,1.2.0,"""conversational user interface"" design",OpenAlex,https://openalex.org/W4224301665,https://doi.org/10.1007/s11948-022-00376-3,Gender Bias and Conversational Agents: an ethical perspective on Social Robotics,2022,Fabio Fossa; Irene Sucameli,article,"The increase in the spread of conversational agents urgently requires to tackle the ethical issues linked to their design. In fact, developers frequently include in their products cues that trigger social biases in order to maximize the performance and the quality of human-machine interactions. The present paper discusses whether and to what extent it is ethically sound to intentionally trigger gender biases through the design of virtually embodied conversational agents. After outlining the complex dynamics involving social biases, social robots, and design, we evaluate the ethics of integrating gender cues in conversational agents, analysing four different approaches to the problem. Finally, we suggest which approach in our opinion might have the best chances to reduce the negative effects of biases and discriminatory visions of gender dynamics.",https://doi.org/10.1007/s11948-022-00376-3,https://link.springer.com/content/pdf/10.1007/s11948-022-00376-3.pdf,cc-by,hybrid,3,6,sistema=2;relevancia-campo=5,candidato-por-metadados,Descoberta bibliográfica; análise posterior.
20260907T171423Z,1.2.0,"""conversational user interface"" design",OpenAlex,https://openalex.org/W2889579642,https://doi.org/10.1145/3240925.3240965,The Effect of Emojis when interacting with Conversational Interface Assisted Health Coaching System,2018,Ahmed Fadhil; Gianluca Schiavo; Yunlong Wang; Bereket Abera Yilma,conference-paper,"The recent rise of conversational interfaces have made it possible to integrate this technology into various domains, among which is health. Dialogue systems and conversational agents can bring a lot into healthcare to reduce cost, increase efficiency and provide continuing care, albeit its infancy and complexity about building natural dialogues. However, the design guidelines to design dialogues for conversational agents are usually based on common knowledge, and less frequently on empirical evidence. For example, the use of emojis in conversational agent dialogues is still a debated issue, and the added value of adding such graphical elements is mainly anecdotal. In this work, we present an empirical study comparing users feedback when interacting with chatbot applications that use different dialogue styles, i.e., plain text or text with emoji, when asking different health related questions. The analysis found that when participants had to score an interaction with a chatbot that asks personal questions on their mental wellbeing, they rated the interaction with higher scores with respect to enjoyment, attitude and confidence. Differently, participants rated with lower scores a chatbot that uses emojis when asking information on their physical wellbeing compared to a dialogue with plain text. We believe this work can contribute to the research on integrating conversational agents in the health and wellbeing context and can serve as a guidance in the design and development of interfaces for text-based dialogue systems.",http://nbn-resolving.de/urn:nbn:de:bsz:352-2-vaiytks9kj887,https://kops.uni-konstanz.de/server/api/core/bitstreams/d5b4fb82-748c-4440-bd61-679ff2a68007/content,,green,3,6,sistema=7;relevancia-campo=6,candidato-por-metadados,Descoberta bibliográfica; análise posterior.
20260907T171423Z,1.2.0,"""conversational user interface"" design",OpenAlex,https://openalex.org/W4413427262,https://doi.org/10.1016/j.inffus.2025.103599,"AI Agents vs. Agentic AI: A Conceptual taxonomy, applications and challenges",2025,Ranjan Sapkota; Konstantinos I. Roumeliotis; Manoj Karkee,article,"Information fusion, in the context of the Generative AI era, must distinguish AI Agents from Agentic AI. This review critically distinguishes between AI Agents and Agentic AI, offering a structured, conceptual taxonomy, application mapping, and analysis of opportunities and challenges to clarify their divergent design philosophies and capabilities. We begin by outlining the search strategy and foundational definitions, characterizing AI Agents as modular systems driven and enabled by LLMs and LIMs for task-specific automation. Generative AI is positioned as a precursor providing the foundation, with AI agents advancing through tool integration, prompt engineering, and reasoning enhancements. We then characterize Agentic AI systems, which, in contrast to AI Agents, represent a paradigm shift marked by multi-agent collaboration, dynamic task decomposition, persistent memory, and coordinated autonomy. Through a chronological evaluation of architectural evolution, operational mechanisms, interaction styles, and autonomy levels, we present a comparative analysis across both AI agents and agentic AI paradigms. Application domains enabled by AI Agents such as customer support, scheduling, and data summarization are then contrasted with Agentic AI deployments in research automation, robotic coordination, and medical decision support. We further examine unique challenges in each paradigm including hallucination, brittleness, emergent behavior, and coordination failure, and propose targeted solutions such as ReAct loops, retrieval-augmented generation (RAG), automation coordination layers, and causal modeling. This work aims to provide a roadmap for developing robust, scalable, and explainable AI-driven systems.",https://doi.org/10.1016/j.inffus.2025.103599,,cc-by,hybrid,0,3,sistema=0;relevancia-campo=6,candidato-por-metadados,Descoberta bibliográfica; análise posterior.
20260907T171423Z,1.2.0,"""conversational user interface"" design",OpenAlex,https://openalex.org/W4385979334,https://doi.org/10.1145/3611655,Sounding Robots: Design and Evaluation of Auditory Displays for Unintentional Human-robot Interaction,2023,Bastian Orthmann; Iolanda Leite; Roberto Bresin; Ilaria Torre,article,"Non-verbal communication is important in HRI, particularly when humans and robots do not need to actively engage in a task together, but rather they co-exist in a shared space. Robots might still need to communicate states such as urgency or availability, and where they intend to go, to avoid collisions and disruptions. Sounds could be used to communicate such states and intentions in an intuitive and non-disruptive way. Here, we propose a multi-layer classification system for displaying various robot information simultaneously via sound. We first conceptualise which robot features could be displayed (robot size, speed, availability for interaction, urgency, and directionality); we then map them to a set of audio parameters. The designed sounds were then evaluated in five online studies, where people listened to the sounds and were asked to identify the associated robot features. The sounds were generally understood as intended by participants, especially when they were evaluated one feature at a time, and partially when they were evaluated two features simultaneously. The results of these evaluations suggest that sounds can be successfully used to communicate robot states and intended actions implicitly and intuitively.",https://doi.org/10.1145/3611655,https://dl.acm.org/doi/pdf/10.1145/3611655,,bronze,0,3,sistema=0;relevancia-campo=4,candidato-por-metadados,Descoberta bibliográfica; análise posterior.
20260907T171423Z,1.2.0,"""conversational user interface"" design",OpenAlex,https://openalex.org/W4412505619,https://doi.org/10.70777/si.v2i3.15161,"AI Agents vs. Agentic AI: A Conceptual Taxonomy, Applications and Challenges",2025,Ranjan Sapkota; Konstantinos I. Roumeliotis; Manoj Karkee,article,"This review critically distinguishes between AI Agents and Agentic AI, offering a structured, conceptual taxonomy, application mapping, and analysis of opportunities and challenges to clarify their divergent design philosophies and capabilities. We begin by outlining the search strategy and foundational definitions, characterizing AI Agents as modular systems driven and enabled by LLMs and LIMs for taskspecific automation. Generative AI is positioned as a precursor providing the foundation, with AI agents advancing through tool integration, prompt engineering, and reasoning enhancements. We then characterize Agentic AI systems, which, in contrast to AI Agents, represent a paradigm shift marked by multi-agent collaboration, dynamic task decomposition, persistent memory, and coordinated autonomy. Through a chronological evaluation of architectural evolution, operational mechanisms, interaction styles, and autonomy levels, we present a comparative analysis across both AI agents and agentic AI paradigms. Application domains enabled by AI Agents such as customer support, scheduling, and data summarization are then contrasted with Agentic AI deployments in research automation, robotic coordination, and medical decision support. We further examine unique challenges in each paradigm including hallucination, brittleness, emergent behavior, and coordination failure, and propose targeted solutions such as ReAct loops, retrieval-augmented generation (RAG), automation coordination layers, and causal modeling. This work aims to provide a roadmap for developing robust, scalable, and explainable AI-driven systems.",https://doi.org/10.70777/si.v2i3.15161,https://s-rsa.com/index.php/agi/article/download/15161/11079,cc-by-nd,hybrid,0,3,sistema=0;relevancia-campo=5,candidato-por-metadados,Descoberta bibliográfica; análise posterior.
20260907T171423Z,1.2.0,"""conversational user interface"" design",OpenAlex,https://openalex.org/W4400475793,https://doi.org/10.11648/j.ijiis.20241303.12,Enhancing Electronic Design Automation Tools with an ML-Based Information Retrieval System,2024,Vikash Kumar; Shideh Yavary Mehr,article,"Over the past fifty years, Electronic Design Automation (EDA) tools have played a crucial role in the semiconductor industry, assisting in the design, simulation, and manufacturing of integrated circuits (ICs). However, the sophisticated nature of these tools often demands extensive expertise, which can be a barrier for many users. Mastery of these tools necessitates specialized knowledge and skills, including comprehension of complex algorithms, design methodologies, and tool-specific workflows. To address this challenge, this paper introduces a machine learning (ML) based information retrieval system designed to enhance the usability of EDA tools. The objective of this system is to simplify user interactions and make EDA tools more accessible to designers, regardless of their expertise level. The main idea of this ML-driven system is to provide a chatbot-like interface that facilitates efficient, context-aware searches and offers interactive, step-by-step guidance on using various tool functionalities. By integrating natural language processing and machine learning techniques, the system can understand user queries, extract relevant information from the tool's documentation, and provide context-specific guidance. This approach helps to mitigate the steep learning curve associated with advanced EDA applications and enhances tool accessibility. Consequently, it promotes a more intuitive interaction with sophisticated EDA software, thus fostering enhanced usability of complex tools in the semiconductor industry. This work exemplifies the transformative potential of integrating machine learning with conversational user interfaces in making sophisticated software applications more user-friendly.",https://doi.org/10.11648/j.ijiis.20241303.12,http://article.sciencepg.com/pdf/j.ijiis.20241303.12,cc-by,diamond,3,6,sistema=2;relevancia-campo=9,candidato-por-metadados,Descoberta bibliográfica; análise posterior.
20260907T171423Z,1.2.0,"""conversational user interface"" design",OpenAlex,https://openalex.org/W4406259721,https://doi.org/10.1109/bibm62325.2024.10822695,TourSynbio: A Multi-Modal Large Model and Agent Framework to Bridge Text and Protein Sequences for Protein Engineering,2024,Yiqing Shen; Zan Chen; Michail Mamalakis; Yungeng Liu; Tianbin Li; Yanzhou Su; Junjun He; Píetro Lió; Yu Guang Wang,conference-paper,"The structural similarities between protein sequences and natural languages have led to parallel advancements in deep learning across both domains. While large language models (LLMs) have achieved much progress in the domain of natural language processing, their potential in protein engineering remains largely unexplored. Previous approaches have equipped LLMs with protein understanding capabilities by incorporating external protein encoders, but this fails to fully leverage the inherent similarities between protein sequences and natural languages, resulting in sub-optimal performance and increased model complexity. To address this gap, we present TourSynbio-7B, the first multi-modal large model specifically designed for protein engineering tasks without external protein encoders. TourSynbio-7B demonstrates that LLMs can inherently learn to understand proteins as language. The model is post-trained and instruction fine-tuned on InternLM2-7B using ProteinLM-Dataset, a dataset comprising 17.46 billion tokens of text and protein sequence for self-supervised pretraining and 893K instructions for supervised fine-tuning. TourSynbio7B outperforms GPT-4 on the ProteinLMBench, a benchmark of 944 manually verified multiple-choice questions, with 62.18% accuracy. Leveraging TourSynbio-7B’s enhanced protein sequence understanding capability, we introduce TourSynbioAgent, an innovative framework capable of performing various protein engineering tasks, including mutation analysis, inverse folding, protein folding, and visualization. TourSynbio-Agent integrates previously disconnected deep learning models in the protein engineering domain, offering a unified conversational user interface for improved usability. Finally, we demonstrate the efficacy of TourSynbio-7B and TourSynbio-Agent through two wet lab case studies on vanilla key enzyme modification and steroid compound catalysis. Our results show that this combination facilitates protein engineering tasks in wet labs, leading to higher positive rates, improved mutations, shorter delivery times, and increased automation. The model weights are available at https://huggingface.co/tsynbio/Toursynbio and codes at https://github.com/tsynbio/TourSynbio.",https://doi.org/10.1109/bibm62325.2024.10822695,,,closed,0,3,sistema=0;relevancia-campo=4,candidato-por-metadados,Descoberta bibliográfica; análise posterior.
20260907T171423Z,1.2.0,"""conversational user interface"" design",OpenAlex,https://openalex.org/W4387531641,https://doi.org/10.1080/10447318.2023.2266791,Failing with Grace: Exploring the Role of Repair Costs in Conversational Breakdowns with in-Car Voice Assistants,2023,Anna-Maria Meck; Christoph Draxler; Thurid Vogt,article,"Technological advancements over the past years have led to a leap in Conversational User Interface (CUI) performance. However, interactions with CUIs are not error-free and error handling thus plays a crucial role in CUI design. So far, CUI repair strategies oftentimes neglect what is known from Human-Human Interaction (HHI). The present work borrows from human-centered error handling and applies the principle of Least Collaborative Effort to Human-Computer Interaction (HCI). A within-subjects WoZ driving simulator study (n = 48) is conducted to examine user preferences qualitatively and quantitatively for seven error handling strategies in an automotive setting. Our findings show that human-centered repair strategies comply with the principle of Least Collaborative Effort and lead to significantly lower repair costs than a classic HCI error handling strategy. These results introduce costs as a measurement tool for examining strategy preferences when repairing erroneous dialogs and offer assistance for designing user-centric error handling strategies.",http://dx.doi.org/10.1080/10447318.2023.2266791,,,closed,3,6,sistema=2;relevancia-campo=6,candidato-por-metadados,Descoberta bibliográfica; análise posterior.
20260907T171423Z,1.2.0,"""conversational user interface"" design",OpenAlex,https://openalex.org/W3182137269,https://doi.org/10.1007/978-3-030-80091-8_99,GVUI: Graphic-Assisted Voice User Interface Based on Multi-modal Human-Machine Conversation,2021,Bo Zhou; Long Li,conference-paper,,https://doi.org/10.1007/978-3-030-80091-8_99,,,closed,3,5,sistema=1;relevancia-campo=2,candidato-por-metadados,Descoberta bibliográfica; análise posterior.
20260907T171423Z,1.2.0,"""conversational user interface"" design",OpenAlex,https://openalex.org/W7141374462,https://doi.org/10.48550/arxiv.2603.24853,Resisting Humanization: Ethical Front-End Design Choices in AI for Sensitive Contexts,2026,Silvia Rossi; Diletta Huyskes; Mackenzie Jorgensen,preprint,"Ethical debates in AI have primarily focused on back-end issues such as data governance, model training, and algorithmic decision-making. Less attention has been paid to the ethical significance of front-end design choices, such as the interaction and representation-based elements through which users interact with AI systems. This gap is particularly significant for Conversational User Interfaces (CUI) based on Natural Language Processing (NLP) systems, where humanizing design elements such as dialogue-based interaction, emotive language, personality modes, and anthropomorphic metaphors are increasingly prevalent. This work argues that humanization in AI front-end design is a value-driven choice that profoundly shapes users' mental models, trust calibration, and behavioral responses. Drawing on research in human-computer interaction (HCI), conversational AI, and value-sensitive design, we examine how interfaces can play a central role in misaligning user expectations, fostering misplaced trust, and subtly undermining user autonomy, especially in vulnerable contexts. To ground this analysis, we discuss two AI systems developed by Chayn, a nonprofit organization supporting survivors of gender-based violence. Chayn is extremely cautious when building AI that interacts with or impacts survivors by operationalizing their trauma-informed design principles. This Chayn case study illustrates how ethical considerations can motivate principled restraint in interface design, challenging engagement-based norms in contemporary AI products. We argue that ethical front-end AI design is a form of procedural ethics, enacted through interaction choices rather than embedded solely in system logic.",https://doi.org/10.48550/arxiv.2603.24853,,cc-by,green,0,3,sistema=0;relevancia-campo=8,candidato-por-metadados,Descoberta bibliográfica; análise posterior.
20260907T171423Z,1.2.0,"""conversational user interface"" design",OpenAlex,https://openalex.org/W2782683888,,DESIGNING COLLABORATIONS AT THE INTERSECTION OF ACADEMIA AND INDUSTRY,2017,Martin Skelly; Fraser Bruce; Richard Banks; Helene Steiner,conference-paper,"Since the Bauhaus, industry and product design education have been intrinsically linked. A century later, industry collaborations still form a major component in product design education. In 2016, the opportunity arose for around 50 undergraduate students studying both Product and Digital Interaction Design (BSc) at the University of Dundee to take part in the 2016 Microsoft Research Design Expo. This global student competition challenged the students to explore ‘Symbiosis and the Conversational User Interface (CUI)’. Over the course of an 11-week semester, the students were divided into nine inter-disciplinary teams with one team later selected to disseminate their project at the annual Microsoft Faculty Summit conference in Seattle, USA. Through semi-structured interviews and focus groups with a sample of students, tutors and industry advisors, data was gathered to determine the influence of this collaboration on the total learning experience of all participants. In this paper, we briefly describe the background and context of the project before presenting a sample of student work. The paper then goes on to consider; the tension between competition and collaboration both within a team setting and the wider studio dynamic; how students interpret and incorporate input from both academic tutors and industry advisors; and the role prototypes play in the communication of ideas and concepts during the early stages of the design process. Reflecting on the major relationships and behaviours that all participants need to display, the paper concludes with a series of recommendations that we believe are essential for the design and delivery of future collaborative projects between industry and academia.",https://discovery.dundee.ac.uk/en/publications/c9499b61-e6c9-4a1e-af81-2f4d0e7d1e3f,,,closed,0,3,sistema=0;relevancia-campo=7,candidato-por-metadados,Descoberta bibliográfica; análise posterior.
20260907T171423Z,1.2.0,"""conversational user interface"" design",OpenAlex,https://openalex.org/W4205606713,https://doi.org/10.1007/978-3-030-94751-4_14,Navigation by Revealing Trade-offs for Content-Based Recommendations,2022,Linus W. Dietz; Sameera Thimbiri Palage; Wolfgang Wörndl,conference-paper,"Abstract Conversational recommender systems have been introduced to provide users the opportunity to give feedback on items in a turn-based dialog until a final recommendation is accepted. Tourism is a complex domain for recommender systems because of high cost of recommending a wrong item and often relatively few ratings to learn user preferences. In a scenario such as recommending a city to visit, conversational content-based recommendation may be advantageous, since users often struggle to specify their preferences without concrete examples. However, critiquing item features comes with challenges. Users might request item characteristics during recommendation that do not exist in reality, for example demanding very high item quality for a very low price. To tackle this problem, we present a novel conversational user interface which focuses on revealing the trade-offs of choosing one item over another. The recommendations are driven by a utility function that assesses the user’s preference toward item features while learning the importance of the features to the user. This enables the system to guide the recommendation through the search space faster and accurately over prolonged interaction. We evaluated the system in an online study with 600 participants and find that our proposed paradigm leads to improved perceived accuracy and fewer conversational cycles compared to unit critiquing.",https://doi.org/10.1007/978-3-030-94751-4_14,https://link.springer.com/content/pdf/10.1007/978-3-030-94751-4_14.pdf,cc-by,gold,0,3,sistema=0;relevancia-campo=4,candidato-por-metadados,Descoberta bibliográfica; análise posterior.
20260907T171423Z,1.2.0,"""conversational user interface"" design",OpenAlex,https://openalex.org/W2739819123,https://doi.org/10.14236/ewic/hci2017.24,Towards a chatbot for digital counselling,2017,Gillian Cameron; David Cameron; Gavin Megaw; Raymond Bond; Maurice Mulvenna; Siobhan O’Neill; Chérie Armour; Michael McTear,conference-paper,"The aim of this paper is to outline the design of a chatbot to be used within mental health counselling. One of the main causes of the burden of disease worldwide is mental health problems. Mental health contributes to 28% of the total burden of disease, compared to 16% each for cancer and heart disease in the UK. Stress, anxiety or depression accounted for 15.8 million days of sickness absence across the UK in 2016. By 2020, the gap between the demand for mental health care and the resources the National Health Service (NHS) can provide is likely to widen, therefore providers are increasingly needing to find more cost-effective ways to deliver mental health care. Digital Interventions have been created to help with these issues, for example anxiety, stress and depression. Chatbots can be incorporated into digital interventions, or used as standalone interventions. Chatbots can be a more interactive experience for the user to receive information, or complete diagnostic tools, or to even be used for counselling. A demo chatbot was created using interactive emoji’s and GIFs to improve the user experience when searching for online self-help tips. This chatbot will be further developed and incorporated into a full web based programme for mental health in the workplace. It is envisaged that the chatbot will be able to provide initial counselling, and lead users into the correct services or self-help information.",https://doi.org/10.14236/ewic/hci2017.24,https://www.scienceopen.com/document_file/cf655a90-1b6b-4a66-ab9a-9f391a983bb5/ScienceOpen/001_Cameron.pdf,cc-by,hybrid,3,6,sistema=4;relevancia-campo=3,candidato-por-metadados,Descoberta bibliográfica; análise posterior.
20260907T171423Z,1.2.0,"""conversational user interface"" design",OpenAlex,https://openalex.org/W4224434628,https://doi.org/10.48550/arxiv.2204.10344,"In Private, Secure, Conversational FinBots We Trust",2022,Magdalene Ng; Kovila Coopamootoo; Tasos Spiliotopoulos; Dave Horsfall; Mhairi Aitken; Ehsan Toreini; Karen Elliott; Aad van Moorsel,preprint,"In the past decade, the financial industry has experienced a technology revolution. While we witness a rapid introduction of conversational bots for financial services, there is a lack of understanding of conversational user interfaces (CUI) features in this domain. The finance industry also deals with highly sensitive information and monetary transactions, presenting a challenge for developers and financial providers. Through a study on how to design text-based conversational financial interfaces with N=410 participants, we outline user requirements of trustworthy CUI design for financial bots. We posit that, in the context of Finance, bot privacy and security assurances outweigh conversational capability and postulate implications of these findings. This work acts as a resource on how to design trustworthy FinBots and demonstrates how automated financial advisors can be transformed into trusted everyday devices, capable of supporting users' daily financial activities.",http://arxiv.org/abs/2204.10344,https://arxiv.org/pdf/2204.10344,,green,0,3,sistema=0;relevancia-campo=5,candidato-por-metadados,Descoberta bibliográfica; análise posterior.
20260907T171423Z,1.2.0,"""conversational user interface"" design",OpenAlex,https://openalex.org/W4225102280,https://doi.org/10.1145/3491102.3501972,How do you Converse with an Analytical Chatbot? Revisiting Gricean Maxims for Designing Analytical Conversational Behavior,2022,Vidya Setlur; Melanie Tory,conference-paper,"Chatbots have garnered interest as conversational interfaces for a variety of tasks. While general design guidelines exist for chatbot interfaces, little work explores analytical chatbots that support conversing with data. We explore Gricean Maxims to help inform the basic design of effective conversational interaction. We also draw inspiration from natural language interfaces for data exploration to support ambiguity and intent handling. We ran Wizard of Oz studies with 30 participants to evaluate user expectations for text and voice chatbot design variants. Results identified preferences for intent interpretation and revealed variations in user expectations based on the interface affordances. We subsequently conducted an exploratory analysis of three analytical chatbot systems (text + chart, voice + chart, voice-only) that implement these preferred design variants. Empirical evidence from a second 30-participant study informs implications specific to data-driven conversation such as interpreting intent, data orientation, and establishing trust through appropriate system responses.",https://doi.org/10.1145/3491102.3501972,https://dl.acm.org/doi/pdf/10.1145/3491102.3501972,cc-by,hybrid,3,6,sistema=6;relevancia-campo=5,candidato-por-metadados,Descoberta bibliográfica; análise posterior.
20260907T171423Z,1.2.0,"""conversational user interface"" design",OpenAlex,https://openalex.org/W4377016488,https://doi.org/10.1145/3588967.3588970,Are Female Chatbots More Empathic? - Discussing Gendered Conversational Agent through Empathic Design,2023,Ji-Youn Jung; Alessandro Bozzon,conference-paper,"Studies have shown that feminine chatbots are perceived as warmer (e.g., likable, friendly) and imbue more humanness to a machine than masculine or gender-androgynous chatbots. As chatbots are being widely deployed in various empathic contexts (e.g., revealing sensitive personal information or facilitating charity donations), how to design the gender of chatbots remains a critical question in the empathic design community. Should designers assign feminine identities to chatbots to improve empathic reactions? In this position paper, we explore the tension between designing empathic agents and the gender assignment of chatbots and how they can relate to the design of the metaphor of the chatbots. After analyzing the problem, we discuss the possible design strategy and their trade-offs. We conclude with possible future work directions that could inform CA gender design that elicits user empathy.",https://doi.org/10.1145/3588967.3588970,https://dl.acm.org/doi/pdf/10.1145/3588967.3588970,cc-by,gold,3,6,sistema=5;relevancia-campo=3,candidato-por-metadados,Descoberta bibliográfica; análise posterior.
20260907T171423Z,1.2.0,"""conversational user interface"" design",OpenAlex,https://openalex.org/W4386303309,https://doi.org/10.3390/su151713038,Design of a Green Supply Chain Based on the Kano Model Considering Pricing,2023,Amir Hossein Sheikh Azadi; Vahid Shamsi Nesary; Omid Kebriyaii; Mohammad Khalilzadeh; Jurgita Antuchevičienė,article,"Nowadays, the design of supply chain networks should be based on environmental issues as well as the needs of customers since the main driver of a supply chain network is customers. Continuous innovation of products requires understanding the features that are most important to customers, and product pricing should be carried out in a way that includes the satisfaction of both customers and manufacturers. This study uses the Kano model to classify product features into different categories. The design of the green supply chain network based on the Kano model has not been investigated in the literature so far. This study examines a green supply chain network including multiple manufacturers, product types, distributors, and carriers that is designed based on Kano’s conceptual model of multiple needs. In the proposed mathematical model of this paper, customer demand is a function of the selling price of the product, transportation pollution is minimized, and a solution based on the Cooperative Game Theory approach is used to solve the mathematical model using the GAMS software. One of the advantages of the proposed mathematical model in this research compared to other supply chain models is that the design needs of the supply chain network based on the Kano model (“must-be”, “one-dimensional”, “attractive” and “indifferent”) can be determined based on customer satisfaction. In addition, the price of the product can be determined according to the satisfaction of both customers and the manufacturers.",https://doi.org/10.3390/su151713038,https://www.mdpi.com/2071-1050/15/17/13038/pdf?version=1693381819,cc-by,gold,0,2,sistema=0;relevancia-campo=2,candidato-por-metadados,Descoberta bibliográfica; análise posterior.
20260907T171423Z,1.2.0,"""conversational user interface"" design",OpenAlex,https://openalex.org/W4307960551,https://doi.org/10.1007/s10209-022-00936-1,"User acceptance of smart home voice assistant: a comparison among younger, middle-aged, and older adults",2022,Runting Zhong; Mengyao Ma; Yutong Zhou; Qingxia Lin; Leiling Li; Nengjing Zhang,article,,https://doi.org/10.1007/s10209-022-00936-1,https://link.springer.com/content/pdf/10.1007/s10209-022-00936-1.pdf,,bronze,2,2,sistema=1;relevancia-campo=0,candidato-por-metadados,Descoberta bibliográfica; análise posterior.
20260907T171423Z,1.2.0,"""conversational user interface"" design",OpenAlex,https://openalex.org/W3204015842,https://doi.org/10.3390/educsci11100587,"Taylor, the Disability Disclosure Virtual Assistant: A Case Study of Participatory Research with Disabled Students",2021,Kate Lister; Tim Coughlan; Ian Kenny; Ruth Tudor; Francisco Iniesto,article,"Administrative burden in education is a serious issue for disabled students. Form-filling and bureaucracy are ubiquitous in further and higher education, particularly for students who need to disclose a disability and arrange for accommodations and support for an equitable educational experience. Paradoxically, many of these processes are inherently inaccessible for disabled students, and yet completing them can be critical to their success. Artificial Intelligence has potential to alleviate some of the burden imposed by administration and bureaucracy; virtual assistants and chatbots can replace forms with dialogue, without placing additional strain on institutions. However, it is essential that solutions are designed in partnership with disabled students to ensure that students’ needs are met, their concerns addressed, and the final solution is equitable for them. This paper explores a case study of participatory research with disabled students in a large UK distance learning institution, in which participatory research identified an issue of administrative burden for disabled students, and a virtual assistant was designed as a solution using participatory design. It shares the methodology and design process, explores findings from different phases of the research, and shares recurrent themes arising throughout the study. In doing so, it aims to provide a foundation for future participatory research to reduce barriers for disabled students.",https://doi.org/10.3390/educsci11100587,https://www.mdpi.com/2227-7102/11/10/587/pdf?version=1634799932,cc-by,gold,3,4,sistema=4;relevancia-campo=1,candidato-por-metadados,Descoberta bibliográfica; análise posterior.
20260907T171423Z,1.2.0,"""conversational user interface"" design",OpenAlex,https://openalex.org/W4412046607,https://doi.org/10.1145/3719160.3728626,Designing Age-Inclusive Interfaces: Emerging Conversational and Generative AI to Support Interactions across the Life Span,2025,Cosmin Munteanu; Sayan Sarcar; Jaisie Sin; Christina Ziying Wei; Sergio Sayago; Wei Zhao; Jenny Waycott; Rezvan Boostani; Moojan Ghafurian; Cristina Getson,conference-paper,"We are concurrently witnessing two significant shifts: voice and chat-based conversational user interfaces (CUIs) are becoming ubiquitous (especially more recently due to advances in generative AI and LLMs - large language models), and older people are becoming a very large demographic group (and increasingly adopting of mobile technology on which such interfaces are present). However, despite the recent increase in research activity, age-relevant and inter/cross-generational aspects continue to be underrepresented in both research and commercial product design. Therefore, the overarching aim of this workshop is to increase the momentum for research within the space of hands-free, mobile, and conversational interfaces that centers on age-relevant and inter- and cross-generational interaction. For this, we plan to create an interdisciplinary space that brings together researchers, designers, practitioners, and users, to discuss and share challenges, principles, and strategies for designing such interfaces across the life span. We thus welcome contributions of empirical studies, theories, design, and evaluation of hands-free, mobile, and conversational interfaces designed with aging in mind (e.g. older adults or inter/cross-generational). We particularly encourage contributions focused on leveraging recent advances in generative AI or LLMs. Through this, we aim to grow the community of CUI researchers across disciplinary boundaries (human-computer interaction, voice and language technologies, geronto-technologies, information studies, etc.) that are engaged in the shared goal of ensuring that the aging dimension is appropriately incorporated in mobile / conversational interaction design research.",https://doi.org/10.1145/3719160.3728626,,,closed,3,6,sistema=2;relevancia-campo=7,candidato-por-metadados,Descoberta bibliográfica; análise posterior.
20260907T171423Z,1.2.0,"""conversational user interface"" design",OpenAlex,https://openalex.org/W4388717727,https://doi.org/10.26041/fhnw-16700,Conceptual Model Interpreter for Large Language Models,2023,Felix Härer,preprint,"Large Language Models (LLMs) recently demonstrated capabilities for generating source code in common programming languages. Additionally, commercial products such as ChatGPT 4 started to provide code interpreters, allowing for the automatic execution of generated code fragments, instant feedback, and the possibility to develop and refine in a conversational fashion. With an exploratory research approach, this paper applies code generation and interpretation to conceptual models. The concept and prototype of a conceptual model interpreter is explored, capable of rendering visual models generated in textual syntax by state-of-the-art LLMs such as Llama~2 and ChatGPT 4. In particular, these LLMs can generate textual syntax for the PlantUML and Graphviz modeling software that is automatically rendered within a conversational user interface. The first result is an architecture describing the components necessary to interact with interpreters and LLMs through APIs or locally, providing support for many commercial and open source LLMs and interpreters. Secondly, experimental results for models generated with ChatGPT 4 and Llama 2 are discussed in two cases covering UML and, on an instance level, graphs created from custom data. The results indicate the possibility of modeling iteratively in a conversational fashion.",http://arxiv.org/abs/2311.07605,https://arxiv.org/pdf/2311.07605,cc-by,green,0,3,sistema=0;relevancia-campo=3,candidato-por-metadados,Descoberta bibliográfica; análise posterior.
20260907T171423Z,1.2.0,"""conversational user interface"" design",OpenAlex,https://openalex.org/W4295135717,https://doi.org/10.1007/978-3-031-15471-3_35,A Proposal for Developing and Deploying Statistical Dialog Management in Commercial Conversational Platforms,2022,Pablo Cañas; David Griol; Zoraida Callejas,conference-paper,,https://hdl.handle.net/10481/80260,https://digibug.ugr.es/bitstream/10481/80260/1/22___HAIS22___Preprint.pdf,other-oa,green,0,1,sistema=0;relevancia-campo=1,candidato-por-metadados,Descoberta bibliográfica; análise posterior.
20260907T171423Z,1.2.0,"""conversational user interface"" design",OpenAlex,https://openalex.org/W4389282293,https://doi.org/10.1145/3623809.3623827,Using Experience-Based Participatory Approach to Design Interactive Voice User Interfaces for Delivering Physical Activity Programs with Older Adults,2023,Smit Desai; Xinhui Hu; Morgan Lundy; Jessie Chin,conference-paper,"Voice User Interfaces (VUIs) are popular among older adults, who find them easy to use and perceive them as social companions. However, there is a lack of research on voice-based applications to support physical activities for older adults. To address this gap, we present ""Workout Pal,"" a voice agent designed to deliver physical activities to older adults. We conducted a mixed-methods study involving ten older adults to understand their perceptions and design priorities when interacting with Workout Pal. Questionnaires and semi-structured interviews were used to assess their experience, while experience-based co-design sessions facilitated collaboration in exploring the design space and identifying design requirements. Our findings highlight the feasibility and design preferences for smart speaker-based physical activity programs. The study contributes by sharing the design and development of Workout Pal, illustrating a novel co-design approach with older adults, and providing design implications tailored to the specific needs of older adults. The design guidelines emphasize the importance of sociability, voice design, and individualization. This research supports the development of elder-friendly VUIs helping older adults live independently and engage in physical activities.",https://doi.org/10.1145/3623809.3623827,https://dl.acm.org/doi/pdf/10.1145/3623809.3623827,,gold,3,5,sistema=1;relevancia-campo=2,candidato-por-metadados,Descoberta bibliográfica; análise posterior.
20260907T171423Z,1.2.0,"""conversational user interface"" design",OpenAlex,https://openalex.org/W4390783893,https://doi.org/10.48550/arxiv.2401.04108,Working with Trouble and Failures in Conversation between Humans and Robots (WTF 2023) & Is CUI Design Ready Yet?,2023,Frank Förster; Marta Romeo; Patrick Holthaus; Maria Jose Galvez Trigo; Joel E. Fischer; Birthe Nesset; Christian Dondrup; Christine Murad; Cosmin Munteanu; Benjamin R. Cowan; Leigh Clark; Martin Porcheron; Heloísa Candello; Raina Langevin,preprint,"Workshop proceedings of two co-located workshops ""Working with Troubles and Failures in Conversation with Humans and Robots"" (WTF 2023) and ""Is CUI Design Ready Yet?"", both of which were part of the ACM conference on conversational user interfaces 2023. WTF 23 aimed at bringing together researchers from human-robot interaction, dialogue systems, human-computer interaction, and conversation analysis. Despite all progress, robotic speech interfaces continue to be brittle in a number of ways and the experience of failure of such interfaces is commonplace amongst roboticists. However, the technical literature is positively skewed toward their good performance. The workshop aims to provide a platform for discussing communicative troubles and failures in human-robot interactions and related failures in non-robotic speech interfaces. Aims include a scrupulous investigation into communicative failures, to begin working on a taxonomy of such failures, and enable a preliminary discussion on possible mitigating strategies. Workshop website: https://sites.google.com/view/wtf2023/overview Is CUI Design Ready Yet? As CUIs become more prevalent in both academic research and the commercial market, it becomes more essential to design usable and adoptable CUIs. While research has been growing on the methods for designing CUIs for commercial use, there has been little discussion on the overall community practice of developing design resources to aid in practical CUI design. The aim of this workshop, therefore, is to bring the CUI community together to discuss the current practices for developing tools and resources for practical CUI design, the adoption (or non-adoption) of these tools and resources, and how these resources are utilized in the training and education of new CUI designers entering the field. Workshop website: https://speech-interaction.org/cui2023_design_workshop/index.html",http://arxiv.org/abs/2401.04108,https://arxiv.org/pdf/2401.04108,cc-by,green,3,6,sistema=1;relevancia-campo=5,candidato-por-metadados,Descoberta bibliográfica; análise posterior.
20260907T171423Z,1.2.0,"""conversational user interface"" design",OpenAlex,https://openalex.org/W2809427003,,Personality Matters! Improving The User Experience of Chatbot Interfaces - Personality provides a stable pattern to guide the design and behaviour of conversational agents,2018,Tuva Lunde Smestad,dissertation,"Recent advances in machine learning has contributed to the rebirth of the chatbot. Lately we have seen a rise in chatbot technology being made available on the web and on our mobile devices, and recent reports states that 57 % of companies have implemented or are planning to implement a chatbot in the near future. Chatbots are therefore a big part of an AI powered future, however recent reviews find chatbots to be perceived as unintelligent and non-conversational. Such findings have not slowed down the rapid implementation of chatbots online, and the same mistakes seems to be repeated over and over again. Chatbot services have been found to save companies an estimate of $ 8 billion by 2022, and extends to customer service tasks, product purchasing, shopping assistants, recommender systems, service or product support. This explains why so many are eager to implement their own chatbots, but the reviews make one wonder whether we now are forcing users to adopt technology which they find frustrating and useless. Chatbots are becoming an extension of the services companies provide, therefore ensuring a great user experience is important not only for a company's brand image, but also for the users of their services. Existing literature regarding how humans perceive conversational agents have found that personality can offer a stable pattern to how the chatbot is perceived, and add consistency to the user experience. This master thesis project investigated how we could improve the user experience of chatbots through personality. The thesis is twofold, the first part of the thesis consists of a detailed description of the personality framework developed and implemented to build a chatbot prototype. The framework combines techniques from user-centred design, branding, and personality theory, to build user-centred chatbots through a design process with a basis in personality. The thesis also offers a method to test and evaluate the modelled personality in regards to whether it is perceived as intended by the designer. The second part of the thesis consists of an experiment to investigate whether personality has an improved effect on the user experience of chatbot interfaces. The experiment found that the chatbot personality built using the personality framework had a significant improved effect on the user experience.",http://hdl.handle.net/11250/2502575,http://hdl.handle.net/11250/2502575,,green,3,6,sistema=6;relevancia-campo=6,candidato-por-metadados,Descoberta bibliográfica; análise posterior.
20260907T171423Z,1.2.0,"""conversational user interface"" design",OpenAlex,https://openalex.org/W4388562681,https://doi.org/10.1016/j.ijhcs.2023.103181,Exploring how politeness impacts the user experience of chatbots for mental health support,2023,Robert Bowman; Orla Cooney; Joseph W. Newbold; Anja Thieme; Leigh Clark; Gavin Doherty; Benjamin R. Cowan,article,,https://hdl.handle.net/2262/109149,https://www.tara.tcd.ie/bitstreams/ee576e93-05c6-4312-8af6-b1322cfee69e/download,,green,3,4,sistema=4;relevancia-campo=1,candidato-por-metadados,Descoberta bibliográfica; análise posterior.
20260907T171423Z,1.2.0,"""conversational user interface"" design",OpenAlex,https://openalex.org/W4285793232,https://doi.org/10.1515/icom-2021-0030,Collaborative Speculations on Future Themes for Participatory Design in Germany,2022,Henrik Mucha; Ana Correia de Barros; Jesse Josua Benjamin; Christoph Benzmüller; Andreas Bischof; Sandra Buchmüller; Alexandra de Carvalho; Anna-Katharina Dhungel; Claude Draude; Marc-Julian Fleck; Juliane Jarke; Stefanie Klein; Caroline Kortekaas; Albrecht Kurze; Diane Linke; F.M. Maas; Nicola Marsden; Ricardo Melo; Susanne Michel; Claudia Müller-Birn; Monika Pröbster; Katja Antonia Rießenberger; Mirko Tobias Schäfer; Peter Sörries; Julia Stilke; Torben Volkmann; Anne Weibert; Wilhelm Weinhold; Sara Wolf; Isabel Zorn; Michael B. Heidt; Arne Berger,article,"Abstract Participatory Design means recognizing that those who will be affected by a future technology should have an active say in its creation. Yet, despite continuous interest in involving people as future users and consumers into designing novel and innovative future technology, participatory approaches in technology design remain relatively underdeveloped in the German HCI community. This article brings together the diversity of voices, domains, perspectives, approaches, and methods that collectively shape Participatory Design in Germany. In the following, we (1) outline our understanding of participatory practice and how it is different from mere user involvement; (2) reflect current issues of participatory and fair technology design within the German Participatory Design community; and (3) discuss tensions relevant to the field, that we expect to arise in the future, and which we derived from our 2021 workshop through a speculative method. We contribute an introduction and an overview of current themes and a speculative outlook on future issues of Participatory Design in Germany. It is meant to inform, provoke, inspire and, ultimately, invite participation within the wider Computer Science community.",https://doi.org/10.1515/icom-2021-0030,https://www.degruyter.com/document/doi/10.1515/icom-2021-0030/pdf,,bronze,0,1,sistema=0;relevancia-campo=1,candidato-por-metadados,Descoberta bibliográfica; análise posterior.
20260907T171423Z,1.2.0,"""conversational user interface"" design",OpenAlex,https://openalex.org/W4412055691,https://doi.org/10.1145/3719160.3737636,Feedstack: Layering Structured Representations Over Unstructured Feedback to Scaffold Human–AI Conversation,2025,Hannah Vy Nguyen; Yu-Chun Grace Yen; Omar Shakir; Hang Diem Thi Huynh; Sebastian Gutierrez; J. A. Smith; Sheila Jimenez; Salma E Abdelgelil; Stephen MacNeil,conference-paper,"Many conversational user interfaces facilitate linear conversations with turn-based dialogue, similar to face-to-face conversations between people. However, digital conversations can afford more than simple back-and-forth; they can be layered with interaction techniques and structured representations that scaffold exploration, reflection, and shared understanding between users and AI systems. We introduce Feedstack, a speculative interface that augments feedback conversations with layered affordances for organizing, navigating, and externalizing feedback. These layered structures serve as a shared representation of the conversation that can surface user intent and reveal underlying design principles. This work represents an early exploration of this vision using a research-through-design approach. We describe system features and design rationale, and present insights from two formative (n=8, n=8) studies to examine how novice designers engage with these layered supports. Rather than presenting a conclusive evaluation, we reflect on Feedstack as a design probe that opens up new directions for conversational feedback systems.",http://arxiv.org/abs/2506.03052,https://arxiv.org/pdf/2506.03052,cc-by,green,0,3,sistema=0;relevancia-campo=6,candidato-por-metadados,Descoberta bibliográfica; análise posterior.
20260907T171423Z,1.2.0,"""conversational user interface"" design",OpenAlex,https://openalex.org/W4410049605,https://doi.org/10.1145/3711039,"'No, not that voice again!': Engaging Older Adults in Design of Anthropomorphic Voice Assistants",2025,Alisha Pradhan; Sheena Erete; Shaan Chopra; Pooja Upadhyay; Oluwaseun Sule; Amanda Lazar,article,"Conversational voice assistants are often imbued with personality and human-like characteristics (e.g., gender). While researchers have begun to examine and design for the downstream societal impacts of voice assistants encoding characteristics such as gender, we know little about other human-like characteristics such as age that are encoded in an artificial, yet, anthropomorphic voice. As older adults continue to adopt voice assistants, we brought older adults into an activity to customize human-like characteristics for their voice assistant. Our findings reveal the different stereotypes and assumptions individuals associated with voice assistant characteristics (e.g., age, gender, race). We also describe individuals' motivations behind customizing or not customizing these characteristics. We discuss how biases get encoded through our design process, marginalizing older adults and other non-dominant user groups and call for a need to examine the systemic, yet unspoken, power structures encoded in anthropomorphic technologies.",https://doi.org/10.1145/3711039,https://dl.acm.org/doi/pdf/10.1145/3711039,cc-by-nc-nd,hybrid,3,5,sistema=2;relevancia-campo=2,candidato-por-metadados,Descoberta bibliográfica; análise posterior.
20260907T171423Z,1.2.0,"""conversational user interface"" design",OpenAlex,https://openalex.org/W4396832548,https://doi.org/10.1145/3613904.3642538,MindTalker: Navigating the Complexities of AI-Enhanced Social Engagement for People with Early-Stage Dementia,2024,Anna Xygkou; Chee Siang Ang; Panote Siriaraya; Jonasz Piotr Kopecki; Alexandra Covaci; Eiman Kanjo; Wan Jou She,conference-paper,"People living with dementia are at risk of social isolation, and conversational AI agents can potentially support such individuals by reducing their loneliness. In our study, a conversational AI agent, called MindTalker, co-designed with therapists and utilizing the GPT-4 Large Language Model (LLM), was developed to support people with early-stage dementia, allowing them to experience a new type of “social relationship” that could be extended to real life. Eight PwD engaged with MindTalker for one month or even longer, and data was collected from interviews. Our findings emphasized that participants valued the novelty of AI, but sought more consistent, deeper interactions. They desired a personal touch from AI, while stressing the irreplaceable value of human interactions. The findings underscore the complexities of AI engagement dynamics, where participants commented on the artificial nature of AI, highlighting important insights into the future design of conversational AI for this population.",https://doi.org/10.1145/3613904.3642538,https://dl.acm.org/doi/pdf/10.1145/3613904.3642538,cc-by,gold,0,3,sistema=0;relevancia-campo=4,candidato-por-metadados,Descoberta bibliográfica; análise posterior.
20260907T171423Z,1.2.0,"""conversational user interface"" design",OpenAlex,https://openalex.org/W4366004191,https://doi.org/10.1145/3579505,Mediated Social Support for Distress Reduction: AI Chatbots vs. Human,2023,Jingbo Meng; Minjin Rheu; Yue Zhang; Yue Dai; Wei Peng,article,"The emerging uptake of AI chatbots for social support entails systematic comparisons between human and non-human entities as sources of support. In a between-subject experimental study, a human and two types of ostensible chatbots (using a wizard of oz design) had supportive conversations with college students who were experiencing stressful situations during the pandemic. We found that when compared with a less ideal chatbot (i.e., low-contingent chatbot), (1) the human support provider was perceived with more warmth, which directly reduced emotional distress among participants; (2) the ideal chatbot (i.e., high-contingent chatbot) was perceived to be more competent, which activated participants' cognitive reappraisal of their stressful situations and subsequently reduced emotional distress. The human provider and the ideal chatbot did not differ in users' perceived competence or warmth, although the human provider was more effective at activating participants' cognitive reappraisal. This study integrates human communication theories into human-computer interaction work and contributes by positioning and theorizing user perceptions of chatbots in a larger process from support sources with varying communication competence to users' cognitive and emotional responses, and ultimately to the stress outcome. Theoretical and design implications are discussed.",https://doi.org/10.1145/3579505,https://dl.acm.org/doi/pdf/10.1145/3579505,,bronze,3,6,sistema=4;relevancia-campo=4,candidato-por-metadados,Descoberta bibliográfica; análise posterior.
20260907T171423Z,1.2.0,"""conversational user interface"" design",OpenAlex,https://openalex.org/W4283329718,https://doi.org/10.1145/3543829.3544531,Embrace your incompetence! Designing appropriate CUI communication through an ecological approach,2022,Sophie Becker; Philip R. Doyle; Justin Edwards,conference-paper,"People form impressions of their dialogue partners, be they other people or machines, based on cues drawn from their communicative style. Recent work has suggested that the gulf between people’s expectations and the reality of CUI interaction widens when these impressions are misaligned with the actual capabilities of conversational user interfaces (CUIs). This has led some to rally against a perceived overriding concern for naturalness, calling instead for more representative, or appropriate communicative cues. Indeed, some have argued for a move away from naturalness as a goal for CUI design and communication. We contend that naturalness need not be abandoned, if we instead aim for ecologically grounded design. We also suggest a way this might be achieved and call on CUI designers to embrace incompetence! By letting CUIs express uncertainty and embarrassment through ecologically valid and appropriate cues that are ubiquitous in human communication - CUI designers can achieve more appropriate communication without turning away from naturalness entirely.",https://doi.org/10.1145/3543829.3544531,https://dl.acm.org/doi/pdf/10.1145/3543829.3544531,cc-by,gold,0,3,sistema=0;relevancia-campo=5,candidato-por-metadados,Descoberta bibliográfica; análise posterior.
20260907T171423Z,1.2.0,"""conversational user interface"" design",OpenAlex,https://openalex.org/W4380353849,https://doi.org/10.48550/arxiv.2306.05741,Challenges and Opportunities for the Design of Smart Speakers,2023,Tao Long; Lydia B. Chilton,preprint,"Advances in voice technology and voice user interfaces (VUIs) -- such as Alexa, Siri, and Google Home -- have opened up the potential for many new types of interaction. However, despite the potential of these devices reflected by the growing market and body of VUI research, there is a lingering sense that the technology is still underused. In this paper, we conducted a systematic literature review of 35 papers to identify and synthesize 127 VUI design guidelines into five themes. Additionally, we conducted semi-structured interviews with 15 smart speaker users to understand their use and non-use of the technology. From the interviews, we distill four design challenges that contribute the most to non-use. Based on their (non-)use, we identify four opportunity spaces for designers to explore such as focusing on information support while multitasking (cooking, driving, childcare, etc), incorporating users' mental models for smart speakers, and integrating calm design principles.",http://arxiv.org/abs/2306.05741,https://arxiv.org/pdf/2306.05741,cc-by,green,3,6,sistema=1;relevancia-campo=4,candidato-por-metadados,Descoberta bibliográfica; análise posterior.
20260907T171423Z,1.2.0,"""conversational user interface"" design",OpenAlex,https://openalex.org/W4303981344,https://doi.org/10.3390/informatics9040081,Interacting with a Chatbot-Based Advising System: Understanding the Effect of Chatbot Personality and User Gender on Behavior,2022,Mohammad Amin Kuhail; Justin Thomas; Salwa Alramlawi; Syed Jawad Hussain Shah; Erik Thornquist,article,"Chatbots with personality have been shown to affect engagement and user subjective satisfaction. Yet, the design of most chatbots focuses on functionality and accuracy rather than an interpersonal communication style. Existing studies on personality-imbued chatbots have mostly assessed the effect of chatbot personality on user preference and satisfaction. However, the influence of chatbot personality on behavioral qualities, such as users’ trust, engagement, and perceived authenticity of the chatbots, is largely unexplored. To bridge this gap, this study contributes: (1) A detailed design of a personality-imbued chatbot used in academic advising. (2) Empirical findings of an experiment with students who interacted with three different versions of the chatbot. Each version, vetted by psychology experts, represents one of the three dominant traits, agreeableness, conscientiousness, and extraversion. The experiment focused on the effect of chatbot personality on trust, authenticity, engagement, and intention to use the chatbot. Furthermore, we assessed whether gender plays a role in students’ perception of the personality-imbued chatbots. Our findings show a positive impact of chatbot personality on perceived chatbot authenticity and intended engagement, while student gender does not play a significant role in the students’ perception of chatbots.",https://doi.org/10.3390/informatics9040081,https://www.mdpi.com/2227-9709/9/4/81/pdf?version=1665391155,cc-by,gold,3,4,sistema=4;relevancia-campo=1,candidato-por-metadados,Descoberta bibliográfica; análise posterior.
20260907T171423Z,1.2.0,"""conversational user interface"" design",OpenAlex,https://openalex.org/W3185973558,https://doi.org/10.3389/fpsyg.2021.623657,Measuring Collaboration Load With Pupillary Responses - Implications for the Design of Instructions in Task-Oriented HRI,2021,Dimosthenis Kontogiorgos; Joakim Gustafson,article,"In face-to-face interaction, speakers establish common ground incrementally, the mutual belief of understanding. Instead of constructing ""one-shot"" complete utterances, speakers tend to package pieces of information in smaller fragments (what Clark calls ""installments""). The aim of this paper was to investigate how speakers' fragmented construction of utterances affect the cognitive load of the conversational partners during utterance production and comprehension. In a collaborative furniture assembly, participants instructed each other how to build an IKEA stool. Pupil diameter was measured as an outcome of effort and cognitive processing in the collaborative task. Pupillometry data and eye-gaze behaviour indicated that more cognitive resources were required by speakers to construct fragmented rather than non-fragmented utterances. Such construction of utterances by audience design was associated with higher cognitive load for speakers. We also found that listeners' cognitive resources were decreased in each new speaker utterance, suggesting that speakers' efforts in the fragmented construction of utterances were successful to resolve ambiguities. The results indicated that speaking in fragments is beneficial for minimising collaboration load, however, adapting to listeners is a demanding task. We discuss implications for future empirical research on the design of task-oriented human-robot interactions, and how assistive social robots may benefit from the production of fragmented instructions.",https://doi.org/10.3389/fpsyg.2021.623657,https://www.frontiersin.org/articles/10.3389/fpsyg.2021.623657/pdf,cc-by,gold,0,3,sistema=0;relevancia-campo=5,candidato-por-metadados,Descoberta bibliográfica; análise posterior.
20260907T171423Z,1.2.0,"""conversational user interface"" design",OpenAlex,https://openalex.org/W4390417899,https://doi.org/10.55612/s-5002-058-007,How to Compliment a Human – Designing Affective and Well-being Promoting Conversational Things,2023,Ilhan Aslan; Dominik Neu; Daniela Neupert; Stefan Grafberger; Nico Weise; Pascal Pfeil; Maximilian Kuschewski,article,"With today’s technologies it seems easier than ever to augment everyday things with the ability to perceive their environment and to talk to users. Considering conversational user interfaces, tremendous progress has already been made in designing and evaluating task oriented conversational interfaces, such as voice assistants for ordering food, booking a flight etc. However, it is still very challenging to design smart things that can have with their users an informal conversation and emotional exchange, which requires the smart thing to master the usage of social everyday utterances, using irony and sarcasm, delivering good compliments, etc. In this paper, we focus on the experience design of compliments and the Complimenting Mirror design. The paper reports in detail on three phases of a human-centered design process including a Wizard of Oz study in the lab with 24 participants to explore and identify the effect of different compliment types on user experiences and a consequent field study with 105 users in an architecture museum with a fully functional installation of the Complimenting Mirror. In our analyses we argue why and how a “smart” mirror should compliment users and provide a theorization applicable for affective interaction design with things in more general. We focus on subjective user feedback including user concerns and prepositions of receiving compliments from a thing and on observations of real user behavior in the field i.e. transitions of bodily affective expressions comparing affective user states before, during, and after compliment delivery. Our research shows that compliment design matters significantly and using the right type of compliments in our final design in the field test, we succeed in achieving reactive expressions of positive emotions, “sincere” smiles and laughter, even from the seemingly sternest users. We conclude by providing an outlook of our contribution for the new age of large language models and prompt engineering.",https://doi.org/10.55612/s-5002-058-007,,cc-by-nc-nd,diamond,3,6,sistema=4;relevancia-campo=6,candidato-por-metadados,Descoberta bibliográfica; análise posterior.
20260907T171423Z,1.2.0,"""conversational user interface"" design",OpenAlex,https://openalex.org/W4390405442,https://doi.org/10.1177/00472875231217899,Perceived Intelligence of Artificially Intelligent Assistants for Travel: Scale Development and Validation,2023,Erin Chao Ling; Iis Tussyadiah; Anyu Liu; Jason L. Stienmetz,article,"This study developed a perceived intelligence scale for artificially intelligent (AI) assistants and investigated its impact on users’ travel-related behavioral intentions. A four-stage study with a mixed-methods design was conducted. Study 1 identified three dimensions and 26 initial items through a systematic literature review, interviews, and focus group discussions. Study 2 used exploratory factor analysis to refine the items. Through composite confirmatory analysis, Study 3 confirmed an 18-item and three-dimensional scale (conversational intelligence, information quality, anthropomorphism). Study 4 established the scale’s predictive validity in travelers’ intentions to use AI assistants to search for travel information and make travel bookings. This research made the first attempt to identify factors shaping users’ perceptions of AI assistant intelligence, extending the understanding of human-AI interaction and AI technology adoption in the travel sector. Furthermore, it provides actionable recommendations for the travel industry and AI developers when designing and deploying AI assistant services.",https://doi.org/10.1177/00472875231217899,https://journals.sagepub.com/doi/pdf/10.1177/00472875231217899,cc-by,hybrid,3,6,sistema=1;relevancia-campo=5,candidato-por-metadados,Descoberta bibliográfica; análise posterior.
20260907T171423Z,1.2.0,"""conversational user interface"" design",OpenAlex,https://openalex.org/W4366598909,https://doi.org/10.1145/3544549.3585676,Towards a Preliminary Ontology of Dark Patterns Knowledge,2023,Colin M. Gray; Cristiana Santos; Nataliia Bielova,conference-paper,"Deceptive design practices are increasingly used by companies to extract profit, harvest data, and limit consumer choice. Dark patterns represent the most common contemporary amalgamation of these problematic practices, connecting designers, technologists, scholars, regulators, and legal professionals in transdisciplinary dialogue. However, a lack of universally accepted definitions across the academic, legislative and regulatory space has likely limited the impact that scholarship on dark patterns might have in supporting sanctions and evolved design practices. In this late breaking work, we seek to harmonize regulatory and academic taxonomies of dark patterns, proposing a preliminary three-level ontology to create a shared language that supports translational research and regulatory action. We identify potential directions for scholarship and social impact building upon this ontology.",https://doi.org/10.1145/3544549.3585676,https://dl.acm.org/doi/pdf/10.1145/3544549.3585676,,gold,0,1,sistema=0;relevancia-campo=1,candidato-por-metadados,Descoberta bibliográfica; análise posterior.
20260907T171423Z,1.2.0,"""conversational user interface"" design",OpenAlex,https://openalex.org/W3045900875,https://doi.org/10.2196/18431,Investigating the Accessibility of Voice Assistants With Impaired Users: Mixed Methods Study,2020,Fabio Masina; Valeria Orso; Patrik Pluchino; Giulia Dainese; Stefania Volpato; Cristian Nelini; Daniela Mapelli; Anna Spagnolli; Luciano Gamberini,article,"BACKGROUND: Voice assistants allow users to control appliances and functions of a smart home by simply uttering a few words. Such systems hold the potential to significantly help users with motor and cognitive disabilities who currently depend on their caregiver even for basic needs (eg, opening a door). The research on voice assistants is mainly dedicated to able-bodied users, and studies evaluating the accessibility of such systems are still sparse and fail to account for the participants' actual motor, linguistic, and cognitive abilities. OBJECTIVE: The aim of this work is to investigate whether cognitive and/or linguistic functions could predict user performance in operating an off-the-shelf voice assistant (Google Home). METHODS: A group of users with disabilities (n=16) was invited to a living laboratory and asked to interact with the system. Besides collecting data on their performance and experience with the system, their cognitive and linguistic skills were assessed using standardized inventories. The identification of predictors (cognitive and/or linguistic) capable of accounting for an efficient interaction with the voice assistant was investigated by performing multiple linear regression models. The best model was identified by adopting a selection strategy based on the Akaike information criterion (AIC). RESULTS: For users with disabilities, the effectiveness of interacting with a voice assistant is predicted by the Mini-Mental State Examination (MMSE) and the Robertson Dysarthria Profile (specifically, the ability to repeat sentences), as the best model shows (AIC=130.11). CONCLUSIONS: Users with motor, linguistic, and cognitive impairments can effectively interact with voice assistants, given specific levels of residual cognitive and linguistic skills. More specifically, our paper advances practical indicators to predict the level of accessibility of speech-based interactive systems. Finally, accessibility design guidelines are introduced based on the performance results observed in users with disabilities.",https://doi.org/10.2196/18431,https://www.jmir.org/2020/9/e18431/PDF,cc-by,gold,3,6,sistema=2;relevancia-campo=4,candidato-por-metadados,Descoberta bibliográfica; análise posterior.
20260907T171423Z,1.2.0,"""conversational user interface"" design",OpenAlex,https://openalex.org/W2229710742,https://doi.org/10.2196/jmir.5239,Improving Access to Online Health Information With Conversational Agents: A Randomized Controlled Experiment,2016,Timothy Bickmore; Dina Utami; Robin K. Matsuyama; Michael K. Paasche‐Orlow,article,"BACKGROUND: Conventional Web-based search engines may be unusable by individuals with low health literacy for finding health-related information, thus precluding their use by this population. OBJECTIVE: We describe a conversational search engine interface designed to allow individuals with low health and computer literacy identify and learn about clinical trials on the Internet. METHODS: A randomized trial involving 89 participants compared the conversational search engine interface (n=43) to the existing conventional keyword- and facet-based search engine interface (n=46) for the National Cancer Institute Clinical Trials database. Each participant performed 2 tasks: finding a clinical trial for themselves and finding a trial that met prespecified criteria. RESULTS: Results indicated that all participants were more satisfied with the conversational interface based on 7-point self-reported satisfaction ratings (task 1: mean 4.9, SD 1.8 vs mean 3.2, SD 1.8, P<.001; task 2: mean 4.8, SD 1.9 vs mean 3.2, SD 1.7, P<.001) compared to the conventional Web form-based interface. All participants also rated the trials they found as better meeting their search criteria, based on 7-point self-reported scales (task 1: mean 3.7, SD 1.6 vs mean 2.7, SD 1.8, P=.01; task 2: mean 4.8, SD 1.7 vs mean 3.4, SD 1.9, P<.01). Participants with low health literacy failed to find any trials that satisfied the prespecified criteria for task 2 using the conventional search engine interface, whereas 36% (5/14) were successful at this task using the conversational interface (P=.05). CONCLUSIONS: Conversational agents can be used to improve accessibility to Web-based searches in general and clinical trials in particular, and can help decrease recruitment bias against disadvantaged populations.",https://doi.org/10.2196/jmir.5239,https://www.jmir.org/2016/1/e1/PDF,cc-by,gold,3,6,sistema=3;relevancia-campo=4,candidato-por-metadados,Descoberta bibliográfica; análise posterior.
20260907T171423Z,1.2.0,"""conversational user interface"" design",OpenAlex,https://openalex.org/W4226070157,https://doi.org/10.3389/fdgth.2022.840232,What's Up With These Conversational Health Agents? From Users' Critiques to Implications for Design,2022,Raju Maharjan; Kevin Doherty; Darius A. Rohani; Per Bækgaard; Jakob E. Bardram,article,"Recent advancements in speech recognition technology in combination with increased access to smart speaker devices are expanding conversational interactions to ever-new areas of our lives - including our health and wellbeing. Prior human-computer interaction research suggests that Conversational Agents (CAs) have the potential to support a variety of health-related outcomes, due in part to their intuitive and engaging nature. Realizing this potential requires however developing a rich understanding of users' needs and experiences in relation to these still-emerging technologies. To inform the design of CAs for health and wellbeing, we analyze 2741 critical reviews of 485 Alexa health and fitness Skills using an automated topic modeling approach; identifying 15 subjects of criticism across four key areas of design (functionality, reliability, usability, pleasurability). Based on these findings, we discuss implications for the design of engaging CAs to support health and wellbeing.",https://doi.org/10.3389/fdgth.2022.840232,,cc-by,gold,3,6,sistema=2;relevancia-campo=5,candidato-por-metadados,Descoberta bibliográfica; análise posterior.
20260907T171423Z,1.2.0,"""conversational user interface"" design",OpenAlex,https://openalex.org/W4403223071,https://doi.org/10.1145/3681716.3681727,Communication Design for an Educational AI Chatbot: Analyzing Cipherbot's Communication Style and Challenges,2024,Joni Salminen; Soon-Gyo Jung; Johanne Medina; Kholoud K. Aldous; Jinan Y. Azem; Waleed Akhtar; Essi Häyhänen; Bernard J. Jansen,conference-paper,"We analyzed the communication patterns of Cipherbot, an educational AI chatbot that addresses validation and transparency problems in AI-student interaction, with 44 undergraduate business students using the system. Findings show that Cipherbot delivers information grounded in learning materials, primarily focusing on statements of fact, with a 99% occurrence rate. Also, about a third (31%) of Cipherbot's messages to students contain an example, which adheres to pedagogical best practices. However, more than a third (36%) of Cipherbot's communication with students also contained traces of opinion, particularly normative statements about how companies or individuals should behave. Cipherbot also demonstrates some level of social etiquette, using thank yous and apologies (7%), but it rarely engages in requests for information, or clarifications and comprehension checks–as these categories might be useful for student engagement, future exploration into diversifying Cipherbot's communication style to support learning is required. Student feedback suggests that usability issues in educational AI chatbots comprise both communicational and technical issues, e.g., incompleteness and redundancy–iterative testing of prompts with student feedback could address many of these challenges. Based on our findings, we make six propositions about students’ interaction with educational AI chatbots.",https://doi.org/10.1145/3681716.3681727,,cc-by,gold,3,6,sistema=4;relevancia-campo=4,candidato-por-metadados,Descoberta bibliográfica; análise posterior.
20260907T171423Z,1.2.0,"""conversational user interface"" design",OpenAlex,https://openalex.org/W3042563542,https://doi.org/10.1145/3405755.3406119,What Can I Say?,2020,Philipp Kirschthaler; Martin Porcheron; Joel E. Fischer,conference-paper,"Discoverability, the ability for users to find and execute features through a user interface, is a recurrent problem with Voice User Interface (VUI) design that makes it difficult for users to understand what commands are supported by a newly encountered system. We studied the effects of two different discoverability strategies proposed in literature, one which provides informational prompts automatically and one which provides help only when the user requests it by asking 'What Can I Say?'. Our study adopted a Wizard of Oz approach that allowed users to order food delivery by voice. Through statistical analysis, we confirmed the beneficial nature of both strategies, with significantly better task performance and higher usability scores in comparison to a baseline. This suggests designers should consider the use of a discoverability strategy in the design of VUIs. While no significant differences were found between the strategies, a majority of the participants highlighted their preference for the 'What Can I Say?' strategy if they were to use the VUI more frequently. Finally, we reflect on the implications for the design of VUIs, highlighting the need to distinguish between initial use and longer-term use in the selection of a strategy.",https://doi.org/10.1145/3405755.3406119,https://dl.acm.org/doi/pdf/10.1145/3405755.3406119,,gold,3,6,sistema=1;relevancia-campo=3,candidato-por-metadados,Descoberta bibliográfica; análise posterior.
20260907T171423Z,1.2.0,"""conversational user interface"" design",OpenAlex,https://openalex.org/W4297156621,https://doi.org/10.1145/3547522.3547688,Guidelines for Bimodal Virtual Assistants,2022,Cristina Carbajal-Pérez; Alejandro Catalá; Alberto Bugarín,conference-paper,"Multimodality is a widely studied topic that involves communication modes such as speech, writing, gestures, touching, etc. In the field of Conversational User Interfaces, researchers emphasize both advantages and disadvantages in developing either text-based virtual assistants (visual mode) or voice-based virtual assistants (auditory mode) in terms of cognitive effort, memory load, satisfaction, or enjoyment. We also find extant guidelines which are specialized in the development of either text-based or voice-based assistants. However, there is an evident gap in Multimodal Virtual Assistants research, since there are no specific guidelines for the development of Bimodal Virtual Assistants (BVAs) that combine both writing and speech modes. In this paper, we analyze and synthesize those existing guidelines and we propose 22 guidelines sorted into four categories concerning key design issues in the development of virtual assistants with the aim of providing a unified model that helps raise awareness among designers who want to develop BVAs.",https://doi.org/10.1145/3547522.3547688,,,closed,0,3,sistema=0;relevancia-campo=5,candidato-por-metadados,Descoberta bibliográfica; análise posterior.
20260907T171423Z,1.2.0,"""conversational user interface"" design",OpenAlex,https://openalex.org/W3208099599,,Voicing Concerns: User-Specific Pitfalls of Favoring Voiceover Text in Conversational Recommender Systems,2021,Alain D. Starke; Minha Lee,conference-paper,"In the context of Conversational Recommender Systems (CRSs) and Conversational User Interfaces (CUIs; e.g., DigitalAssistants, such as Siri), an increasing number of voice-based applications are emerging, often at the expense of text-basedapplications. In this position paper, we argue that the possible first-mover advantage of adopting voice-based technologiesmay put specific groups of users at a profound disadvantage, as they are likely to run into accessibility issues. For example,users that stammer or whom are not fluent in the English language have a hard time using voice-based conversationalrecommender systems. Along this line, we describe a number of challenges and issues for current and future systems.",https://research.wur.nl/en/publications/voicing-concerns-user-specific-pitfalls-of-favoring-voice-over-te,,cc-by,green,0,3,sistema=0;relevancia-campo=4,candidato-por-metadados,Descoberta bibliográfica; análise posterior.
20260907T171423Z,1.2.0,"""conversational user interface"" design",OpenAlex,https://openalex.org/W4393385174,https://doi.org/10.55041/isjem01409,College Enquiry For Student using AI ChatBot,2024,Amol Halvankar,article,"A chat bot is a computer program that may initiate conversations between users and other computers. A larger audience can use chatbot technology, which is text-based and safe to use.. Chatbots for university research are developed using AI algorithms that interpret user messages and assess user demands. The aims of the chatbot's responses is to match the user's input while avoiding making oneself physically available to the institution in response to queries. The program responds to the students' inquiries by applying its intelligence. For using this type applications, natural processing language, command line, graphical user interface (GUI), menu driven, form-based, etc. that used in user interfaces TGUI and web-based user interfaces are the most typical types, however sometimes another type of user interface is required. This is where a conversational user interface based on chatbots fits in. One type of bot that has been present on chat systems is the chatbot. The user can interact with them via graphical interfaces, and the trend is in this direction. They often offer a stateful service, meaning that each session's data is saved by the application.",https://doi.org/10.55041/isjem01409,https://isjem.com/download/college-enquiry-for-student-using-ai-chatbot/?wpdmdl=3835,,bronze,3,6,sistema=4;relevancia-campo=3,candidato-por-metadados,Descoberta bibliográfica; análise posterior.
20260907T171423Z,1.2.0,"""conversational user interface"" design",OpenAlex,https://openalex.org/W3095760943,,Conversational interfaces for search as learning,2020,Sihang Qiu; Alessandro Bozzon; Ujwal Gadiraju,conference-paper,"Searching the web to learn new things or gain knowledge has become a common activity. Recent advances in conversational user interfaces have led to a new research opportunity - that of analyzing the potential of conversational interfaces in improving the effectiveness of search as learning (SAL). Addressing this knowledge gap, in this position paper we present conversational interfaces to support search as learning and novel methods to measure user performance and learning. Our experimental results reveal that conversational interfaces can improve user engagement, augment user long-term memorability, and alleviate user cognitive load. These findings have important implications on designing effective SAL systems.",http://resolver.tudelft.nl/uuid:ba37232e-1516-4fdb-bf16-8b3f9734e2b7,http://resolver.tudelft.nl/uuid:ba37232e-1516-4fdb-bf16-8b3f9734e2b7,cc-by,green,3,6,sistema=2;relevancia-campo=3,candidato-por-metadados,Descoberta bibliográfica; análise posterior.
20260907T171423Z,1.2.0,"""conversational user interface"" design",OpenAlex,https://openalex.org/W4321854307,https://doi.org/10.1145/3544548.3581273,Understanding Collaborative Practices and Tools of Professional UX Practitioners in Software Organizations,2023,K. J. Kevin Feng; Tony W Li; Amy X. Zhang,conference-paper,"User experience (UX) has undergone a revolution in collaborative practices, due to tools that enable quick feedback and continuous collaboration with a varied team across a design’s lifecycle. However, it is unclear how this shift in collaboration has been received in professional UX practice, and whether new pain points have arisen. To this end, we conducted a survey (N = 114) with UX practitioners at software organizations based in the U.S. to better understand their collaborative practices and tools used throughout the design process. We found that while an increase in collaborative activity enhanced many aspects of UX work, some long-standing challenges—such as handing off designs to developers—still persist. Moreover, we observed new challenges emerging from activities enabled by collaborative tools such as design system management. Based on our findings, we discuss how UX practices can improve collaboration moving forward and provide concrete design implications for collaborative UX tools.",https://doi.org/10.1145/3544548.3581273,https://dl.acm.org/doi/pdf/10.1145/3544548.3581273,cc-by,gold,0,3,sistema=0;relevancia-campo=3,candidato-por-metadados,Descoberta bibliográfica; análise posterior.
20260907T171423Z,1.2.0,"""conversational user interface"" design",OpenAlex,https://openalex.org/W2057549170,https://doi.org/10.1177/1359104508100884,An Evaluation of a Solution Focused Computer Game in Adolescent Interventions,2009,David Coyle; Gavin Doherty; John Sharry,article,"Many adolescents experience difficulties with traditional face-to-face mental health care approaches. Personal Investigator (PI) is a 3D computer game specifically designed for use in adolescent interventions. The game implements a model of Solution Focused Therapy. It aims to assist in easing the difficulties experienced by adolescents with direct face-to-face approaches. In sessions a therapist and adolescent sit together at a computer and play PI. Issues raised in the game serve as a context for more detailed discussions between the therapist and client. This article describes a study in which PI was used with 22 adolescent clients, attending mental health care services due to a variety of difficulties. Whilst further trials are required, results indicate positive benefits of using PI. PI can help in building an effective client-therapist relationship, can assist in structuring sessions, and can assist in improving client engagement in the therapeutic process.",https://research-information.bris.ac.uk/en/publications/88c0c7e1-5faf-46fc-899a-0625720ee4ef,https://research-information.bris.ac.uk/files/8390199/04_100884_Coyle.pdf,,green,0,3,sistema=0;relevancia-campo=4,candidato-por-metadados,Descoberta bibliográfica; análise posterior.
20260907T171423Z,1.2.0,"""conversational user interface"" design",OpenAlex,https://openalex.org/W4384520656,https://doi.org/10.1145/3571884.3597141,“A Painless Way to Learn:” Designing an Interactive Storytelling Voice User Interface to Engage Older Adults in Informal Health Information Learning,2023,Smit Desai; Morgan Lundy; Jessie Chin,conference-paper,"We present “Mystery Agent,” an interactive storytelling voice user interface (VUI) equipped with self-regulated learning strategies to deliver informal health-related learning to older adults through a murder mystery story. We conducted a mixed methods user study with 10 older adults to evaluate Mystery Agent, using usability and perception-based questionnaires, followed by a semi-structured interview and co-design activity to generate design insights and identify design priorities. We found older adults had a positive experience interacting with Mystery Agent and considered storytelling to be an appropriate and engaging way to learn health information. However, older adults identified credibility, compassion, and control as crucial factors influencing long-term use. To address this, we present design guidelines using Mystery Agent as an example to help practitioners and researchers devise novel solutions to address the informal health information learning needs of older adults.",https://doi.org/10.1145/3571884.3597141,https://dl.acm.org/doi/pdf/10.1145/3571884.3597141,,gold,3,6,sistema=1;relevancia-campo=3,candidato-por-metadados,Descoberta bibliográfica; análise posterior.
20260907T171423Z,1.2.0,"""conversational user interface"" design",OpenAlex,https://openalex.org/W4210831288,https://doi.org/10.1145/3490355.3490363,Researching for GIS annotation,2021,Yunxing Liu; Tjeu van Bussel; Vassilis-Javed Khan; Jean-Bernard Martens,conference-paper,"Using maps has become a daily activity for virtually everyone. However, in terms of interactive maps are limited. Rich interaction, such as issuing a complex query: “Which route has more greenery for my evening run?” is currently impossible to process for most Geographic Information Systems (GIS). To enable such rich interaction, data in GIS needs to be extended with high-level semantic annotations. Such annotations, due to their intrinsic semantic nature, can currently only be supplied by humans, who might moreover also need to have some expert knowledge about GIS in order to produce useful annotations. Given the cognitive resources required, the number of annotations to be made, and the tediousness of the task, there is a need to design systems that can support experts in completing such annotation tasks. We report on a study comparing two alternative systems for performing GIS annotations, a Conversational User Interface (CUI), designed for the purpose of this study, and a Web interface with NN GIS, which reflects the current state-of-the-art used by experts. We find that CUIs can indeed help to improve the accuracy and efficiency of the annotations. We conclude the paper with some tentative design principles for annotation systems coupled to complex user interfaces.",https://doi.org/10.1145/3490355.3490363,https://dl.acm.org/doi/pdf/10.1145/3490355.3490363,,gold,0,3,sistema=0;relevancia-campo=5,candidato-por-metadados,Descoberta bibliográfica; análise posterior.
20260907T171423Z,1.2.0,"""conversational user interface"" design",OpenAlex,https://openalex.org/W2616030023,https://doi.org/10.1007/s00779-017-1021-5,Talk and Tools: the best of both worlds in mobile user interfaces for E-coaching,2017,R.J. Beun; Siska Fitrianie; Fiemke Griffioen-Both; Sandor Spruit; Corine Horsch; Jaap Lancee; Willem‐Paul Brinkman,article,"In this paper, a user interface paradigm, called Talk-and-Tools, is presented for automated e-coaching. The paradigm is based on the idea that people interact in two ways with their environment: symbolically and physically. The main goal is to show how the paradigm can be applied in the design of interactive systems that offer an acceptable coaching process. As a proof of concept, an e-coaching system is implemented that supports an insomnia therapy on a smartphone. A human coach was replaced by a cooperative virtual coach that is able to interact with a human coachee. In the interface of the system, we distinguish between a set of personalized conversations (“Talk”) and specialized modules that form a coherent structure of input and output facilities (“Tools”). Conversations contained a minimum of variation to exclude unpredictable behavior but included the necessary mechanisms for variation to offer personalized consults and support. A variety of system and user tests was conducted to validate the use of the system. After a 6-week therapy, some users spontaneously reported the experience of building a relationship with the e-coach. It is concluded that the addition of a conversational component fills an important gap in the design of current mobile systems.",https://doi.org/10.1007/s00779-017-1021-5,https://link.springer.com/content/pdf/10.1007/s00779-017-1021-5.pdf,cc-by,hybrid,0,3,sistema=0;relevancia-campo=3,candidato-por-metadados,Descoberta bibliográfica; análise posterior.
20260907T171423Z,1.2.0,"""conversational user interface"" design",OpenAlex,https://openalex.org/W4410304169,https://doi.org/10.3389/fdgth.2025.1551966,Navigating the design of simulated exercising peers: insights from a participatory design study,2025,Alessandro Silacci; Mauro Cherubini; Maurizio Caon,article,"Background: To fight sedentary lifestyles, researchers have introduced various technological interventions aimed at promoting physical activity through social support. These interventions encourage people to exercise together, maintaining high levels of motivation. However, the unpredictable nature of human peers makes it challenging to control behavior and balance these interventions effectively. Artificial intelligence agents, on the other hand, can provide consistent social support and are more controllable. Hence, we propose Simulated Exercising Peers (SEPs) as a promising solution for providing agent-based social support for physical activity. Method: Participatory design sessions were conducted, involving young adults in the creation of SEP-based interventions. Sixteen participants generated four prototypes that varied in aesthetics, behavior, and communication style, with outcomes analyzed through the lens of Self-Determination Theory to better understand the motivational implications of each design. Results: Findings highlight key components crucial for designing SEPs that enhance acceptance and efficiently integrate into physical activity interventions. Additionally, the study revealed how the aesthetics and behavior of SEPs could potentially deceive users, which can lead to user disengagement from interventions involving SEPs. Participants also defined two distinct social roles for the SEPs, i.e., coach, and companion, each associated with unique communication styles. Conclusion: This study offers five design guidelines for the development of SEPs, AI agents aimed at promoting physical activity through social support, and highlights opportunities for their integration into broader physical activity interventions.",https://doi.org/10.3389/fdgth.2025.1551966,https://www.frontiersin.org/journals/digital-health/articles/10.3389/fdgth.2025.1551966/pdf,cc-by,gold,0,1,sistema=0;relevancia-campo=1,candidato-por-metadados,Descoberta bibliográfica; análise posterior.
20260907T171423Z,1.2.0,"""conversational user interface"" design",OpenAlex,https://openalex.org/W4401000066,https://doi.org/10.1038/s41598-024-67429-4,A chatbot based question and answer system for the auxiliary diagnosis of chronic diseases based on large language model,2024,Sainan Zhang; Jisung Song,article,"In recent years, artificial intelligence has made remarkable strides, improving various aspects of our daily lives. One notable application is in intelligent chatbots that use deep learning models. These systems have shown tremendous promise in the medical sector, enhancing healthcare quality, treatment efficiency, and cost-effectiveness. However, their role in aiding disease diagnosis, particularly chronic conditions, remains underexplored. Addressing this issue, this study employs large language models from the GPT series, in conjunction with deep learning techniques, to design and develop a diagnostic system targeted at chronic diseases. Specifically, performed transfer learning and fine-tuning on the GPT-2 model, enabling it to assist in accurately diagnosing 24 common chronic diseases. To provide a user-friendly interface and seamless interactive experience, we further developed a dialog-based interface, naming it Chat Ella. This system can make precise predictions for chronic diseases based on the symptoms described by users. Experimental results indicate that our model achieved an accuracy rate of 97.50% on the validation set, and an area under the curve (AUC) value reaching 99.91%. Moreover, conducted user satisfaction tests, which revealed that 68.7% of participants approved of Chat Ella, while 45.3% of participants found the system made daily medical consultations more convenient. It can rapidly and accurately assess a patient's condition based on the symptoms described and provide timely feedback, making it of significant value in the design of medical auxiliary products for household use.",https://doi.org/10.1038/s41598-024-67429-4,https://www.nature.com/articles/s41598-024-67429-4.pdf,cc-by,gold,3,6,sistema=4;relevancia-campo=3,candidato-por-metadados,Descoberta bibliográfica; análise posterior.
20260907T171423Z,1.2.0,"""conversational user interface"" design",OpenAlex,https://openalex.org/W4396919238,https://doi.org/10.1145/3659625,Talk2Care: An LLM-based Voice Assistant for Communication between Healthcare Providers and Older Adults,2024,Ziqi Yang; Xuhai Xu; Bingsheng Yao; Ethan Rogers; Shao Zhang; Stephen Intille; Nawar Shara; Guodong Gao; Dakuo Wang,article,"Despite the plethora of telehealth applications to assist home-based older adults and healthcare providers, basic messaging and phone calls are still the most common communication methods, which suffer from limited availability, information loss, and process inefficiencies. One promising solution to facilitate patient-provider communication is to leverage large language models (LLMs) with their powerful natural conversation and summarization capability. However, there is a limited understanding of LLMs' role during the communication. We first conducted two interview studies with both older adults (N=10) and healthcare providers (N=9) to understand their needs and opportunities for LLMs in patient-provider asynchronous communication. Based on the insights, we built an LLM-powered communication system, Talk2Care, and designed interactive components for both groups: (1) For older adults, we leveraged the convenience and accessibility of voice assistants (VAs) and built an LLM-powered conversational interface for effective information collection. (2) For health providers, we built an LLM-based dashboard to summarize and present important health information based on older adults' conversations with the VA. We further conducted two user studies with older adults and providers to evaluate the usability of the system. The results showed that Talk2Care could facilitate the communication process, enrich the health information collected from older adults, and considerably save providers' efforts and time. We envision our work as an initial exploration of LLMs' capability in the intersection of healthcare and interpersonal communication.",https://doi.org/10.1145/3659625,https://dl.acm.org/doi/pdf/10.1145/3659625,cc-by,hybrid,3,6,sistema=3;relevancia-campo=5,candidato-por-metadados,Descoberta bibliográfica; análise posterior.
20260907T171423Z,1.2.0,"""conversational user interface"" design",OpenAlex,https://openalex.org/W4307136618,https://doi.org/10.1145/3517428.3544830,A Collaborative Approach to Support Medication Management in Older Adults with Mild Cognitive Impairment Using Conversational Assistants (CAs),2022,Niharika Mathur; Kunal Dhodapkar; Tamara Zubatiy; Jiachen Li; Brian Jones; Elizabeth D. Mynatt,conference-paper,"Improving medication management for older adults with Mild Cognitive Impairment (MCI) requires designing systems that support functional independence and provide compensatory strategies as their abilities change. Traditional medication management interventions emphasize forming new habits alongside the traditional path of learning to use new technologies. In this study, we navigate designing for older adults with gradual cognitive decline by creating a conversational “check-in” system for routine medication management. We present the design of MATCHA - Medication Action To Check-In for Health Application, informed by exploratory focus groups and design sessions conducted with older adults with MCI and their caregivers, alongside our evaluation based on a two-phased deployment period of 20 weeks. Our results indicate that a conversational “check-in” medication management assistant increased system acceptance while also potentially decreasing the likelihood of accidental over-medication, a common concern for older adults dealing with MCI.",https://doi.org/10.1145/3517428.3544830,https://dl.acm.org/doi/pdf/10.1145/3517428.3544830,cc-by,gold,0,3,sistema=0;relevancia-campo=3,candidato-por-metadados,Descoberta bibliográfica; análise posterior.
20260907T171423Z,1.2.0,"""conversational user interface"" design",OpenAlex,https://openalex.org/W4295919094,https://doi.org/10.1145/3543829.3544518,Conversational Agents Trust Calibration,2022,Mateusz Dubiel; Sylvain Daronnat; Luis A. Leiva,conference-paper,"Previous work identified trust as one of the key requirements for adoption and continued use of conversational agents (CAs). Given recent advances in natural language processing and deep learning, it is currently possible to execute simple goal-oriented tasks by using voice. As CAs start to provide a gateway for purchasing products and booking services online, the question of trust and its impact on users’ reliance and agency becomes ever-more pertinent. This paper collates trust-related literature and proposes four design suggestions that are illustrated through example conversations. Our goal is to encourage discussion on ethical design practices to develop CAs that are capable of employing trust-calibration techniques that should, when relevant, reduce the user’s trust in the agent. We hope that our reflections, based on the synthesis of insights from the fields of human-agent interaction, explainable ai, and information retrieval, can serve as a reminder of the dangers of excessive trust in automation and contribute to more user-centred CA design.",https://doi.org/10.1145/3543829.3544518,https://dl.acm.org/doi/pdf/10.1145/3543829.3544518,,gold,3,6,sistema=2;relevancia-campo=6,candidato-por-metadados,Descoberta bibliográfica; análise posterior.
20260907T171423Z,1.2.0,"""conversational user interface"" design",OpenAlex,https://openalex.org/W3152445296,https://doi.org/10.17705/1thci.00143,Understanding the Impact that Response Failure has on How Users Perceive Anthropomorphic Conversational Service Agents: Insights from an Online Experiment,2021,Stephan Diederich; Tim-Benjamin Lembcke; Alfred Brendel; TU Dresden; Lutz M. Kolbe,article,"Conversational agents (CAs) have attracted the interest from organizations due to their potential to provide automated services and the feeling of humanlike interaction. Emerging studies on CAs have found that humanness has a positive impact on customer perception and explored approaches for their anthropomorphic design, which comprises both their appearance and behavior. While these studies provide valuable knowledge on how to design humanlike CAs, we still do not sufficiently understand this technology’s limited conversational capabilities and their potentially detrimental impact on user perception. These limitations often lead to frustrated users and discontinued CAs in practice. We address this gap by investigating the impact of response failure, which we understand a CA’s inability to provide a meaningful reply, in a service context. To do so, we draw on the computers are social actors paradigm and the theory of the uncanny valley. Via an experiment with 169 participants, we found that 1) response failure harmed the extent to which people perceived CAs as human and increased their feelings of uncanniness, 2) humanness (uncanniness) positively (negatively) influenced familiarity and service satisfaction, and 3) the response failure had a significant negative impact on user perception yet did not lead to a sharp drop as the uncanny valley theory posits. Thus, our study contributes to better explaining the impact that text-based CAs’ failure to respond has on customer perception and satisfaction in a service context in relation to the agents’ design.",https://doi.org/10.17705/1thci.00143,https://aisel.aisnet.org/cgi/viewcontent.cgi?article=1148&context=thci,,diamond,3,6,sistema=2;relevancia-campo=6,candidato-por-metadados,Descoberta bibliográfica; análise posterior.
20260907T171423Z,1.2.0,"""conversational user interface"" design",OpenAlex,https://openalex.org/W4287125493,https://doi.org/10.48550/arxiv.2106.02578,"Alexa, Google, Siri: What are Your Pronouns? Gender and Anthropomorphism\n in the Design and Perception of Conversational Assistants",2021,Gavin Abercrombie; Amanda Cercas Curry; Mugdha Pandya; Verena Rieser,preprint,"Technology companies have produced varied responses to concerns about the\neffects of the design of their conversational AI systems. Some have claimed\nthat their voice assistants are in fact not gendered or human-like -- despite\ndesign features suggesting the contrary. We compare these claims to user\nperceptions by analysing the pronouns they use when referring to AI assistants.\nWe also examine systems' responses and the extent to which they generate output\nwhich is gendered and anthropomorphic. We find that, while some companies\nappear to be addressing the ethical concerns raised, in some cases, their\nclaims do not seem to hold true. In particular, our results show that system\noutputs are ambiguous as to the humanness of the systems, and that users tend\nto personify and gender them as a result.\n",http://arxiv.org/abs/2106.02578,https://arxiv.org/pdf/2106.02578,,green,3,5,sistema=3;relevancia-campo=2,candidato-por-metadados,Descoberta bibliográfica; análise posterior.
20260907T171423Z,1.2.0,"""conversational user interface"" design",OpenAlex,https://openalex.org/W4366549110,https://doi.org/10.1145/3544548.3580925,Studying Exploration & Long-Term Use of Voice Assistants by Older Adults,2023,Pooja Upadhyay; Sharon Heung; Shiri Azenkot; Robin Brewer,conference-paper,"While past research has examined older adults’ voice assistant (VA) use, it is unclear whether VAs provide enough value to sustain use when compared to technologies such as smartphones. Research also suggests that barriers around structured command input may limit use. In order to investigate these gaps in adoption, we conducted interviews with ten older adults in a long-term care community who have adopted Alexa devices for at least one year. Participants learned to use Alexa through a training program that encouraged exploration. They used Alexa to complement their daily routines, improve their mood, engage in cognitively stimulating activities, and support socialization with others. We discuss our findings in the context of prior work, describe strategies to promote VA learning and adoption, and present design recommendations to support aging.",https://doi.org/10.1145/3544548.3580925,https://dl.acm.org/doi/pdf/10.1145/3544548.3580925,,gold,3,5,sistema=2;relevancia-campo=2,candidato-por-metadados,Descoberta bibliográfica; análise posterior.
20260907T171423Z,1.2.0,"""conversational user interface"" design",OpenAlex,https://openalex.org/W4313432820,https://doi.org/10.34028/iajit/20/1/14,Performance Evaluation of Keyword Extraction Techniques and Stop Word Lists on Speech-To-Text Corpus,2022,Guda Blessed; Nuhu Bello Kontagora; James Agajo; Ibrahim Aliyu,article,"The dawn of conversational user interfaces, through which humans communicate with computers through voice audio, has been reached. Therefore, Natural Language Processing (NLP) techniques are required to focus not only on text but also on audio speeches. Keyword Extraction is a technique to extract key phrases out of a document which can provide summaries of the document and be used in text classification. Existing keyword extraction techniques have commonly been used on only text/typed datasets. With the advent of text data from speech recognition engines which are less accurate than typed texts, the suitability of keyword extraction is questionable. This paper evaluates the suitability of conventional keyword extraction methods on a speech-to-text corpus. A new audio dataset for keyword extraction is collected using the World Wide Web (WWW) corpus. The performances of Rapid Automatic Keyword Extraction (RAKE) and TextRank are evaluated with different Stoplists on both the originally typed corpus and the corresponding Speech-To-Text (STT) corpus from the audio. Metrics of precision, recall, and F1 score was considered for the evaluation. From the obtained results, TextRank with the FOX Stoplist showed the highest performance on both the text and audio corpus, with F1 scores of 16.59% and 14.22%, respectively. Despite lagging behind text corpus, the recorded F1 score of the TextRank technique with audio corpus is significant enough for its adoption in audio conversation without much concern. However, the absence of punctuation during the STT affected the F1 score in all the techniques.",https://doi.org/10.34028/iajit/20/1/14,https://doi.org/10.34028/iajit/20/1/14,,diamond,0,3,sistema=0;relevancia-campo=3,candidato-por-metadados,Descoberta bibliográfica; análise posterior.
