run_id,query_version,query,source_api,source_id,doi,title,year,authors,type,abstract,landing_url,pdf_url,license,oa_status,ontology_score,provisional_score,automatic_signal,decision,decision_reason
20260907T171423Z,1.2.0,"""conversation design""",OpenAlex,https://openalex.org/W2233229754,,Mimarlıkta Parametrik Tasarım ve Arazide Kütle Yerleşimi için Bir Model Önerisi,2013,Mehmet Baykara,dissertation,,http://hdl.handle.net/11527/712,http://hdl.handle.net/11527/712,,green,0,0,sistema=0;relevancia-campo=0,candidato-por-metadados,Descoberta bibliográfica; análise posterior.
20260907T171423Z,1.2.0,"""conversation design""",OpenAlex,https://openalex.org/W7165832670,,Selling Minimalism: The Paradox of Feminised Anti-Consumption Aesthetics in Digital Culture,2026,Nutchanun Hanfaifa; Elsa Arvidsson,other,"By investigating feminised lifestyle trends such as the ‘Clean Girl’ and ‘Trad Wife’, this research seeks to unpack the distinct identity tensions young women experience when navigating the contradiction between the ideal of ‘consuming less’ and the continuous consumption required to perform these lifestyles online. The empirical material is analysed through an integrated theoretical framework combining Goffman’s Presentation of Self in Everyday Life and Butler’s Gender Performativity Theory. The findings reveal that minimalism within these digital trends functions as a highly curated visual script rather than a genuine anti-consumption practice. Furthermore, young women engage in the intense and exhausting hidden backstage labour required to successfully stage these effortless and natural digital feminised lifestyle aesthetics. The study conceptualises ‘Performed Restraint’ as the overarching mechanism through which young women navigate this paradox, demonstrating that performing idealised femininity and consumeristic restraint in contemporary digital culture have become inseparable. Ultimately, these digital trends deceptively repackage restrictive patriarchal norms as empowering self-care, compelling young women into an exhausting cycle of continuous hyper-consumption to project an effortless identity.",https://lup.lub.lu.se/student-papers/record/9241725,https://lup.lub.lu.se/student-papers/record/9241725/file/9241731.pdf,,green,0,0,sistema=0;relevancia-campo=0,candidato-por-metadados,Descoberta bibliográfica; análise posterior.
20260907T171423Z,1.2.0,"""conversation design""",OpenAlex,https://openalex.org/W4405094274,https://doi.org/10.22371/05.2024.028,Representation of Alaskan Native People in Nonprofit Leadership,2024,Vanessa Smith,dissertation,"The nonprofit sector faces a significant issue: the underrepresentation of the communities it aims to serve, including Alaska Native communities. This research investigates the likely causes of this underrepresentation and explores potential solutions. It includes nine qualitative interviews with a majority of Alaskan Native leaders and consultations with other non-Native nonprofit leaders who have extensive experience in Alaska's nonprofit organizations. This study arose from firsthand experience in an Anchorage, Alaska nonprofit, where the lack of Alaska Native representation in leadership roles within an organization meant to serve the Alaska Native community was evident. The research aimed to understand how well the staff and leadership of Alaskan nonprofits reflected the Alaska Native communities they served and whether increased representation, according to those interviewed, could improve nonprofits' ability to provide essential services to Alaskan Native communities. This research builds on existing literature about representation, which is related to but distinct from literature on diversity, equity, and inclusion (DEI). While DEI literature emphasizes creating inclusive environments in various ways, representation focuses specifically on promoting the visibility and voices of underrepresented groups within organizations. This study addresses the lack of research on the specific representation challenges faced by Alaska Native people in nonprofit organizations, especially in leadership roles. Existing literature often groups Alaska Native people with American Indians, obscuring their unique experiences and needs. This study highlights current challenges and suggests possible solutions and interventions. The findings of this study include emphasizing the importance of cultural sensitivity and recognizing the unique barriers faced by Alaska Native people. It highlights the need to understand the variations among Alaska Native tribes and regions, and the importance of inclusivity in the ongoing conversation about representation versus Diversity Equity and Inclusion. Additionally, the study underscores the significance of indigenous leadership and current trends in leadership for Alaskan Native people, as well as the importance of tribal sovereignty and its relationship to self-determination for Alaska Native people.",https://doi.org/10.22371/05.2024.028,https://digital.sandiego.edu/cgi/viewcontent.cgi?article=2047&context=dissertations,,gold,0,2,sistema=0;relevancia-campo=2,candidato-por-metadados,Descoberta bibliográfica; análise posterior.
20260907T171423Z,1.2.0,"""conversation design""",OpenAlex,https://openalex.org/W168309516,,"Notes, Phrases, and Clauses: An Examination of Identity in Music Focused Conversation",2013,Bryan C. Cannon,dissertation,"Music is everywhere. From formal occasions to a person’s morning run. Music is available on cell phones, computers, in religious ceremonies, at concerts and venues. Music is seen by society to be important and a person’s choice of music can be used to present an identity. The question considered in this article is how people talk about music and how they present identity through their discussion. The current study examines eight focus groups of three actors instructed to simply talk about music. The discussions were recorded and analyzed in a conversation analytic style to identify the structures of the conversations and how these were used to present and regulate identity. Participants also provided background information about their music preferences and experiences as well as their goals in managing their self-presentation. The results of the study focus on the general question of “What kind of music do you listen to?” and how participants managed their answers. Particular attention is given to actors’ management of opportunities to create an in-group identification and avoid inference rich categorization. This study focuses primarily upon different ways this can be managed. Examples include three part list use, storytelling, subgenre specifications, and the use of phrases like “I listen to all kinds of music.” It is argued that these devices can be used by an actor to present themselves as a member of the current in-group while avoiding being categorized in a possibly negative way based on their music choices.",https://digitalcommons.wku.edu/theses/1269,https://digitalcommons.wku.edu/cgi/viewcontent.cgi?article=2272&context=theses,,green,0,1,sistema=0;relevancia-campo=1,candidato-por-metadados,Descoberta bibliográfica; análise posterior.
20260907T171423Z,1.2.0,"""conversation design""",OpenAlex,https://openalex.org/W7131909538,,AuditBench: Evaluating Alignment Auditing Techniques on Models with Hidden Behaviors,2026,Abhay Sheshadri; Aidan Ewart; Kai Fronsdal; Isha Gupta; Samuel R. Bowman; Sara Price; Samuel Marks; Rowan Wang,preprint,"We introduce AuditBench, an alignment auditing benchmark. AuditBench consists of 56 language models with implanted hidden behaviors. Each model has one of 14 concerning behaviors--such as sycophantic deference, opposition to AI regulation, or secret geopolitical loyalties--which it does not confess to when directly asked. AuditBench models are highly diverse--some are subtle, while others are overt, and we use varying training techniques both for implanting behaviors and training models not to confess. To demonstrate AuditBench's utility, we develop an investigator agent that autonomously employs a configurable set of auditing tools. By measuring investigator agent success using different tools, we can evaluate their efficacy. Notably, we observe a tool-to-agent gap, where tools that perform well in standalone non-agentic evaluations fail to translate into improved performance when used with our investigator agent. We find that our most effective tools involve scaffolded calls to auxiliary models that generate diverse prompts for the target. White-box interpretability tools can be helpful, but the agent performs best with black-box tools. We also find that audit success varies greatly across training techniques: models trained on synthetic documents are easier to audit than models trained on demonstrations, with better adversarial training further increasing auditing difficulty. We release our models, agent, and evaluation framework to support future quantitative, iterative science on alignment auditing.",http://arxiv.org/abs/2602.22755,https://arxiv.org/pdf/2602.22755,cc-by,green,0,1,sistema=0;relevancia-campo=1,candidato-por-metadados,Descoberta bibliográfica; análise posterior.
20260907T171423Z,1.2.0,"""conversation design""",OpenAlex,https://openalex.org/W2403570922,,Implementation of a 6 Week Persuasive Reading and Writing Curriculum for Middle School Students,2009,Robin D. Alt,dissertation,"In this research project, the author presents a 6 week curricular unit that will be implemented at Soroco Middle School as a component of the Grade 7 language arts curriculum. This unit is designed to provide educators with: (a) a clear, concise method to prepare a wide variety of students for high stakes testing; (b) a deliberate approach to teach diverse students how to think critically and argue constructively; and (c) a concrete, effective method to teach a wide range of students how to use multiple writing strategies to construct persuasive paragraphs.",https://epublications.regis.edu/theses/71,https://epublications.regis.edu/theses/71,,green,0,1,sistema=0;relevancia-campo=1,candidato-por-metadados,Descoberta bibliográfica; análise posterior.
20260907T171423Z,1.2.0,"""conversation design""",OpenAlex,https://openalex.org/W7135437409,,Ecocentric structures to protect Lough Neagh (Loch nEachach): a discussion paper,2025,Charlotte Dent; Grant Wilson; Pooja Sharma; Eva J. Duggan; Jessy Kate Schingler; Paul Powlesland; Kate Chan; Peter Doran,other,A legal review of ecocentric structures to inform decisions on the future governance of Lough Neagh after the transfer to a community trust,https://www.earthlawcenter.org/lough-neagh,https://www.earthlawcenter.org/s/Ecocentric-Structures-to-Protect-Lough-Neagh.pdf,other-oa,green,0,1,sistema=0;relevancia-campo=1,candidato-por-metadados,Descoberta bibliográfica; análise posterior.
20260907T171423Z,1.2.0,"""conversation design""",OpenAlex,https://openalex.org/W7138942866,https://doi.org/10.3390/buildings16061231,"Eye Movements in Architecture and Environmental Design: A Review of Methods, Applications, and Future Directions",2026,Jinge Luo; Lingjiang Liu; Dale Abo; Xiaofei Wang,article,"Eye movement research has emerged as a powerful tool in architectural and environmental design, offering insights into how people visually engage with built and natural surroundings. Eye tracking technology enables the study of visual attention, user engagement, and navigation patterns, thereby informing user-centered design. This paper reviews a wide and vast body of research that demonstrates eye tracking’s capacity to inform architectural and environmental design decisions by providing objective, data-driven insights into human perception and interaction with the built world. Key methodologies are discussed, including desktop, mobile, and VR-based systems, as well as recent advances in software analytics and artificial intelligence. Beyond summarizing the existing literature, this review critically evaluates methodological approaches, identifies key challenges, and outlines future research directions. The key findings indicate increased integration of immersive technologies, diversification of analytical paradigms, and expanded application in sustainable and user-centered design. However, methodological heterogeneity, limited ecological validation, and insufficient integration with design optimization frameworks remain significant limitations. This review provides a structured foundation for advancing interdisciplinary research and enhancing evidence-based architectural design. The paper concludes by outlining a forward-looking research agenda for creating more responsive, intuitive, and human-centered environments.",https://doi.org/10.3390/buildings16061231,https://www.mdpi.com/2075-5309/16/6/1231/pdf?version=1774005258,cc-by,gold,0,3,sistema=0;relevancia-campo=3,candidato-por-metadados,Descoberta bibliográfica; análise posterior.
20260907T171423Z,1.2.0,"""conversation design""",OpenAlex,https://openalex.org/W7134799105,,Parametric Design In Architecture And A Model Proposal For Settlement Design,2011,Mehmet Baykara,dissertation,"Tez (Yüksek Lisans) -- İstanbul Teknik Üniversitesi, Fen Bilimleri Enstitüsü, 2011",http://hdl.handle.net/11527/712,http://hdl.handle.net/11527/712,,green,0,1,sistema=0;relevancia-campo=1,candidato-por-metadados,Descoberta bibliográfica; análise posterior.
20260907T171423Z,1.2.0,"""conversation design""",OpenAlex,https://openalex.org/W4388761303,https://doi.org/10.17760/d20618668,Risky code: a digital workshop to educate participants and facilitate deliberation about algorithmically informed decision-making,2023,Joli Holmes,dissertation,"Algorithmically informed decision-making was an early focus in domains such as human factors, e.g., air traffic control and clinical contexts. As data collection has become more automated and computing capabilities have expanded, AI has become both a household term and a household item. Today, algorithmic decision-making tools are now used in every field; they are used to evaluate prisoners for parole, triage patients in emergency rooms, and predict where and when services might be needed. In the originating contexts of algorithmic decision-making, end-users would have been someone such as a doctor or an air traffic controller. In these contexts, the decision-maker (e.g., air traffic controller) and stakeholders of the decision (e.g., passengers) likely have high levels of consensus - safely flying from origin to destination - making decision-making more straightforward. However, the societal problems that public policy interventions address inherently differ from the engineering problems where algorithmic decision-making was initially employed. Public policy problems are particularly complex due to their political nature. Stakeholder groups of public policy problems have heterogeneous values resulting in a solution that will afford some stakeholders or the system and disafford others. Algorithmic decision-making tools have been marketed to policymakers as an objective way to make decisions while increasing efficiency, decreasing costs, and minimizing human bias and error. However, algorithmic systems are historically and systemically situated in social systems, thereby reproducing the dominant norms and values of these systems. Moreover, policymakers who purchase and use algorithmic systems are experts in areas other than AI and may need to be aware of algorithmic equity and bias issues. Few artifacts exist to inform policymakers about algorithmic decision-making's potential consequences. This research proposes an intervention - Risky Code - designed first to inform and then facilitate deliberation about the appropriateness of using predictive outcomes from algorithmic systems to inform decision-making. Risky Code is an interactive digital artifact for policymakers to be used in a workshop setting. The workshop aims to create a model for broadly understanding algorithmic fairness issues in a public policy context. Four modules lead participants through a series of interactive activities that inform participants of how designers build predictive algorithms, assess mathematical bias, and show case studies of algorithmic bias in the real world. Finally, the last module will help participants determine if algorithmic decision-making is appropriate for their specific public policy use case. The workshop's interface and content underwent multiple rounds of user testing. The first round of user testing focused on interface design. The second round of user testing evaluated the project's content and goals of informing policymakers and encouraging deliberation. The second round of user testing was measured using a survey that assessed participants' knowledge of algorithmic systems and potential issues before and after the workshop. Initial testing indicates that this research takes a critical step toward increasing the algorithmic literacy of non-technical users who interact with algorithmic decision-making tools to address social problems.--Author's abstract",http://dx.doi.org/10.17760/d20618668,https://repository.library.northeastern.edu/files/neu:4f22t164d/fulltext.pdf,,gold,0,3,sistema=0;relevancia-campo=4,candidato-por-metadados,Descoberta bibliográfica; análise posterior.
20260907T171423Z,1.2.0,"""conversation design""",OpenAlex,https://openalex.org/W3118486160,,Secondary Content Area Teachers’ Perceptions of the Impact of Teaching Explicit Reading Strategies on Reading Comprehension and Student Academic Performance,2020,Sandra Dance Weaver,article,"Many students are entering high school unable to read proficiently. Other students are graduating from high school with reading skills below proficiency and are unprepared to meet the literacy demands of college or the workplace. The negative outcomes for these students graduating from high school and entering society as young adults with reduced literacy skills include an increased dropout rate, affiliation with the criminal justice system, unemployment, and reduced income earning power. Federal and state education reforms and standards continue to be implemented in an effort to improve the literacy crisis and academic performance of students. Secondary content area teachers are well positioned to assist these students with strategies to improve their reading skills, comprehension, and academic performance. This qualitative phenomenological research study examined the lived experiences of secondary content area history teachers as reflected in their perceptions, beliefs, and knowledge of evidence-based reading strategies, and teachers’ interpretation of the impact of their instructional strategies on students’ reading comprehension and academic performance. This study was conducted in two diverse school districts in New York State, in a suburb north of New York City. Data collection consisted of demographic surveys, a focus group, and in-depth interviews. Findings of this study revealed secondary content area history teachers lack the support, training and knowledge of reading acquisition and need to be trained in the explicit teaching of evidence-based reading strategies. These findings are significant for higher education because it may help focus the process of teacher education and the need for teacher preparation programs to consider literacy, reading acquisition and implementation of evidence-based reading strategies as components of college coursework.",https://fisherpub.sjfc.edu/education_etd/466,https://fisherpub.sjfc.edu/education_etd/466,,green,0,0,sistema=0;relevancia-campo=0,candidato-por-metadados,Descoberta bibliográfica; análise posterior.
20260907T171423Z,1.2.0,"""conversation design""",OpenAlex,https://openalex.org/W7160575757,,"Investigating Connections Among Cognitive Coaching, Student Agency and Achievement in Ninth Grade Algebra 1",2025,Terri Renee Rathburn,article,"This convergent parallel mixed-methods action research study explored the application of Cognitive Coaching as a student-centered intervention to promote agency and academic achievement in a ninth-grade Algebra 1 classroom. Grounded in Bandura’s Social Cognitive Theory and informed by self-regulated learning and agentic engagement frameworks, the study investigated how structured coaching conversations supported students’ intentionality, forethought, self-reactiveness, and self-reflectiveness. Findings indicate that students who engaged in coaching demonstrated measurable growth in self-reported agency and thematic analysis of coaching transcripts revealed shifts from passive compliance to proactive engagement. While achievement results on the Algebra 1 end of course assessment did not reveal statistically significant differences between coached and non-coached students, qualitative evidence pointed to practical significance with dispositional changes that meaningfully influenced students’ confidence, persistence, and reflective problem-solving behaviors. The study contributes to the limited research on student-focused Cognitive Coaching in mathematics classrooms and underscores the value of reflective dialogue in fostering student autonomy, motivation, and perseverance. Recommendations for future research include extended longitudinal studies with larger samples to further explore the relationship between agency and sustained academic achievement.",https://scholarcommons.sc.edu/etd/8611,https://scholarcommons.sc.edu/context/etd/article/9572/viewcontent/1197955.pdf,,green,0,1,sistema=0;relevancia-campo=1,candidato-por-metadados,Descoberta bibliográfica; análise posterior.
20260907T171423Z,1.2.0,"""conversation design""",OpenAlex,https://openalex.org/W2772950731,,Teacher Perceptions of Head Start Preschool Programs in an Urban Public School,2017,Salvador Maestre Pérez,dissertation,"An initiative to coordinate early learning programs across a major city in the Midwestern United States was undertaken in 2013. The opinions of teachers regarding effects on instruction and children were not included in the development and implementation of the program. This omission is important because multiple scholars have pointed to the benefits and need of including stakeholders' perspectives in program development. The purpose of this study was to explore preschool teachers' experiences and perspectives of this initiative using a qualitative bounded instrumental case study design. Fullan's theory of educational change served as the framework of this study. Nine preschool teachers, who worked full-time in the Head Start-RTL initiative, volunteered to participate in individual semistructured interviews. Data were analyzed using open coding and thematic analysis. The findings revealed 3 themes: programs and services, initiative administration and processes, and initiative resources. Within each theme, participants identified benefits, challenges, and ideas for improvement, including increased administrative and financial support, streamlined processes, and freedom to individualize curriculum to meet the needs of a diverse student body. It is recommended that teachers' perspectives and their experiences with this initiative be used in planning and implementing changes needed to improve the current program. These endeavors by school district personnel may contribute to positive social change by reducing duplicated administration demands on preschool teachers, who, in turn, could devote more time to instruction and interaction with young children, resulting in improved quality of preschool services and positive outcomes for preschool children and their families.",https://scholarworks.waldenu.edu/dissertations/4472,https://scholarworks.waldenu.edu/dissertations/4472,,green,0,3,sistema=0;relevancia-campo=4,candidato-por-metadados,Descoberta bibliográfica; análise posterior.
20260907T171423Z,1.2.0,"""conversation design""",OpenAlex,https://openalex.org/W3008240003,,Taking on the network: Making space for the identity play of networked publics,2020,Ben Dalton,dissertation,"This thesis is positioned in the field of communication design research and seeks to critically examine the practice and potential of identity play by digitally networked publics. It defines identity play as entailing a form of identity design practiced by participating publics themselves. The research contributes an understanding of the role of the designer in the entangled networks of digital public space by treating identity design agencies as co-produced with audiences and materials. The thesis locates identity play as part of a productive tradition of anonymous pseudonymity practices. It challenges design assumptions of anonymity as a contemporary privacy problem and of identity as detached and preexisting. The thesis elucidates an intra-active interpretation of identity design as on-going processes of collectively re-making network apparatuses and identity phenomena, moving beyond the limits of centralising and commercial models. It constructs the designer-researcher's role in making space for identity play through taking on the network. The Creative Exchange (CX) – a UK Arts & Humanities Research Council Knowledge Exchange Hub – provided the space to collaborate and research with diverse consortia of designer-researcher participants and their networked audiences to explore the possibilities of digital public space. The methodology employed by the thesis is grounded theory research through design underpinned by a ""diffractive"" research stance, with theory and practice read iteratively through each other. I have collected and critically analysed data using ""design conversations"" with materials, participants and audiences, through multiple projects and prototypes, bounded by the CX Hub and its activities over five years. The thesis constructs three prototype design patterns to make space for the identity play of networked publics from my practice as a designer-researcher: Sticking together, Fashioning our own belongings and Taking on the network. Each pattern produces an intersection of practices of identity design, networked public participation and design research. The design pattern of Sticking together offers ways of using assemblage to create anonymity and reputation. It calls for and requires the solidarity of collective assembly and ways to make identity play commonplace. Fashioning our own belongings investigates possessions as embodied networked apparatuses of identity, and audience relations as belonging. This design pattern grasps network function and fosters pseudonymity (dis)ownership. Taking on the network is formulated as a performance of inversion by publics through the resistance of the carnivalesque and the responsibility of infrastructural inversions. Taking on the network provides the overarching framework for the design patterns to take on the functions and models of cloud infrastructures. These findings demonstrate how identity design by publics requires active forms of network literacy that comprehend the network intra-actively, and that it is possible to take on the network by contesting cloud identity apparatuses and models. The design patterns make space for the identity play that, importantly, enables critical and creative anonymity practices to take place. The research offers identity play as a public critical infrastructure with benefits for the resilience and creativity of networked publics. It lends support to designers to reconfigure their part in identity design. The original contributions to knowledge are: (1) prototype design patterns for making space for the identity play of networked publics; (2) an articulation of the design space for identity play; (3) a diffractive form of design pattern that entails multiple intersecting practices; and (4) an intra-active interpretation of the discipline of identity design.",https://researchonline.rca.ac.uk/4268/1/takingonthenetwork_bendalton_archive.pdf,https://researchonline.rca.ac.uk/4268/1/takingonthenetwork_bendalton_archive.pdf,public-domain,green,0,3,sistema=0;relevancia-campo=3,candidato-por-metadados,Descoberta bibliográfica; análise posterior.
20260907T171423Z,1.2.0,"""conversation design""",OpenAlex,https://openalex.org/W7134998133,,"Tracing the Roots of Racial Profiling: Gender Bias, Socio-Economic Factors, and Police Encounters With Black Youth in Toronto's Eglinton West",2025,Tenisha Keyana Noel,dissertation,"This study critically investigates the intersection of race, gender, and socio-economic status in shaping the policing experiences of Black youth in Toronto’s Eglinton West, with a specific focus on the Toronto Police Service’s 13 Division. Drawing on Critical Race Theory and Intersectionality, this research explores how systemic biases, urban spatial politics, and institutional practices contribute to the over-policing and criminalization of Black youth in a historically Black neighbourhood undergoing rapid socio-economic transformation. Through a mixed-methods approach, including an in-depth conversation with a community worker and historical-spatial analysis of census data, this study provides insight into how enduring stereotypes of Black masculinity and the invisibilization of Black femininity produce distinct forms of state violence. These experiences are compounded by economic marginalization, racialized surveillance practices such as carding, and the erosion of community spaces due to gentrification. A comparative analysis with Jane and Finch highlights how policing dynamics and community experiences differ across historically Black neighbourhoods in Toronto. While Eglinton West has experienced significant gentrification and displacement pressures, Jane and Finch’s high-rise environment shapes distinct patterns of surveillance, social isolation, and community resilience. Contrasts in local infrastructure, social spaces, and cultural hubs reveal how the urban environment interacts with systemic biases to produce varied forms of state violence and community coping mechanisms. By situating these policing practices within broader historical and policy frameworks, the research identifies how racial profiling persists despite legal reforms and public scrutiny. Ultimately, the study offers evidence-based policy recommendations centred on equity, community empowerment, and transformative justice, highlighting the need for structural change in both policing and social investment to address the compounded vulnerabilities faced by Black youth in urban Canadian contexts.",https://hdl.handle.net/10315/43628,https://yorkspace.library.yorku.ca/bitstreams/e9a064e0-e699-48dd-a630-70baf5650177/download,,green,0,3,sistema=0;relevancia-campo=3,candidato-por-metadados,Descoberta bibliográfica; análise posterior.
20260907T171423Z,1.2.0,"""conversation design""",OpenAlex,https://openalex.org/W2401128903,,The relationship between the theory of transformational leadership and data use in schools : an exploratory study,2011,Elisabeth Goodnow,dissertation,"Nationwide reform efforts strive to improve schooling through a range of approaches including improving the quality of campus leadership, restructuring organizational design, and revamping instruction. National and state education policies reflect the reforms addressed in educational research literature and drive state, district, and campus based improvement initiatives. For example, the more recent influence of the No Child Left Behind Act (NCLB) and the Adequate Yearly Progress (AYP) accountability system has led to a significant increase in the use of data to drive instructional decision-making. Campus leadership is key to both the successful implementation of data initiatives (Wayman and Stringfield, 2006) as well as comprehensive reform efforts (Leithwood & Jantzi, 2005). The literature provides a wide array of leadership theories that offer promise in understanding more effective approaches to leading school improvement efforts; however, much of this literature remains conceptual and vague (Leithwood, Harris, & Hopkins 2008). Data use has gained increasing attention in the literature as well, but the research lacks a strong conceptual framework for leadership. The purpose of this paper is to view data use through the lens of Leithwood’s model of Transformational Leadership in order to explore the linkages between the leadership theory and data use practices and to offer a framework that situates data use as a tool to increase all students’ academic performance and build a democratic and socially just learning organization. The linkages between Transformational Leadership and data use are presented as both bodies of literature are reviewed. The study was guided by the following questions: 1) What are the levels of Transformational Leadership Behaviors exhibited at each campus? 2) What are the data use practices being implemented on each campus? 3) What is the relationship between Transformational Leadership and data use? Two schools served as the sites for the research which drew on both quantitative and qualitative data sources to address the research questions. Results and findings show evidence of Transformational Leadership Behaviors that linked closely with the data use practices. The final discussion offers a preliminary conceptual framework delineating the intersection between the theory of Transformational Leadership and data use in schools.",http://hdl.handle.net/2152/30990,https://repositories.lib.utexas.edu/bitstreams/876b11ee-a3a6-4d1b-9e0a-20d2ae14c96e/download,,green,0,1,sistema=0;relevancia-campo=1,candidato-por-metadados,Descoberta bibliográfica; análise posterior.
20260907T171423Z,1.2.0,"""conversation design""",OpenAlex,https://openalex.org/W2902266571,,Towards extended purposive conversations: an exploration of interactions between three educators and young children in early childhood education and care settings in urban areas designated as disadvantaged,2011,Geraldine French,dissertation,"In Ireland there is an unprecedented policy focus on education and care for children \nin the years before compulsory schooling. This policy focus is warranted. Studies \nhave demonstrated that for young children, particularly those living with the \ninjustice of poverty, high quality education and care leads to measurable gains in \nthinking and social skills. These gains are primarily determined by the quality of \neducator-child interactions. However, due to a dearth of research on these \ninteractions in Ireland, there is little knowledge of the actual pedagogical practices \nto support children’s learning being implemented in early education and care \nsettings. There is, therefore, a lack of insight into how learning and development \nopportunities might be maximised in those contexts. \nDrawing from socio-cultural theory, contextualised within educational inequality, \nthe study is qualitative in nature, informed by an interpretive paradigm and employs \na case study research strategy. The focus of this thesis is on scheduled small group \nlearning experiences, with a particular emphasis on the interactions between three \neducators and three to four year old children in three selected early childhood \neducation and care settings, in urban areas designated as disadvantaged. Research \nin Ireland has highlighted the link between educational inequality, variation in \nlanguage use and success in primary school. Early childhood settings, in areas of \ndisadvantage, have a significant role in providing the kinds of language experiences \nthat will support children to engage with and make the kinds of meanings that are \nexpected at school. These kinds of language experiences can be acquired through \nextended purposive conversations between educators and children. \nThe findings suggest that the educators established warm reciprocal \nrelationships with the children and engaged in interactions that could be seen as \nenhancing social and emotional development. However, they may need to \nemphasise interaction strategies such as open-ended questioning to engage \nyoung children in extended purposive conversations. The fuel for such \nconversations could be in enriching, cognitively challenging and meaningful \nscheduled small group learning experiences. The findings have implications for \nthe implementation of the Free Pre-School Year, implementation of the \nWorkforce Development Plan and the content of early childhood education and \ncare tiaining programmes.",http://doras.dcu.ie/22508/,http://doras.dcu.ie/22508/,cc-by-nc-nd,green,0,3,sistema=0;relevancia-campo=5,candidato-por-metadados,Descoberta bibliográfica; análise posterior.
20260907T171423Z,1.2.0,"""conversation design""",OpenAlex,https://openalex.org/W3173854626,https://doi.org/10.32658/10497/22832,Educational digital storytelling for character and citizenship education in a Singapore primary school: a design-based research study,2020,"Wu, Jing",dissertation,"This study reports on a two-cycle design-based research in a Singapore Character and Citizenship education (CCE) primary classroom. Literature review suggests a constructive pedagogical approach in CCE learning, particularly dialogue-based learning integrated with everyday experience. In Singapore context, intervention studies are generally lacking. More studies are either policy studies or baseline research. There is a need for exemplary cases and development of design principles. Educational digital storytelling (EDS) was thus introduced. Five orientations were identified, and the reconstructive EDS was proposed for the context. An initial set of STORM (skills, thinking, options, reflection, and making) design principles were further distilled to inform the research design. Specifically, the study aims to answer three research questions.",https://doi.org/10.32658/10497/22832,https://repository.nie.edu.sg/bitstreams/38c596e2-7d41-419a-bd12-74b795258494/download,,gold,0,2,sistema=0;relevancia-campo=2,candidato-por-metadados,Descoberta bibliográfica; análise posterior.
20260907T171423Z,1.2.0,"""conversation design""",OpenAlex,https://openalex.org/W3169915638,https://doi.org/10.46289/busm1597,Clients´ Perceptions of Sales Force Expert Power,2019,Stefan Fricke,dissertation,"Expert power is based on the awareness that a person in a power relationship possesses valuable knowledge, information, or skills (Raven, 1992, 2008). It builds customer trust, long-term relationships, customer satisfaction, loyalty, and exit barriers. The buyer´s preferences for a product or solution are shaped by sales force expert power (Doney & Cannon, 1997; Clauss & Bouncken, 2018). With these preferences, the buyer participates in the decision-making process, where the mechanisms of organisational buying find application. However, what remains unclear is which attributes a buying centre specifically associates with sales force expert power, when and how the perception of sales force expert power alters in the buying process, also which factors are responsible for it are issues that have not yet been discussed in the context of group decision-making in buying centres, and finally to what extent does sales force expert power influences the decision frame of each member of the buying centre. To address these gaps, the aim of the study is to create an approach by which sales forces can consciously manage and enhance the clients´ perceptions of sales force expert power. For this purpose, Alpha Software customers from various industries were interviewed immediately after their purchase decision regarding the perception of sales force expert power and what influence this perception had on the buying centre’s decision. The findings of the study indicate an overload of sales force expert power can lead to mistrust and uncertainty. The perception of sales force expert power is important in all stages of the buying process. In early stages product knowledge is perceived more strongly while the perception of change knowledge in final stages predominates. Information exchange and recommendations lose their impact due to an unprofessional approach to change which minimises the perception of expert power significantly. Due to the intensity of change and how the change is perceived the perception of sales force expert power alters. Business customers, unlike consumers, expect a professional approach to change rather than benevolence. The interviewed clients perceive the software conversion project as a change project and expect the sales force to be approached and addressed accordingly. Change knowledge is cited as an important attribute for sales force expert power, which can advance the clients´ perceptions of sales force expert power.",https://doi.org/10.46289/busm1597,https://eprints.glos.ac.uk/9670/1/9670_Stefan_Fricke_%282019%29_PhD_Thesis_Clients_Perceptions_of_Sales_Force_Expert_Power.pdf,,gold,0,2,sistema=0;relevancia-campo=2,candidato-por-metadados,Descoberta bibliográfica; análise posterior.
20260907T171423Z,1.2.0,"""conversation design""",OpenAlex,https://openalex.org/W7209310530,,2019 Summer Florida International University Commencement,2019,Florida International University,article,Program for the 2019 Summer Florida International University Commencement.,https://digitalcommons.fiu.edu/commencement_programs/3,https://digitalcommons.fiu.edu/commencement_programs/3,,green,0,0,sistema=0;relevancia-campo=0,candidato-por-metadados,Descoberta bibliográfica; análise posterior.
20260907T171423Z,1.2.0,"""conversation design""",OpenAlex,https://openalex.org/W2600586352,,The Community College Baccalaureate And Adult Students: A Qualitative Analysis,2012,Angela Kersenbrock,article,"The focus of this qualitative research was to investigate the motivations, experiences, and constructs of non-traditional adult students who elected to enroll in community college baccalaureate programs. The participants in this investigation were a homogeneous sample of adult students who had priorities other than school, such as employment and families. The research questions which guided the study sought to explore the narratives adult students shared of their reasons for choosing to enroll in a community college baccalaureate degree program, how they described meaning to having access to these new degrees, and what impact the community college baccalaureate had on the decision to return for the bachelor degree. The voices of the students were captured during semi-structured individual interviews. Six central themes emerged from the data gathered: Resiliency vs. Obstacles: Managing Life, Finding Self Through Intrinsic and Extrinsic Motivational Factors, The Community College Degree as Key to Economic Stability, Limited Alternatives to Baccalaureate Degree Attainment, Importance of Communality to Adult Students Feelings of Belonging, and Neither Difference nor Disadvantage to Obtaining a Community College Baccalaureate Degree. The study’s results led to recommendations and implications for legislators, higher education faculty and administrators, and admissions and marketing specialists.",https://stars.library.ucf.edu/etd/2395,https://stars.library.ucf.edu/cgi/viewcontent.cgi?article=3394&context=etd,other-oa,green,0,0,sistema=0;relevancia-campo=0,candidato-por-metadados,Descoberta bibliográfica; análise posterior.
20260907T171423Z,1.2.0,"""conversation design""",OpenAlex,https://openalex.org/W4285735343,https://doi.org/10.20919/opxr1032/40,Using triadic reflective dialogue to support active learning,2022,Conor Mellon,book-chapter,"Context forms the wallpaper for all the other conditions and processes and serves to shape the professional conversations but at the same time is shaped by them.Contexts include national, jurisdictional, sector, region and school contexts, as well as the professional learning context in which the conversations are situated.These enablers are the conditions and processes that support professionals to examine the effectiveness of their practice and be committed to make appropriate changes for improvement. AITSL commissioned",https://doi.org/10.20919/opxr1032/40,https://www.aitsl.edu.au/docs/default-source/default-document-library/professional-conversations-literature-review-oct-2015.pdf?sfvrsn=fc2ec3c_0,cc-by,gold,0,2,sistema=0;relevancia-campo=2,candidato-por-metadados,Descoberta bibliográfica; análise posterior.
20260907T171423Z,1.2.0,"""conversation design""",OpenAlex,https://openalex.org/W7113476726,,Agile-Driven Framework for Secure and Compliant Healthcare Data Migration,2025,"Krishnamurthy, Harinath; Sardroudi, Mohammad",dissertation,"Data migration in regulated healthcare settings presents a significant socio-technical challenge, caught between the demand for agile development and the strict mandates of compliance. This thesis addresses this conflict using a Design Science Research (DSR) methodology to develop and validate an integrated framework for organizations operating under the General Data Protection Regulation (GDPR) and the Health Insurance Portability and Accountability Act (HIPAA). The framework was iteratively refined and validated through the qualitative analysis of feedback from twelve senior industry experts. The final artifact is a practical five-phase model encompassing Preparation, Planning & Compliance, Execution, Validation, and Change Management. It provides a clear roadmap that embeds role clarity, iterative validation checkpoints, and sprint-aligned compliance deliverables. The core conclusion of this research is that migration success is less dependent on technical execution and more contingent on an organization’s holistic readiness for change. For practitioners, this thesis offers an actionable tool to decrease risk of complex migrations and ensure regulatory adherence. For academia, it provides a theoretical contribution by operationalizing Organizational Readiness Theory to create a model that reconciles the long-standing conflict between agility and compliance-by-design.",http://urn.kb.se/resolve?urn=urn:nbn:se:uu:diva-568054,https://uu.diva-portal.org/smash/get/diva2:2001434/FULLTEXT01,other-oa,green,0,1,sistema=0;relevancia-campo=1,candidato-por-metadados,Descoberta bibliográfica; análise posterior.
20260907T171423Z,1.2.0,"""conversation design""",OpenAlex,https://openalex.org/W4239676897,https://doi.org/10.19173/irrodl.v14i2.1563,"IRRODL Volume 14, Number 2",2013,Various Authors,article,"University, and the Dutch Open University, as well as other researchers working in the OER field. The articles begin with a case study of an OER implementation followed by a rationale for using OER on mobile learning and a description of developing content for use on mobile devices. Other articles explore the longterm sustainability of",https://doi.org/10.19173/irrodl.v14i2.1563,https://www.irrodl.org/index.php/irrodl/article/download/1563/2521,cc-by,diamond,0,0,sistema=0;relevancia-campo=0,candidato-por-metadados,Descoberta bibliográfica; análise posterior.
20260907T171423Z,1.2.0,"""conversation design""",OpenAlex,https://openalex.org/W2254887839,,Connecting Professional Orientation to Professional Community,2015,Andrew Barron,dissertation,"University of Minnesota Ph.D. dissertation. October 2015. Major: Organizational Leadership, Policy, and Development. Advisor: Karen Louis. 1 computer file (PDF); v, 144 pages.",http://hdl.handle.net/11299/175710,http://hdl.handle.net/11299/175710,,green,0,0,sistema=0;relevancia-campo=0,candidato-por-metadados,Descoberta bibliográfica; análise posterior.
20260907T171423Z,1.2.0,"""conversation design""",OpenAlex,https://openalex.org/W3173343182,,Teacher Retention and Attrition in Missouri: Who Should Solve the Problem? A Three-tiered Analysis of Teacher Retention and Attrition in Missouri,2021,Joshua Flores,article,"Abstract Teacher attrition is an ongoing issue in the United States and more specifically in the state of Missouri. This dissertation, using a three-tiered analytical approach, offers suggestions, recommendations, and strategies, aside from raising salaries or increasing benefits packages, that schools, their districts, and leaders can implement to bolster teacher retention. The findings are based on the practices of successful districts, buildings, and leaders. The first level of research included semi-structured interviews with district level personnel to offer guidance and recommendations that can be implemented at the local school district level. Similarly, the second level of research utilized the same research method to uncover practices, programs, and policies implemented at the building level that increase teacher retention according to school leaders. For the third level of research, teachers in public schools that participated in the other levels of research completed an anonymous online survey to measure the impact that a variety of factors have on a teacher’s decision to remain in their current position. The recommendations and conclusions derived from each of these tiers of research are then further reviewed to provide insight into which level of education should be the driving force behind efforts to raise teacher retention and lower teacher attrition.",https://irl.umsl.edu/dissertation/1032,https://irl.umsl.edu/dissertation/1032,,green,0,0,sistema=0;relevancia-campo=0,candidato-por-metadados,Descoberta bibliográfica; análise posterior.
20260907T171423Z,1.2.0,"""conversation design""",OpenAlex,https://openalex.org/W3083282226,,Using Formative Assessment of MAP Data to Shape Instructional Practices,2020,Jeremy J. Wagner,dissertation,"A school district in the Southwestern United States identified gaps in student performance on 3rd grade math standards and implemented the Measures of Academic Progress (MAP) provided by the Northwest Evaluation Association so that K-2 teachers might better inform their instruction of math standards. The problem was that the district needed to determine the ways in which MAP has changed formative assessment practices. A qualitative case study was conducted using the 5 components of formative assessments identified by Laud and Patel as a conceptual framework. The research questions asked about how formative assessment of students reflects the 5 components in the framework and the manner in which the formative assessment of data informs the types of professional development of teachers at the campus. Interviews with 7 teachers and 2 administrators and observations of local campus data meetings were collected and analyzed using a combination of open and a-priori coding techniques. Results indicated that some teachers had effectively incorporated some of the critical components of formative assessment, while others held beliefs about students and assessments that prevented them from being effective. Furthermore, most teachers used data other than MAP to assess students partially due to lack of knowledge about MAP. A 3-day professional development (PD) for teachers was created to inform the formative assessment of student data for the campus as the MAP assessments are implemented. Implications for social change include that formative assessment practices developed during the PD can be implemented at the research site, the district, and possibly further, thus improving academic performance and growth, particularly for students from low socioeconomic backgrounds.",https://scholarworks.waldenu.edu/dissertations/9293,https://scholarworks.waldenu.edu/cgi/viewcontent.cgi?article=10564&context=dissertations,,green,0,1,sistema=0;relevancia-campo=1,candidato-por-metadados,Descoberta bibliográfica; análise posterior.
20260907T171423Z,1.2.0,"""conversation design""",OpenAlex,https://openalex.org/W2203106,,Using realistic evaluation principles to evaluate an intervention utilising a collaborative problem solving framework aimed at supporting the reflective practice of multi-professional groups of practitioners in two children’s centres,2010,Emma Thornbery,dissertation,"The focus of this volume is on reflective practice. It presents a literature review relating to reflective practice and its development and an account of a research and development initiative aimed at promoting the development of reflective practice in Children‟s Centres. The Introductory Chapter provides an overview of the structure and contents of the volume as well as an explanation of the context in which the research study was completed and an account of the influence of a social constructivist perspective and empowerment research on the position of the researcher and the focus of the study. It also provides details regarding the completed and proposed dissemination of findings for a variety of audiences. Chapter 2 provides a review of the literature in relation to five broad questions but with a particular focus on the role of the Educational Psychologist in supporting organisational development through developing reflective practice. Literature regarding reflective practice is reviewed and used to inform the development of the focus for the research study which is presented in Chapter 3. The study involved the design, implementation and evaluation of an intervention aimed at supporting the reflective practice of practitioners in two Children‟s Centres. Realistic Evaluation principles were used to inform the design of the evaluation which measured the impact of the intervention through gathering the practitioners‟ perspectives. Implications for the role of Educational Psychologists in supporting reflective practice are also highlighted and discussed within Chapter 4.",http://uilis.unsyiah.ac.id/opentheses/items/show/42133,http://uilis.unsyiah.ac.id/opentheses/items/show/42133,,green,0,3,sistema=0;relevancia-campo=3,candidato-por-metadados,Descoberta bibliográfica; análise posterior.
20260907T171423Z,1.2.0,"""conversation design""",OpenAlex,https://openalex.org/W2510938927,,Coaching and recovery : an exploration of coaching employed professionals in recovery from alcohol misuse,2015,Thobias Solheim,dissertation,A huge debt of gratitude must go to my patient and vigilant,http://hdl.handle.net/10019.1/99461,http://hdl.handle.net/10019.1/99461,public-domain,green,0,0,sistema=0;relevancia-campo=0,candidato-por-metadados,Descoberta bibliográfica; análise posterior.
20260907T171423Z,1.2.0,"""conversation design""",OpenAlex,https://openalex.org/W4414328950,https://doi.org/10.1007/s12369-025-01320-8,System Development and Evaluation of a Social Robot as a Public Speaking Coach,2025,Delara Forghani; Samira Rasouli; Moojan Ghafurian; Mélanie Jouaiti; Chrystopher L. Nehaniv; Kerstin Dautenhahn,book-chapter,"Presentation rehearsal is an essential activity that significantly impacts the quality of presentation delivery, especially for novice presenters, such as university students. However, rehearsals are often not done appropriately, or lack constructive feedback. To encourage effective presentation rehearsal, we devised a system involving a social humanoid robot acting as a public speaking coach, analyzing students’ presentations and providing feedback. We monitored acoustic aspects of speech, speech prosodies, and eye contact maintenance during presentations. Our aim was to assess robot acceptance, participants’ sense of interpersonal closeness with the robot, and perceived human nature attributes of the robot. This study presents the system development, followed by evaluations with 50 university students, as well as an evaluation by a public speaking coach. We found that the students, on average, gave high acceptance scores for the robot and reported moderate interpersonal closeness with the robot, and attributed human nature attributes to it. Additionally, an expert public speaking coach found the system to be able to provide reliable and relevant feedback to students considering their performance, and he also gave useful insights on potential improvements of the system.",https://doi.org/10.1007/s12369-025-01320-8,https://link.springer.com/content/pdf/10.1007/s12369-025-01320-8.pdf,cc-by-nc-nd,hybrid,0,1,sistema=0;relevancia-campo=1,candidato-por-metadados,Descoberta bibliográfica; análise posterior.
20260907T171423Z,1.2.0,"""conversation design""",OpenAlex,https://openalex.org/W2760360950,https://doi.org/10.83056/mmu.32478804,The concept of ‘boundary’ within the field of counselling,2026,Peter Blundell,dissertation,"The concept of ‘boundary’ is ingrained within the counselling literature and ethical frameworks and is often reported by counsellors as part of their experience of counselling. Yet the academic research base in the United Kingdom (UK) upon which the concept is based is limited, with much being derived from the American psychiatric and psychotherapy literature. There is an even greater absence of UK research which considers the concept of boundary from the counsellors’ perspective. This thesis seeks to begin to address that gap in knowledge. It presents qualitative research which explores in depth how counsellors understand and experience the concept of boundary in their practice. Using a phenomenological approach, interviews were completed with seven qualified and practicing counsellors in the UK. These interviews are analysed using multiple qualitative methods. These methods produced their own methodological insights. Six major findings are identified in the interviews: the participants had an idiosyncratic understanding of ‘boundary’ which means no single definition can be stated. Participants find it difficult to define boundaries but are easily able to articulate how they responded to ‘boundary issues’. Participants have their own ‘boundary attitude’ that is their own unique general approach to boundaries which is mainly influenced by their own values and beliefs. This approach does not necessarily correlate with their modality’s traditional view of boundaries. Participants’ feelings of shame (or their apprehension of feeling shame) is a highly influential factor in how they respond to boundary issues. Participants respond to boundary issues with defensive practice when they experience feelings of shame or are fearful of experiencing shame. Participants use a thickening of boundaries to protect themselves from the threat of experiencing shame. This thesis proposes two models based on the participants’ understandings and experience of ‘boundary’. The Boundary Process Map charts out the overall process of how participants experience boundary issues in their practice. The Boundary Response Model (BRM) identifies more specifically how participants respond to boundary issues. These models have influenced the creation of two sets of questions; Boundary Attitude Questions and Boundary Issue Questions which can be used by counsellors, supervisors and trainers to support counsellors in exploring their general attitude and understanding towards boundaries whilst also exploring their response to specific boundary issues. This thesis is the first study to explore boundaries from the perspective of the counsellor. Therefore, this research offers valuable new insights into the concept whilst also identifying potential new areas of study. Furthermore, this research proposes new insights for training and practice of counsellors when working with boundary issues including terminological recommendations.",https://e-space.mmu.ac.uk/618828/1/amended%20FINAL%20THESIS%20BLUNDELL%202017.pdf,https://e-space.mmu.ac.uk/618828/1/amended%20FINAL%20THESIS%20BLUNDELL%202017.pdf,,green,0,0,sistema=0;relevancia-campo=0,candidato-por-metadados,Descoberta bibliográfica; análise posterior.
20260907T171423Z,1.2.0,"""conversation design""",OpenAlex,https://openalex.org/W2984790010,,Talking to Transform - Aesthetic Experiments in Conversational Inquiry,2019,Aaron Finbloom,dissertation,"This dissertation is an investigation into conversation practices of transformative inquiry examples of which lie across philosophical, therapeutic, spiritual and pedagogical disciplines and include: Socratic dialogue, Community of Philosophical Inquiry, Philosophy for Children, Psychodrama, Psychoanalysis, Authentic Relating practices, Quaker Meetings, confessionals, dialogic pedagogies. My central claims are that these practices contain linguistic and paralinguistic techniques which: 1) perform functions of transformative inquiry 2) can perform these functions apart from the institutions, communities and ideologies typically tied to these techniques 3) can be aesthetically re-combined and re-deployed within artistic formats to expand the scope of these performative functions. \n \nI begin this study by a close investigation of a singular practice – Socratic dialogue – arguing how it was a live, performative practice which relied on techniques of questioning, clarifications, brachylogia, facilitation and role-play, and showing how these techniques moved in and out of play through interlocutory negotiations of power, desire and investment. The focus widens as I create a glossary of conversational techniques of transformative inquiry drawn from dozens of conversation practices. This glossary arranges techniques by their linguistic, paralinguistic and non-linguistic functions and analyzes how each technique performs transformative inquiry through the following variables: noticing, affective and conceptual clarity, opening and closing, expressivity, and focus. What follows is an analysis of Tino Sehgal’s This Progress which draws on the performative functions of the glossary to show how a contemporary work of art can utilize conversation techniques of transformative inquiry. I then conduct a more systematic analysis of how artworks can utilize techniques of transformative inquiry by examining: how conversation is deployed in artworks, how semantic determinacy or indeterminacy is negotiated, how determinate aspects can be notated or scored, questions of audienceship and witnessing, and how the transformative inquiry itself changes when conducted within a work of art. This leads into an extended study of my own art practice of developing conversation pieces for transformative inquiry, a practice which expands the reflexivity and reflectivity of transformative inquiry itself. I conclude with a brief investigation into how my own practice is para and pata-philosophical by examining key concepts of philosophical inquiry – expertise, techne, poiesis, eidos, immanence, logos, repetition.",https://spectrum.library.concordia.ca/985590/1/Finbloom_PhD_F2019.pdf,https://spectrum.library.concordia.ca/985590/1/Finbloom_PhD_F2019.pdf,other-oa,green,0,1,sistema=0;relevancia-campo=1,candidato-por-metadados,Descoberta bibliográfica; análise posterior.
20260907T171423Z,1.2.0,"""conversation design""",OpenAlex,https://openalex.org/W2504579548,,A multidimensional coding system for describing verbal interactions of teachers and children.,1984,B Z. Perman-Cohen,dissertation,"The present research is a system for coding the verbal interactions of teachers and children. Its purpose is to facilitate the interdisciplinary study of the teaching-learning process as one instance of the general communicative process. The coding system is based on data collected in conversations recorded on audio tapes in a dyadic setting between hearing-impaired children and their teachers in two schools in Great Britain. Hearing-impaired children were studied because a wide range of linguistic, cognitive, and affective competencies can be found amongst them. In addition, their communicative behaviours and those of their teachers tend to be exaggerated in many respects; thus, it is easier to study these behaviours in such a population than in the general population. The coding system is also based on previously developed coding systems and other research studies on various aspects of conversation and discourse processes. It includes procedures for dividing the conversation into units (""moves""), and for assigning a pedagogical function (soliciting, responding, reacting, structuring) to each move. The categories and codes describing the pedagogical function of reacting for both. teachers and children are greatly expanded over those found in other systems so that (a) the role of the teacher as reactor and as active listener, as well as solicitor, can be described, and (b) the child's role in the teaching-learning process can be studied. Each move is coded with respect to seven categories (""details""), including: pausing, turntaking, language, cognitive level, conversational function, and link to other moves. A conceptual framework for the coding system was developed that divides teacher and child behaviours into five levels, each higher level reflecting a relative increase in the degree of dependence of behaviours assigned to that level upon other aspects of the conversational context. It is suggested that this is a useful model for coding verbal interaction. It is further suggested that the design and format of the coding system can serve as a model for other systems for coding interaction. Procedures for testing reliability of the coding system are outlined. The general test of reliability which was conducted resulted in better than 907. agreement between coders. Three closely interrelated features of the conversational setting were selected as the primary focus of the coding systems the control exercised by the teacher over the nature and extent of the child's participation, the control exercised by the teacher over the unfolding of the subject matter, and the actions taken by the teacher in response to the nature and extent of the child's participation. Preliminary analysis of some of the coded data suggests that teachers exercise control over the nature and extent of a child's participation by the responses they prescribe and the language and cognitive levels they solicit, as well as through their pausing and turntaking behaviour. The control exercised by teachers over the unfolding of the subject matter is reflected in sequences of moves within segments of the interaction, as well as in sequences of segments. Thus, trains of thought can be described. The actions taken by teachers in response to the nature and extent of the child's participation provide feedback to the child that he can use to evaluate the appropriateness and correctness of his participation, and also an opportunity for the teacher to continue or alter the type and degree of control previously used. On the basis of preliminary analysis of the data it is hypothesized that the quality of interactions between hearing-impaired children and their teachers may greatly influence the linguistic, cognitive, and affective growth of the children. The process by which this may occur is discussed. It is thought that messages about the nature of conversation, about the functions language serves in conversation, and about the roles of the participants are conveyed through combinations and patterns of behaviours. Over time, such messages are internalized by each participant, creating in each a set of beliefs and expectations that influence future interactions. It is suggested that the coding system might be used in studying verbal interaction in the general population as well, and may be especially valuable for studying the interactions of children and their caregivers. It is also said to have potential for advancing our theoretical understanding of the interdependence of the linguistic, cognitive, and affective components of the teaching-learning process.",http://hdl.handle.net/10068/480066,,,closed,0,3,sistema=0;relevancia-campo=5,candidato-por-metadados,Descoberta bibliográfica; análise posterior.
20260907T171423Z,1.2.0,"""conversation design""",OpenAlex,https://openalex.org/W4412247552,,Intensive Care Unit Follow-Up Participatory Design of the ICU Follow-Up when Patients Transfer from the ICU to a General Ward,2022,Kija Lin Østergaard,other,"Denne ph.d.-afhandling handler om samarbejdet mellem intensivsygeplejersken og sygeplejersken på sengeafsnittet og den opfølgningsplejeplan, som intensivsygeplejersken udfylder og som er gældende de første 24 timer efter overflytningen. Problem: Det aktuelle intensivafsnit havde indført opfølgning efter overflytning af en patient til et sengeafsnit tilbage i 2008, men ikke evalueret på arbejdet. Intensivafsnittet havde en oplevelse af, at sengeafsnittene ikke modtog opfølgningsplejeplanen godt, og at det gik ud over patienterne, som blev genindlagt på intensiv, fordi planen ikke blev udført. Det var til stor frustration for sygeplejerskerne på intensiv, og de kunne ikke forstå, hvorfor sengeafsnittenes sygeplejersker ikke udførte den detaljerede plan. Problemstillingen førte til følgende forskningsspørgsmål Hvordan kan sygeplejersker etablere en forståelse for hinandens arbejde i overflytningen af en patient fra intensiv til et sengeafsnit og hvad betyder den forståelse i koordineringen af overflytningen og opfølgningen? Metode: Projektet benytter en brugerdrevet design tilgang for at få indblik i overflytningen af en patient fra intensiv til et sengeafsnit og modtagelsen af patienten med opfølgningsplejeplanen på sengeafsnittet. Både intensiv- og sengeafsnit blev inddraget i processen omkring afdækning af problemet. Intensiv- og sengeafsnit havde på daværende tidspunkt ikke delt sygeplejedokumentation. Derfor faldt valget på Imatis-tavlerne til brug af den nye opfølgningsplejeplan. Imatis-tavlerne var elektroniske oversigtstavler, hvor blandt andet kommende undersøgelser og resultater for patienter blev vist. De var hængt op i fælles kontorer på de respektive afsnit og al personale kunne interagere med informationen tilgængelig på tavlerne. Der deltog i alt 85 sygeplejersker i de indledende workshops, hvor problemerne blev identificeret. Her designede deltagerne også de første skitser til, hvordan den nye opfølgningsplejeplan skulle se ud og processen omkring overflytningen o g opfølgningen. Efterfølgende b lev der afholdt to designworkshops, hvor alle fire afsnit var repræsenteret. Afslutningsvist blev der afholdt to evalueringsworkshops. Resultater: The Handover from Intensive Care Unit to General Ward (K. L. Østergaard et al., 2019) afslører behovet for en ny tilgang til opfølgning af patienter, efter de overflyttes fra intensive til et sengeafsnit. I dette baseline studie afdækkes fakta omkring opfølgningen, som den var og resultatet er noget anderledes end først forestillet. Studiet afslører også, at manglende opfølgning kan have fatale konsekvenser for patienten. Examining situated design practices (K. L. Østergaard et al., 2018) beskriver de deltagende sygeplejerskers designproces. Læringen i designprocesserne skabte en ny forståelse for hinandens arbejde. Forståelsen af egen og andres betydning i arbejdet med og omkring patienten skabte en eksplicit anerkendelse af og respekt for hinanden og hinandens arbejde. Med den nye forståelse af eget og andres arbejde blev det tydeligt, at det første designudkast til opfølgningsplejeplanen ikke ville fungere, som den var – en checkliste, der skulle ”vinges af ”, når en detaljeret beskrivelse af en proces var udført og på et bestemt tidspunkt. A New Model for ICU follow-up (K. Østergaard, 2022) beskriver sygeplejerskernes andet design af opfølgningsplejeplanen. Her beskrives, hvordan den nye plan er anderledes fra den mere traditionelle checkliste og hvordan planen bruges i klinisk praksis. Sygeplejerskernes nye plan er designet ud fra det perspektiv, at intensivsygeplejersken har en ekspertise og arbejdsrutine og sygeplejersken på sengeafsnittet en anden. Begge er bedst inden for deres eget arbejdsområde, hvorfor den nye plan giver plads til, at sygeplejersken kan inddrage sin ekspertise i forhold til planen og inden for egne arbejdsrutiner. Til gengæld kræver den nye plan også, at sygeplejersken tager ansvar for patienten og de elementer, der indgår i opfølgningen. Sygeplejerskernes nye opfølgningsplejeplan blev desværre forhindret i implementering på Imatis-tavlerne. Det skete af politiske og organisatoriske grunde og dette ph.d.-projekt havde desværre ingen indflydelse på denne beslutning. Derfor var det ikke muligt at evaluere en full scale implementering af den nye opfølgningsplejeplan. Planen blev testet i papirudgave og i langt mindre skala. Den præliminære evaluering er uddybet i kapitel 9 i denne afhandling og fremhæver, hvor vigtigt det er at involvere brugere og ikke mindst potentialet for PD blandt andet indenfor det danske sundhedsvæsen. Sygeplejerskerne fremhævede, at det var første gang, at de var blevet spurgt om noget, der havde direkte indflydelse på deres kliniske hverdag og at det fik dem til at føle et stort ejerskab for den nye opfølgningsplejeplan. De var meget frustrerede over, at deres design ikke måtte implementeres. Konklusion: Den overordnede konklusion er, at for at sygeplejersker kan etablere en forståelse for hinandens arbejde i overflytningen af en patient fra intensiv til et sengeafsnit, må de mødes og skabe en fælles forståelse. Gennem den fælles forståelse kan de først der koordinere overflytningen og opfølgningen med respekt for hinandens ekspertise og arbejdspraksisser og med fælles mål for patienten. Participatory design har været en vigtig tilgang i projektet for at kunne opnå denne forståelse. Tilgangen har desuden ført til en styrket innovation og et styrket samarbejde mellem sygeplejerskerne på intensiv og sengeafsnittene. Den styrkede innovation har vist sig i sygeplejerskernes designprodukt, som afspejler en respekt og forståelse for hinandens ekspertise og arbejdspraksisser. Designproduktet er opnået gennem brugerdrevne designprocesser og opnåelse af en relationel forståelse, hvilket flyttede deltagernes traditionelle tilgang til overflytning og opfølgning efter intensivindlæggelse. Sygeplejerskerne, der deltog i design af opfølgningsplejeplanen, kommer med et vigtigt bidrag til forskning inden for opfølgning efter intensiv, samarbejde på tværs af afdelinger og ikke mindst til sygeplejerskers syn på sygeplejersker og vores ekspertiser.",https://forskning.ruc.dk/da/publications/1f167f92-f8ab-47bc-9600-14e8cbfd407d,,other-oa,green,0,1,sistema=0;relevancia-campo=1,candidato-por-metadados,Descoberta bibliográfica; análise posterior.
20260907T171423Z,1.2.0,"""conversation design""",OpenAlex,https://openalex.org/W7110562414,,İngilizce'nin yabancı dil olarak öğreniminde dinleme ve konuşma becerilerinin yapay zekâyla geliştirilmiş bir sohbet robotu ile geliştirilmesi: Bir yarı-deneysel desen araştırması,2024,"Koç, Fatma Şeyma",dissertation,"This research aimed to explore the effects of using an artificial intelligence chatbot to enhance the listening and speaking skills of Turkish EFL learners. It was also intended to specify the experiences of language learners and strategies for using this tool and identify the characteristics of an ideal artificially intelligent chatbot for language learning. Quantitative and qualitative data were collected towards these aims using a quasi-experimental design. The quantitative data were collected through a quasi-experimental pre- and post-test control group design. The qualitative data were collected through reflective diaries, recordings of student-chatbot interaction, and semi-structured interviews. According to the findings, although there were significant differences within groups regarding pre-test and post-test speaking proficiency exam results, there were no significant differences between groups regarding listening and speaking post-test scores. The qualitative analysis also demonstrated that although learners faced various technical, pedagogic, and social constraints, there were also self-reports of enhanced language knowledge and skills. The interaction data analysis also showed that EFL learners adopted several interactional strategies to negotiate for meaning in the cases of conversational breakdowns. Based on the findings of this study, a framework for developing artificial intelligent chatbots for EFL learners was proposed. For this purpose, this study suggests a conceptual REPOST model, the guidelines for EFL teachers based on optimum AI chatbot qualities, and a teacher training component.",https://hdl.handle.net/11511/107856,https://open.metu.edu.tr/bitstream/handle/11511/107856/10611896.pdf,cc-by-nc-nd,green,3,6,sistema=4;relevancia-campo=4,candidato-por-metadados,Descoberta bibliográfica; análise posterior.
20260907T171423Z,1.2.0,"""conversation design""",OpenAlex,https://openalex.org/W3115826371,,Textbooks as a Tool for Planning and Facilitating Mathematical Discourse,2020,Denise L. Polojac-Chenoweth,dissertation,"Across the nation, mathematics teachers are struggling to help their students meet the demands of high stakes testing while adhering to state standards for content and teaching and dealing with the time constraints imposed by school activities, paperwork, and testing schedules. Classroom mathematical discourse is touted as a central element of a quality mathematics learning environment. Nevertheless, many teachers struggle to implement mathematical discourse effectively. This dissertation aims to explore the use of textbooks as tools to support teachers in the planning and facilitation of mathematical classroom discourse. In this study, I employed a mixed-methods design to investigate (1) how the language and structure of two standards-based remedial Algebra 1 textbooks present opportunity for the sharing of mathematical understanding through discourse, and (2) how two remedial Algebra 1 teachers used those textbooks in the planning and facilitation of their classroom discourse. Data from textbook language analyses, classroom observations, and semi-structured teacher interviews were collected and analyzed through the lens of Cultural-historical Activity Theory (CHAT). The findings revealed three major conflicts that impact the effective use of textbooks as a tool for planning and facilitating mathematical discourse: (1) a conflict between the role of the teacher as a facilitator of classroom discourse and as a facilitator of a predetermined curriculum, (2) a conflict between the role of the teacher as a facilitator of classroom discourse to co-construct knowledge and the perceived ability of their remedial students, and (3) a conflict between the language of the textbooks and the reform-based standards definition of mathematical discourse. This study’s results indicate a need for curriculum developers dedicated to standards based ideologies to consider language choice with more awareness. They also call for professional development writers and teacher preparation programs to provide explicit and intentional instruction on how to use readily available resources, such as textbooks, to plan and facilitate the type of discourse described by standards-based reforms.",https://digitalcommons.usf.edu/etd/8479,https://digitalcommons.usf.edu/cgi/viewcontent.cgi?article=9676&context=etd,,green,0,1,sistema=0;relevancia-campo=1,candidato-por-metadados,Descoberta bibliográfica; análise posterior.
20260907T171423Z,1.2.0,"""conversation design""",OpenAlex,https://openalex.org/W7209922985,,GJR Volume 38 Number 1 Spring 2015,2015,Lina Soares; Christine A. Draper,article,"The Georgia Journal of Reading's Spring 2015 issue includes: Message from the Editors by Dr. Christine A. Draper and Dr. Lina B. Soares (pg. 4) President’s Page by Dr. Beth Pendergraft (pg.5) . Middle School Literacy Coaches: Perceptions of Roles and Responsibilities by Dr. Katie Stover and Dr. Maryann Mraz (pg. 6) An Analysis of Teachers’ Discourse and Their Perceptions Concerning the Use of Questioning and Feedback During Reading Instruction In Third-Grade Classrooms by Dr. Marie Holbein and Dr. Jennifer Farist (pg. 15) Reading, Motivation, and the Power of Social Relationships: Learning from Middle School Students in a Title I Reading Classroom by Dr. Trevor Thomas Stewart and Dr. Emily Pendergrass (pg. 25) How Can Teachers Motivate Reluctant Readers? by Dr. Maggie Lehman (pg. 32) Dictionary Projects: A Defining Moment in Literacy by Beverly A. McKenna and Beverly A. Strauser (pg. 40)",https://digitalcommons.kennesaw.edu/gjrarchive/7,https://digitalcommons.kennesaw.edu/gjrarchive/7,,green,0,0,sistema=0;relevancia-campo=0,candidato-por-metadados,Descoberta bibliográfica; análise posterior.
20260907T171423Z,1.2.0,"""conversation design""",OpenAlex,https://openalex.org/W2800937662,https://doi.org/10.22371/05.2018.013,Educating Boys in Jamaica: In Search of a New Lens,2018,Marcia Chin,dissertation,"The need for innovative solutions to enhance educational outcomes for Jamaican high school male students is evident. For over two decades, national exam results demonstrate that these students have consistently underachieved. Using aqualitative research design, this study explores the possibility of scaling up a student leadership educational model, developed by one U.S. school that has proven successful in educating an inner city minority male student population, to a similarly placed Jamaican high school. Focus groups and interviews were conducted with stakeholders at an all male Jamaican school and with administrators at the Ministry of Education, to understand their perceptions regarding the benefits, challenges and feasibility of the U.S. model for Jamaican high school male students. While participants’ attraction to the model was very strong, the possibility of transferring it was perceived to be low. Although Jamaican educators found aspects of the model helpful, they felt the need to construct their own model of education to respond to their contextual and cultural needs. This study offers two levels of analysis. First, it contributes on a macro level to the larger body of literature on scaling up educational reform, demonstrating the need to take into account the structural, cultural and agentive factors that co-construct and define the importance of context. This study shows that successful scaling up requires a high level of alignment with the educational goals, aspirations, beliefs, values and practices of the target school context. Second, this study contributes on a micro level to a greater understanding of the specificity of the Jamaican educational context. By examining the potential transferability of a student leadership educational model to help address high school male students’ academic underperformance, this study highlights how Jamaican educators’ deeply ingrained historical values, beliefs and practices, shape opportunities to reform education. In order to bring about meaningful change, successful transferability relies on sensitivity to school culture, as well as attending to stakeholders’ beliefs and practices regarding the education of male students.",https://digital.sandiego.edu/dissertations/104,https://digital.sandiego.edu/cgi/viewcontent.cgi?article=1104&context=dissertations,,green,0,2,sistema=0;relevancia-campo=2,candidato-por-metadados,Descoberta bibliográfica; análise posterior.
20260907T171423Z,1.2.0,"""conversation design""",OpenAlex,https://openalex.org/W3040286129,,Redefining synchronous learning for the 21st century: a descriptive case study to examine multi-channel synchronous online communication and critical thinking,2015,Mary Wegner,article,"Students in the 21st century seek connection with each other through synchronous online avenues, yet the education community does not embrace the use of synchronous online tools within the formal process of schooling. This creates a disconnect between the way that students learn outside of school and the way that they are schooled. In addition to matching the communication patterns of students, synchronous online tools provide opportunities for participants to communicate using a number of channels (audio, text, and interactive media) within a single communication environment. An important and useful perspective in this regard is to view the multi-channel environment from the point of view of how it facilitates critical thinking. This is especially important since critical thinking has been determined as an essential skill necessary for life in the 21st century. This descriptive case study sought to answer the following research questions: 1. In a synchronous online conversation that is action orientated using a multi-channel interface (audio, text, and interactive media), what sort of talk occurs in each channel, specifically, does each channel facilitate a different function of communication? 2. What proportion of a synchronous online conversation using audio, text, and interactive media is occupied by critical thinking? Communication was analyzed within a multi-channel synchronous online environment, as used by 25 Technology Teacher Leaders (TTLs) from the Anchorage School District in Anchorage, Alaska during a 90-minute facilitated discussion on the topic of using Web 2.0 in education. Participants also completed a self-report demographic questionnaire. Study participants used the communication channels of audio, instant messaging, interactive whiteboard, and participant feedback tools, which included clapping, raising and lowering their hand, smiling, displaying a thumbs down, and registering a vote using the polling tool. The functions of communication studied included assertion, build logical reasoning, content questions, endorsement, off-topic/social/logistical, and reflect/think aloud. This study produced 5 significant findings that provide insight into synchronous online course design: an instant message backchannel exists; a logistics facilitator is needed; synchronous online communication supports social learning constructs; a link exists between synchronous online communication and critical and integrative thinking; and audio best facilitates critical and integrative thinking.",https://digitalcommons.pepperdine.edu/etd/582,https://digitalcommons.pepperdine.edu/cgi/viewcontent.cgi?article=1581&context=etd,,green,0,3,sistema=0;relevancia-campo=3,candidato-por-metadados,Descoberta bibliográfica; análise posterior.
20260907T171423Z,1.2.0,"""conversation design""",OpenAlex,https://openalex.org/W648239354,,Bring it to life: youth performing socio-politically in a northern urban environment.,2007,Catherine Elizabeth McGregor,article,"This study seeks to problematize approaches to civic education in British Columbia schools by reframing the pedagogical paradigm from civic knowledge to sociocultural practices and activity.The study examines the ways in which socio-political agency is developed and enacted in three different sites, highlighting their differing approaches to civic subject-formation.Social action theatre, digital technologies and service learning provide contexts for considering differences across these sites in terms of the discourses, practices and cultural tools (Wertsch, 1998) at work and in play in young peoples' representations and expressions of socio-political agency.A post structuralist paradigm informs the theoretical and methodological approach taken, focusing on divergent and potentially competing views and understandings of youth subjects. DEDICATIONThis work is dedicated to the remarkable youth who agreed to participate in this research journey with me-their passion for making a difference in this world inspired the work of this dissertation.In particular, the youth at Street Spirits theatre welcomed me into their lives: with their encouragement I learned how to ""change the world, one performance at a time"".",https://summit.sfu.ca/_flysystem/fedora/sfu_migrate/2628/etd2800.pdf,https://summit.sfu.ca/_flysystem/fedora/sfu_migrate/2628/etd2800.pdf,,green,0,2,sistema=0;relevancia-campo=2,candidato-por-metadados,Descoberta bibliográfica; análise posterior.
20260907T171423Z,1.2.0,"""conversation design""",OpenAlex,https://openalex.org/W2407294795,,Coping With Post-Soviet Transition: Achievement Vs. Survival Life Strategies Of Post- Independence Ukrainian Migrants In Australia (1991 - 2013),2015,Olga Oleinikova,dissertation,"This thesis discovers and explains post-independence Ukrainian migration to Australia through the analysis of migrants’ life strategies, seen as the outcomes of personal characteristics and individual actions as well as of cultural frames, institutional and structural conditions (relating micro and macro levels of analysis within agency-structure perspective). Relying on the 51 interviews with migrants in Australia, this study examines the survival and achievement life strategies of migrants across two spaces, the sending and receiving countries, in three ways. First, it examines how micro structuring life strategy components (values, aims, needs and sense of agency) are formed by life in Ukraine and by Australia migration policy (macro structuring factors of life strategy). Second, it examines how Ukrainians utilise the international migration and how they adopt it in order to get into Australia and change their temporary visa status into permanent. Third, the thesis explores how life strategies are recreated or changed after migration. In all three aspects of the thesis the central questions of inquiry are: how are survival and achievement life strategies formed and implemented in relation to migration and how has the migration experience impacted on the ways in which the participants’ life strategies were enacted in two different migration periods (1991–2003 and 2004–2013) and how they determine the success or failure of integration in the Australia society. This study resulted in a collaborative research to the body of knowledge on the post-independence Ukrainian immigration to Australia with a potential for contribution to the development of social and migration policies of both countries. The originality of this research is in its approach that brings the concept of life strategy within migration methodology and deploys it in sociological context rather than its original psychological focus.",http://hdl.handle.net/2123/14460,http://hdl.handle.net/2123/14460,,green,0,1,sistema=0;relevancia-campo=1,candidato-por-metadados,Descoberta bibliográfica; análise posterior.
20260907T171423Z,1.2.0,"""conversation design""",OpenAlex,https://openalex.org/W112520205,https://doi.org/10.7275/16132210,Images of leadership in Seventh-Day Adventist higher education : the challenges of a new century.,2023,Linda Seal Thorman,dissertation,"As we approach the beginning of a new century, higher education ""experts"" are using that point in time as a visible marker, much as we use the beginning of a new year as a point to make changes in our lives.These authors are being prescriptive as they suggest pro-active steps for higher education leaders to take.But, this study looks at whether these suggestions will be helpful or harmful to colleges and systems of colleges whose missions, academic cultures, and traditions vary greatly from the mainstream.This study looks at whether the leaders in SDA colleges should apply the principles of a single book or two which they read out of the context of the large body of higher education literature available today.Finally, this study explores how the future leaders-the ones who will be shaping the SDA higher education system in the 21st century-will relate to the challenges and solutions.",https://scholarworks.umass.edu/dissertations_1/5540,https://scholarworks.umass.edu/dissertations_1/5540,,green,0,1,sistema=0;relevancia-campo=1,candidato-por-metadados,Descoberta bibliográfica; análise posterior.
20260907T171423Z,1.2.0,"""conversation design""",OpenAlex,https://openalex.org/W2936547730,,Refining Effective Instructional Strategies through Professional Learning Communities.,2018,James Kevin Hancock,article,"The purpose of this study is to examine the effectiveness of professional learning communities by comparing practices and strategies of content and grade level teams in middle schools. Utilizing data from student assessment, comparison of teams in this middle school was conducted to determine practices and conversations that have an impact on teachers’ decisions about student learning. Understanding phenomenon that drives effective decision-making processes in teams of teachers creates an environment where shared leadership produces professional learning communities that are sustainable and systemic. A qualitative approach was conducted in the form of a case study to capture themes relevant to teachers’ thoughts about effective and ineffective team experiences. Using interviews, focus groups, and observations, themes were compared through open-coding and gathering of team minutes/notes. Triangulation of these data revealed themes relevant to creating effective teams by focusing on; curriculum, team dynamics, leadership, professional development, and personal influences that effected teachers. These themes were found to be the most impactful elements when designing and sustaining professional learning communities in this middle school setting.",https://scholarworks.uark.edu/etd/3057,https://scholarworks.uark.edu/etd/3057,cc-by-nd,green,0,2,sistema=0;relevancia-campo=2,candidato-por-metadados,Descoberta bibliográfica; análise posterior.
20260907T171423Z,1.2.0,"""conversation design""",OpenAlex,https://openalex.org/W4404853707,https://doi.org/10.46467/changeagentsblueprint,Change Agents: Blueprints for Interinstitutional Collaborations in Social Design,2024,Bori Fehér; Erzsébet Hosszu; Guim Espelt Estopà; Ariel Guersenzvaig; Bianca Herlo; Eva Liisa Kubinyi; Meitar Lubotzky-Avior; Ruth-Helene Melioranski; Teresa Palmieri; Rita Szerencsés; Jonathan Ventura; Borbála Marosán; Nara Capdeville,reference-entry,"This book was created as part of the Change Agents — Blueprints for Interinstitutional Collaborations project, whose objective is to bring the design-focused academic sector and the NGO ecosystem closer together to cultivate a deeper understanding between these important stakeholders. In this way, the project contributes to the advancement of a more collaborative, inclusive, and participatory practice of design, while recognizing the already existing expertise of the participants. The project is centred around the idea that achieving these objectives will foster inclusivity in the field of design by engaging various agents and sectors with direct ties to different communities. These stakeholders are experienced in ethnographic fieldwork and can offer knowledge that is often not available to higher educational frameworks. By combining a focused social design literature review with experience-based methodological recommendations on cooperation in social design, the book can potentially raise awareness on how the design field — starting from design education — can address the real needs of communities to increase its social impact. This document was also created to help train future change makers who are dedicated to using their own practices to stimulate societal change. The authors developed this book with the purpose of supporting higher quality in academic, community-based design projects, as well as helping potential change makers propose new educational approaches in the long run. The knowledge shared in this book aims to assist relevant stakeholders in establishing qualitative approaches for participatory collaborations between the higher educational sector and NGOs using tools of social design and related fields as organising principles. Furthermore, this book can serve as a resource for training change agents — leaders of future interinstitutional projects that contribute to social impact and inclusion in a wider sense — so they can create a ripple effect in their respective environments and build methodological bridges between NGOs and the academic sector in the field of design.",https://bia.unibz.it/esploro/outputs/editedBook/Change-Agents-Blueprints-for-Interinstitutional-Collaborations/991006941524501241,https://socialdesignnetwork.org/wp-content/uploads/2024/02/changeagents_blueprint_online_spreads.pdf,cc-by,green,0,1,sistema=0;relevancia-campo=1,candidato-por-metadados,Descoberta bibliográfica; análise posterior.
20260907T171423Z,1.2.0,"""conversation design""",OpenAlex,https://openalex.org/W2605769924,,College Instructors' Experiences Transitioning to Inverted Classroom Instruction,2017,Glenda Maria Brown,dissertation,"Lecture methods in higher education continue to be the most often used form of lesson delivery, although they seem to be less effective in promoting adult students' learning and engagement. Many higher education instructors have incorporated inverted classroom (IC) methods to increase student engagement and learning. The purpose of this qualitative interview study was to gain an understanding of college instructors' decision-making processes and experiences transitioning from lecture-based instruction to IC and the factors attributed to that transition. Knowles's andragogy theory, Kolb's experiential learning theory, and Rogers's diffusion of innovations provided the conceptual framework for the study. Eight college-level instructors from the Flipped Learning Community were interviewed twice to collect data, which were analyzed using first and second cycle coding. Themes included student focus, support, change agent, and need to dialogue. Results may provide administrators with information to promote instructors' transition from lecture-based methods to IC. Results also indicated that IC was an effective social change strategy for boosting student retention, student engagement, and instructor satisfaction.",https://scholarworks.waldenu.edu/dissertations/3433,https://scholarworks.waldenu.edu/dissertations/3433,,green,0,0,sistema=0;relevancia-campo=0,candidato-por-metadados,Descoberta bibliográfica; análise posterior.
20260907T171423Z,1.2.0,"""conversation design""",OpenAlex,https://openalex.org/W3020547297,https://doi.org/10.11575/prism/37634,An Explanatory Sequential Mixed Methods Study of Pedagogical Leadership: High School Principals’ Influence on Innovative Pedagogical Practice,2020,Jeffrey Turner,dissertation,"The primary purpose of this explanatory sequential mixed methods study was to understand how high school principals enact a conceptual model of pedagogical leadership as they develop, support, and sustain a community of adult learners focused on innovative pedagogical practice. Multiple cases were drawn from three urban public high schools that were identified based on the significant work they have demonstrated in the development and implementation of innovative pedagogical practice. The first, quantitative phase, focused on the degree to which high school principals shaped their pedagogical leadership practices within elements of instructional and transformational leadership, and five leadership dimensions of effective leadership. Descriptive and inferential analysis revealed an integrated approach of instructional and transformational leadership in the enactment of pedagogical leadership. The analysis also indicated higher levels of transformational leadership within each of the leadership dimensions. In the second, qualitative phase, data analysis identified 10 leadership practices within three leadership dimensions, (a) shared vision and goals, (b) quality teaching, and (c) teacher learning and found that these practices interacted reciprocally between instructional and transformational leadership. The results of the quantitative and qualitative data analysis phases were then integrated in order to illuminate key principal leadership practices associated with pedagogical leadership. Based on the integrated analysis, principals, assistant principals, learning leaders and teachers, within the study, agreed that principals influence pedagogical practices through a set of key leadership practices. The study acknowledges the complexity of the practice of pedagogical leadership. There are degrees of practice that both contextual and personal variables can influence, and these in turn impact the ability of principals to integrate these leadership practices within instructional and transformational leadership. This study adds to a growing body of research that suggests principals, who are focused on influencing teaching, extract different elements of instructional and transformational leadership and adjust their leadership practices in response to the school’s context. These insights also contributed to the revision of a model of pedagogical leadership conceptualized within the study. With a focus on the central core task of schooling, teaching, and learning this conceptual model provides a responsive leadership framework in a time where high schools need to be adaptive to the fast pace of the knowledge driven world.",https://prism.ucalgary.ca.,https://ucalgary.scholaris.ca/bitstreams/d25f1ed3-f995-493b-ba96-1d19bc260c3c/download,,gold,0,1,sistema=0;relevancia-campo=1,candidato-por-metadados,Descoberta bibliográfica; análise posterior.
20260907T171423Z,1.2.0,"""conversation design""",OpenAlex,https://openalex.org/W7159897126,https://doi.org/10.25772/rx22-jh53,From Compliance to Connection: Advancing Authentic Community in VCU Residence Halls,2026,Sarah M Ramkey; Keon Nesmith; Carly Croft,article,"This capstone project examines challenges to authentic community building within Virginia Commonwealth University’s Residential Life and Housing (RLH) department. Although the Community Development Model (CDM) was originally designed to foster belonging through structured engagement, it has increasingly been perceived by frontline staff as a compliance-driven checklist rather than a tool to develop community. Using improvement science principles, this case study identifies outdated curriculum, misalignment with student needs, and disconnect between senior leadership and frontline staff as systemic barriers to building authentic community in RLH, including student residence halls. We used a single-institution case study design. We conducted empathy interviews with Resident Assistants (RAs) and professional staff to inform our data collection tools and protocol. We then collected data in the form of RA survey, Hall Director (HD) interviews, senior leadership interviews, and departmental document analysis. Grounded in community development theory (CDT), complex adaptive systems theory (CAS), and critical pragmatism, our case study explored how organizational structures and practices influence community building efforts at a mid-sized urban university setting. Findings revealed that RLH functioned as a CAS in which adaptation occurred primarily at the individual level rather than through intentional system design. Analysis grounded in CAS demonstrated that path dependency, misalignment of senior leadership and frontline staff, fragmented networks, and ineffective feedback loops reinforce compliance-oriented practices and limited efficacy of RAs. CDT further highlighted that limited agency, limited participation in decision-making, and weakened solidarity among levels of staff. Together, these dynamics contributed to transactional engagement, inconsistent community outcomes, and diminished by-in for the CDM. In response, this project recommends organizational and curricular reforms that shift RLH from compliance to connection. Key recommendations include strengthening feedback loops between frontline staff and senior leadership, increasing communication transparency, formalizing frontline participation through a standing advisory group, and enhancing RA and HD training to better align with contemporary student needs. To address curricular misalignment, the study proposes adopting the knowing, connecting, empowering (KCE) framework as a relationship-centered, equity-informed alternative to the CDM. The recommendation is to implement this curriculum in a phased improvement science approach. KCE emphasizes early relationship formation, shared ownership, and continuous evaluation. Collectively, the recommendations aim to realign organizational structures with authentic community building practices and foster sustainable belonging within VCU residence halls.",https://scholarscompass.vcu.edu/edd_capstone/54,https://scholarscompass.vcu.edu/cgi/viewcontent.cgi?article=1055&context=edd_capstone,,green,0,2,sistema=0;relevancia-campo=2,candidato-por-metadados,Descoberta bibliográfica; análise posterior.
20260907T171423Z,1.2.0,"""conversation design""",OpenAlex,https://openalex.org/W4238333375,https://doi.org/10.26686/wgtn.17060459.v1,Towards a curatorial continuum or How to fire a gun and time-travel,2017,Bruce E. Phillips,dissertation,"This thesis questions the ethics of curatorial agency: an issue that has plagued the profession since the influence of institutional critique of the 1960s. The proliferation of the ‘curatorial turn’ during the 1990s developed out of this legacy of institutional critique by grouping a diverse range of alternative practices that aimed to question curatorial agency. Curator Maria Lind defines this shift by making a methodological distinction between ‘curating’ and the ‘curatorial’. This is a binary division that posits curating as conventional practice that maintains hegemonic power structures and the curatorial as progressive and emancipatory. However, critics and curators such as Paul O‘Neill and Nina Möntmann argue that methodologies of the curatorial turn have become compromised by personal, institutional, political and economic motivations. Due to this, it is apparent that a shift in methodology alone is not sufficient to question the ethics of curatorial agency and that Lind's dichotomy of curating and the curatorial requires revision. This study therefore explores how curators practice by studying different methodologies and to understand why curators practice by considering to what extent motivations influence the application of a curator’s methodology. The research specifically addresses these questions in relation to contemporary art curating within the broader framework of museum and heritage studies. To do so, I have put my own curatorial practice under scrutiny, using a range of mixed qualitative methods such as autoethnography, in order to delve deep into the decision-making process. My research consists of six exhibition case studies that pertain to one of three common exhibition forms: group, solo or process-led exhibitions. Through a cross case analysis of these different exhibitions my findings suggest that there is not a distinct division between curating and the curatorial. Instead, I reveal that there is a complex interplay between spectrums of methodology and motivation. From this perspective, I argue for a new philosophy of curating that considers curatorial practice as an emergent spectrum charged with infinite possibilities, what I call the curatorial continuum.",https://doi.org/10.26686/wgtn.17060459.v1,https://openaccess.wgtn.ac.nz/articles/thesis/Towards_a_curatorial_continuum_or_How_to_fire_a_gun_and_time-travel/17060459/1/files/31548248.pdf,public-domain,gold,0,0,sistema=0;relevancia-campo=0,candidato-por-metadados,Descoberta bibliográfica; análise posterior.
20260907T171423Z,1.2.0,"""conversation design""",OpenAlex,https://openalex.org/W4415984912,https://doi.org/10.51415/10321/6292,Challenges of service delivery in selected townships in the Nelson Mandela Metropolitan Municipality,2025,Nandiswa Mpolweni,dissertation,"Municipalities, in terms of the new development mandates, must provide a democratic and accountable government for local communities by providing services to local communities in a sustainable manner, promoting social and economic development, and ensuring a safe, healthy environment. While municipalities attempt to fulfil these mandates to bring about social-economic development and a sound environment for their communities, they experience complex and multifaceted service challenges that vary from one municipality to another, reflecting the diverse political dynamics of the respective environments. This research examined service delivery challenges in selected Nelson Mandela Metropolitan Municipality townships in Port Elizabeth, in the Eastern Cape Province. It seeks to assess how effectively the integrated development plan, as a local government tool, plays a vital role in addressing service delivery challenges in the Nelson Mandela Metropolitan Municipality. The study adopted a qualitative methodology using individual interviews. The data was analysed thematically using NVivo software. The sample consisted of a minimum of 30 people: ten representatives from Motherwell township and ten from Walmer township, five municipal officials and five ward councillors. The study was intended to bring about service delivery strategies and provide policy recommendations to alleviate or overcome challenges in improving service delivery in the Nelson Mandela Metropolitan Municipality",https://doi.org/10.51415/10321/6292,https://openscholar.dut.ac.za/bitstreams/9f058d00-b2c7-4a60-ae87-cced90fbd8d7/download,,gold,0,1,sistema=0;relevancia-campo=1,candidato-por-metadados,Descoberta bibliográfica; análise posterior.
20260907T171423Z,1.2.0,"""conversation design""",OpenAlex,https://openalex.org/W853603079,,Consciousness in Interdisciplinary Perspective: Discussions from the Hall Center for the Humanities Fall Faculty Colloquium 2011,2012,Anna Neill; Leslie Tuttle; Nicholas Keith Simmons; Sherrie Tucker; Glenn E. Adams; Mark J. Landau; A. J. Rowland; Iris Smith Fischer; Ben Sax; Brian Daldorph,book,"This volume contains a collection of discussions from the 2011 Hall Center for the Humanities Fall Faculty Colloquium, University of Kansas, Lawrence, KS.",http://hdl.handle.net/1808/9931,http://hdl.handle.net/1808/9931,,green,0,0,sistema=0;relevancia-campo=0,candidato-por-metadados,Descoberta bibliográfica; análise posterior.
20260907T171423Z,1.2.0,"""conversation design""",OpenAlex,https://openalex.org/W3043178967,,Clarity Precedes Competence: The Impact of a Revised Classroom Teacher Evaluation Instrument on Teaching and Learning,2020,Kyra Schafte,article,"This study is a program evaluation to determine the impact of evaluators’ use of the revised Classroom Teacher Evaluation Instrument on instructional practice in a mid-sized, public school district serving approximately 43,000 Pre-Kindergarten through twelfth-grade students. The primary research question explored in this program evaluation is what theory of action for the evaluation system will establish reliable effectiveness measures to gauge teacher quality in the school district under study. Employing a mixed-methods approach, with data gathered from a principal survey, focus group transcriptions, and instructional practice and student achievement data, this study informed and improved current practices surrounding observation and evaluation processes. Policy implications and recommendations support a multidimensional view of teacher effectiveness through the inclusion of multiple measures of data, including deliberate practice and self-assessment, classroom observations, student voice, student achievement and growth, and school performance growth.",https://digitalcommons.nl.edu/diss/483,https://digitalcommons.nl.edu/diss/483,,green,0,1,sistema=0;relevancia-campo=1,candidato-por-metadados,Descoberta bibliográfica; análise posterior.
20260907T171423Z,1.2.0,"""conversation design""",OpenAlex,https://openalex.org/W7143703464,https://doi.org/10.34382/0002001980,行政領域におけるデザインアプローチに含まれるデザイン概念の理論的検討,2025,Haruhi Miyoshi,article,,https://ritsumei.repo.nii.ac.jp/records/2001980,https://ritsumei.repo.nii.ac.jp/record/2001980/files/rcds_4_2_miyoshi.pdf,,green,0,0,sistema=0;relevancia-campo=0,candidato-por-metadados,Descoberta bibliográfica; análise posterior.
20260907T171423Z,1.2.0,"""conversation design""",OpenAlex,https://openalex.org/W174294151,https://doi.org/10.25959/23246324,Orchestral conducting pedagogy : a case of participants' perceptions of teaching and learning in the Symphony Australia conductor development programme,2008,Darren Anthony Postema,dissertation,"The purpose of this study was to examine the phenomenon of orchestral conducting pedagogy through a case study investigation of one module of Symphony Australia's year-long conducting development programme. Much has been written about the characteristics of conducting practice and the role of the conductor with significant research into gesture, leadership and the relationship between conductor and orchestra. However, research that investigates the ways in which orchestral conducting is taught, particularly within the context of a conducting master-class workshop, is scarce. For this reason, two questions were formulated to underpin this case study investigation; 1. What does orchestral conducting pedagogy look like? 2. How does teaching and learning occur within a conducting master-class workshop environment? The study investigated orchestral conducting pedagogy by exploring workshop participants' perceptions of teaching and learning through interview and intensive observations. The participants included student conductors (6), auditors (2), ensemble musicians, (3) the artistic administrator (1) and the maestro (1). The aspiring young experienced student conductors were required to rehearse specific repertoire with a live semi-professional ensemble over five consecutive days in preparation for a public performance with the Melbourne Symphony Orchestra. Interview and observation data were generated with participants throughout the period of the workshop. This study found that orchestral conducting pedagogy (within this workshop environment) is a highly intense activity that placed enormous stress upon participants' (musicians, auditors, student conductors and maestro) emotional, physical and musical capabilities. The workshop environment fostered numerous opportunities for student conductors to participate as instrumentalists with the accompanying instrumental ensemble, review each other's performances, implement advice from the maestro, experience independence in making musical decisions, rectify performance mistakes, make demands upon musicians, refine rehearsal skills, ask appropriate questions, and develop a disposition that could tolerate personal criticism. Mentoring was the dominant intentional teaching approach used in the workshop although coaching was used frequently through the critical feedback and demonstrations given by the maestro during the rehearsals. A key teaching strategy adopted by this maestro was to create an intense environment that simulated a professional performance experience and compelled a style of participation, which placed responsibility and decisionmaking, predominately in the hands and voice of the student. Although most participants expressed the view that their expectations about the value of the learning experiences within the workshop had been satisfied, disparities were evident between student participants' perceptions and those of the maestro. The latter expressed disappointment that students were not sufficiently self-regulated and independent to take advantage of the rehearsal opportunities. Orchestral conducting is a complex role requmng competence in both musical and non-musical skills. The practical performance experience offered by such workshops forms a highly relevant component of pedagogical practice and offers significant opportunities for students to increase their knowledge of the orchestral repertoire, refine technique, and develop leadership and communication skills. This study recommends further investigation into the process of acquiring expertise through such master-class workshops and apprenticeships. This study also recommends additional research into the implications for pedagogy of having greater discussion and analysis of theoretical/musical issues relating to the repertoire and the process of learning to conduct, within the conducting master-class workshop environment.",https://eprints.utas.edu.au/21254/1/whole_PostemaDarrenAnthony2008_thesis.pdf,https://eprints.utas.edu.au/21254/1/whole_PostemaDarrenAnthony2008_thesis.pdf,,green,0,1,sistema=0;relevancia-campo=1,candidato-por-metadados,Descoberta bibliográfica; análise posterior.
20260907T171423Z,1.2.0,"""conversation design""",OpenAlex,https://openalex.org/W7135883298,,Bilingualism:Disruptive Practices In Mainstream Schools,2015,Jalal El Derbas,other,"I Danmark udgør tosprogethed et problem for systemet, idet en stor del af de tosprogede halter bagefter i flere akademiske fag sammenlignet med jævnaldrende etniske danskere, hvilket medfører at mange tosprogede forlader deres uddannelser tidligt i forløbet. De tosprogedes manglende faglighed skyldes problemstillinger relateret til sprog og kultur, påstår flere rapporter. Disse rapporter tager udgangspunkt i kulturen som deterministisk. Sådanne antagelser har medført at regeringen har modstridende politiske holdninger; den ene omhandler fjernelse af modersmålsundervisning og den anden at inkludere og fremme modersmålet med det formål at fremme akademisk succes blandt tosprogede. Der har været en del forskning, der fokuserer på minoriteters dialekter og identiteter, størstedelen af diskussionen i disse akademiske studierbebrejder samfundet og dets institutioner for at marginalisere etniske minoriteter og er med til at forårsage at disse får en aggressiv og fjendtlig adfærd. Disse studier har primært været afhængige af etnografiske interviews som forskningsmetode. De pågældende studier har dog ikke konkret undersøgt deltagernes påstande og interaktion fra interviewene. Pågældende studie prøver at adressere denne kløft ved at undersøge de tosprogedes identiteter og diskurser i folkeskolen. Feltarbejdet blev gennemført på to folkeskoler, hvor 19 arabiske elever fra 6. årgang (12-13år) blev fulgt. Studiet bestod af etnografisk beskrivelse og etnometodologisk konversationsanalyse af deltagernes interaktion i klassen. Studiets etnografiske beskrivelse indebærer en række skole-relaterede temaer, der er dokumenteret ved deltagernes interaktion og diskurs, hvorimod EMCA analysen går i dybden med deltagernes måde at håndtere uenigheder og vold i klasseværelset. Studiets primære bidrag er en undersøgelse af hvordan tosprogede tilbringer deres tid i klassen og udforsker faktorer der kan påvirke de tosprogedes skolegang i en negativ retning. Studiet peger på en række forhold der kan påvirke de tosprogedes skolegang negativt. Skolens geografiske placering (hvorvidt det er i eller udenfor en ghetto) synes ikke at have praktisk betydning for de tosprogedes brug af deres sprog eller på deres adfærd overfor skolen og lærerne, idet deltagernes sociale og sproglige praksis syntes at være ens og kodeskift blev brugt til samme formål på begge skoler. Det arabiske sprog syntes ikke at spille en rolle i deltagernes akademiske foretagende, og alligevel blev det anvendt i udstrakt grad i klasserne. Oftest går overtrædelser af skolens normer ustraffet hen. Der er en tendens til at elever der præsterer godt fagligt er nede i klassernes hierarki, hvor elever der har en identitet som er marginaliseret eller endda aggressiv synes at være oppe i hierarkiet. Den tid der er sat af til opgaveløsning og andre skoleaktiviteter, bliver af de fleste deltagere brugt på multitasking og for skolearbejdet irrelevante aktiviteter. Kodeskift og brugen af modersmål er en vedvarende strategi blandt de fleste deltagere for at forhindre lærerne i at intervenere i uenigheder eller i situationer når tosprogede driller eller mobber. Ultimativt betyder dette at meget af klassetiden bruges på ikke-faglige aktiviteter. Mens tidligere forskning har peget på løsninger på de tosprogedes’ mangler ved enten at forbyde eller fremme modersmålsundervisning eller ved at bebrejde samfundet og dets institutioner for at skubbe etniske minoriteter ud i marginalisering, peger indeværende studie på at problemet ikke kun handler om sprog, og er heller ikke en del af minoritets eller majoritets kulturer. Der er tale om mere komplekse problemstillinger til at forbedre tosprogedes faglighed end kun at forbyde eller fremme modersmålet i undervisningen. Som studiet indikerer håndteres de tosprogedes interaktionnelle, disruptive praksisser ikke eller kun delvis i den pædagogiske tilrettelæggelse af klasseværelsesundervisning, muligvis fordi disse praksissers beskaffenhed ikke er tydelige for lærere og/eller skolen.",https://portal.findresearcher.sdu.dk/da/publications/ec0ccfa8-8b7c-420f-8f34-421a945c38bc,https://findresearcher.sdu.dk/ws/files/281390655/Phd_-_Jalal.pdf,other-oa,green,0,0,sistema=0;relevancia-campo=0,candidato-por-metadados,Descoberta bibliográfica; análise posterior.
20260907T171423Z,1.2.0,"""conversation design""",OpenAlex,https://openalex.org/W2131831624,,The role of church leaders in HIV and AIDS prevention in the Sweetwaters Community : Pietermaritzburg area.,2010,John. Gaga,dissertation,"This study sought to investigate the role of church leaders in the prevention and management of HIV and AIDS in the Sweetwaters community. In terms of HIV and AIDS South Africa is the most affected country in sub-Saharan Africa with KwaZulu-Natal as the epicenter of the pandemic. Therefore it is against this backdrop that the researcher articulates the management and leadership roles of church leaders in the prevention of HIV and AIDS as the center of this study. It is imperative that church pastors equip among themselves in order for them to have a significant effect in addressing HIV and AIDS issues in a context like the Sweetwaters community, for example. Church leaders are strategically positioned to play a central role in the combat against the pandemic within their churches and communities. This study has been undertaken using questionnaires and focus group studies with ten church leaders from Sweetwaters the community. The research seeks to: (a) gain a understanding of challenges confronting church leaders; (b) understand how they can tackle this challenge effectively as regards their leadership role. The above mentioned is summed up in the main research question of the study, which is formulated as follows: How do the church leaders understand and respond to their leadership role within their churches and the community in the supervision of a diversity of issues arising from the pandemic. The study pointed out that the involvement of church leaders in the prevention of HIV and AIDS is generally limited to spiritual and relief work. The only structured program available to the particular local churches, and which has been implemented, is to care for orphans. The position taken in this study is that there is a need for church leaders to develop modern realistic HIV and AIDS educational programs and to train their church members to engage in HIV and AIDS issue.",http://hdl.handle.net/10413/5080,https://researchspace.ukzn.ac.za/bitstreams/53afca03-ef6e-4f88-92fa-3d89a3cff031/download,public-domain,green,0,1,sistema=0;relevancia-campo=1,candidato-por-metadados,Descoberta bibliográfica; análise posterior.
20260907T171423Z,1.2.0,"""conversation design""",OpenAlex,https://openalex.org/W2947695050,,Conversations of reconciliation: A participatory ethnographic case study in the United Church of Canada,2018,Katherine Davies,dissertation,"This thesis explores how conversation and storytelling can contribute to the process of reconciliation between Indigenous and non-Indigenous people in the Alberni Valley of British Columbia. Collaborating with Alberni Valley United Church, this participatory ethnography details the planning and hosting of a conversation on reconciliation between members of the congregation and others from the community, including members of the Huu-ay-aht First Nation. Through personal storytelling, participants described their experience of Indigenous and non-Indigenous relations in the valley and the impact of these experiences on their understanding of reconciliation. Using a Collective Story Harvest process, participants reflected together on what they learned from the stories. By weaving together insights from the storytelling with theoretical reflections on truth, relationships, decolonization, and the moral imagination, this thesis considers how hearing another’s story and allowing it to disrupt the dominant colonial narrative can lead to a transformed understanding and the possibility of transformed relations.",http://summit.sfu.ca/item/18689,https://summit.sfu.ca/_flysystem/fedora/sfu_migrate/18689/etd19966.pdf,,green,0,1,sistema=0;relevancia-campo=1,candidato-por-metadados,Descoberta bibliográfica; análise posterior.
20260907T171423Z,1.2.0,"""conversation design""",OpenAlex,https://openalex.org/W1624907984,https://doi.org/10.26686/wgtn.16959181.v1,The Impacts of Working with People Experiencing Suicidal Ideation: Mental Health Nurses Describe Their Experience,2008,Lynley Murtagh,dissertation,"New Zealand has one of the highest suicide rates in the world and mental health nurses are the most likely professionals to assess a person presenting with suicidal ideation. Managing a suicidal crisis is acknowledged as being one of the most difficult and frightening challenges facing mental health professionals. This research aimed to have mental health nurses who work in acute mental health settings describe the impact that working with people experiencing suicidal ideation has on their personal and professional lives. This study followed the tenets of fundamental qualitative description as presented by Sandelowski (2000). Five mental health nurses participated in individual semi structured interviews. The data collected under-went systematic thematic analysis and the extracted findings were presented as a straight description. The findings from this study revealed that personal philosophies of care, the work place culture, organisational and professional expectations and their personal concepts about suicide all influenced the experiences of these participants. Mental exhaustion, tension and feelings of isolation and alienation from family and society were universal experiences. Two recommendations have been made based on the insights gained from this research. These are; tertiary institutions should offer post graduate studies on the subject of suicide as it relates to mental health nursing and national guidelines for the provision of supervision to mental health nurses need to be developed.",https://doi.org/10.26686/wgtn.16959181.v1,https://openaccess.wgtn.ac.nz/articles/thesis/The_Impacts_of_Working_with_People_Experiencing_Suicidal_Ideation_Mental_Health_Nurses_Describe_Their_Experience/16959181/1/files/31374280.pdf,,gold,0,0,sistema=0;relevancia-campo=0,candidato-por-metadados,Descoberta bibliográfica; análise posterior.
20260907T171423Z,1.2.0,"""conversation design""",OpenAlex,https://openalex.org/W7113152915,,Tasarım eğitiminde empatinin somutlaşması için bir çerçeve: Tasarım eğitmenlerinin tasarım konuşmalarındaki empatik bakış açılarını keşfetmek,2024,"Efilti, Pelin",dissertation,"Thesis (Ph.D.) -- Istanbul Technical University, Graduate School, 2024",http://hdl.handle.net/11527/26202,https://polen.itu.edu.tr/bitstreams/49e83b8a-f157-471c-9dc9-af6ecd96c24f/download,,green,0,0,sistema=0;relevancia-campo=0,candidato-por-metadados,Descoberta bibliográfica; análise posterior.
20260907T171423Z,1.2.0,"""conversation design""",OpenAlex,https://openalex.org/W7133365249,,"""I Need to Find That One Chart"": How Data Workers Navigate, Make Sense of, and Communicate Analytical Conversations",2026,Ken Gu; Srishti Palani; Vidya Setlur,preprint,"Conversational interfaces are increasingly used for data analysis, enabling data workers to express complex analytical intents in natural language. Yet, these interactions unfold as long, linear transcripts that are misaligned with the iterative, nonlinear nature of real-world analyses. Revisiting and summarizing conversations for different contexts is therefore challenging. This paper investigates how data workers navigate, make sense of, and communicate prior analytical conversations. To study behaviors beyond those supported by standard interfaces (i.e., scrolling and keyword search), we develop a design probe that supplements analytical conversations with structured elements and affordances (e.g., filtering, multi-level navigation and detail-on-demand). In a user study (n = 10), participants used the probe to navigate and communicate past analyses, fulfilling information needs (recall, reorient, prioritize) through navigation strategies (visual recall, sequential and abstractive) and summarization practices (adding process details and context). Based on these findings, we discuss design implications to support re-visitation and communication of analytical conversations.",http://arxiv.org/abs/2603.00485,https://arxiv.org/pdf/2603.00485,cc-by,green,3,6,sistema=2;relevancia-campo=6,candidato-por-metadados,Descoberta bibliográfica; análise posterior.
20260907T171423Z,1.2.0,"""conversation design""",OpenAlex,https://openalex.org/W2755860651,https://doi.org/10.31390/gradschool_dissertations.3579,An exploratory study of informal science learning by children ages 2-12 years at selected U.S. children's gardens,2011,Mary Legoria,dissertation,"This exploratory study was conducted at four children’s gardens in major botanical gardens across the United States to determine if children became more aware and knowledgeable of plants while visiting these gardens. This was determined through the children’s garden stakeholders’ perspectives; the stakeholders of this study were the children and parents who visited the gardens. Their views were acquired through on-site observations and interviews. The purposive sample comprised 64 participants including 40 children (19 girls and 21 boys, ages 2- 12 years). There were 18 mothers, 3 fathers, 3 grandmothers, and 1 grandfather. The 40 children were observed and 30 children were interviewed. A total of 25 parents or guardians were interviewed. This study determined that the children’s learning was contextual; i.e., influenced by the garden and participatory garden features they visited. For example, the children who visited the facilitated (by a trained volunteer) features that taught plant concepts were able to repeat and explain the lesson. However, in gardens that provided opportunities for independent exploration with natural components such as water, children made some very advanced observations about plants. This study also found that children’s previous experiences with plants heightened their awareness of plants in the children’s garden. Especially on their walks through the regular botanical garden areas to the children’s garden, many children noticed and asked questions about plants.",https://doi.org/10.31390/gradschool_dissertations.3579,https://repository.lsu.edu/cgi/viewcontent.cgi?article=4578&context=gradschool_dissertations,,gold,0,1,sistema=0;relevancia-campo=1,candidato-por-metadados,Descoberta bibliográfica; análise posterior.
20260907T171423Z,1.2.0,"""conversation design""",OpenAlex,https://openalex.org/W144001869,,Teacher Cognitions in Relation to Pedagogical Practices and Transformative Learning for Purposes of Pre-service Teacher Education,2015,Robin Reginald Bell,article,"This study purpose is to explore the connection of teacher beliefs, knowledge about education, teaching, and learning in relation to classroom practice of university academics, who use transformative pedagogies to teach education courses on diversity, social justice and equity. The study is built on the assumption that teaching is a cultural construct (Hollins, 2011b). Second, the study is built on the assumption that human learning is a multi-dimensional and complex process mediated through culture and situated in a particular institutional setting (Wertsch et al., 1995). The study attempts to accomplish this aim through an interpretive, qualitative evaluation of one, African-American university professor’s ideological beliefs and the socialization of these beliefs on education, human learning, knowledge and its relationship to teaching in his classroom. He is situated in a conservative, Protestant, liberal arts institution to prepare pre-service teachers to teach students from varying cultures and ethnicities that differ from their own. To allow the discourse of power and privilege to go unchallenged and unshaped in teacher education programs for pre-service teachers will not support the learning of diverse and underserved students (Hollins, 2011b). The education process of preparing the next generation of pre-service teachers is complex. . . such complexity requires teacher educators to develop programs that will create habits of mind that replace the dominant social discourse of power and privilege in teacher learning. In addition, to change the social discourse, teacher education programs must focus on education research and practice in teacher preparation that explores all voices, not just the dominant voices of research on teacher education, even if it means examining hard questions about one’s own personal perspective on these issues.",https://digitalcommons.hamline.edu/hse_all/85,https://digitalcommons.hamline.edu/hse_all/85,,green,0,2,sistema=0;relevancia-campo=2,candidato-por-metadados,Descoberta bibliográfica; análise posterior.
20260907T171423Z,1.2.0,"""conversation design""",OpenAlex,https://openalex.org/W2953310641,,Processes of Developing Effective Researcher-Practitioner Partnerships in Education: A Content Analysis of Grant Related Documents,2019,Tamara Ianthe Gibson-Alonso,dissertation,"Abstract Research indicates that understanding the influence of leadership and partnership development can inform the need to improve public education (Penuel & Gallagher, 2017). Although leadership theory and change theory support the need for partnerships in education, less attention has been given to how such partnerships develop and the role that leadership plays in that process. Therefore, the present study explored the role of leadership within researcher-practitioner partnerships and the process of developing sustainable partnerships in education as documented in a set of federal grant proposals, their final reports, and other descriptions of their efforts. Grant documents examined were awarded from the 2013 funding announcement of the U.S. Department of Education Institute of Education Sciences (IES) Researcher-Practitioner Partnerships (RPP) in Education Research program. In-depth qualitative document analysis provided a means to unobtrusively examine and interpret comprehensive, historical data (Corbin & Strauss, 2008; Patton, 2002). Directed content analysis (Hsieh & Shannon, 2005; Kaid & Johnston-Wadsworth, 1989) of the documents directed the process of data collection. This process used key concepts from the literature on transformational leadership, shared leadership, and leadership for change as the initial framework for data collection. Data analysis employed Eisner’s (1998) process of educational criticism using description, interpretation, evaluation, and thematics. Hatch’s (2002) process of typological analysis led to four typologies to organize the data for description and interpretation: capacity building; strategies for partnership development; approaches to communication; and the role of reflection in partnership development. The evaluation dimension of educational criticism indicated that partnerships employed shared leadership with evidence of internal and external support and a cultivation of shared commitment. Themes indicated that partnerships focused on both rigorous research and reflective practice, leaders engaged partners in establishing the infrastructure and strategic plans of the partnership, and partnerships galvanized support to address complex social issues beyond their formal organizational structure. Recommendations for future research include the need: (a) to explore the dynamics of communication in partnership work; (b) to clarify and facilitate the process of change in grant and project development; and (c) to develop of a process for sustainability beyond a specific grant or project. Recommendations for practice include the need: (a) to explore the cultivation of relationships in support of partnership development; (b) to identify clearly the primary issue to be addressed in the work of the partnership, and (c) to clarify mutual outcomes. Conclusions from the present study indicate the importance of a focus on the deliberate development of the researcher-practitioner partnerships themselves, the importance of concrete strategies for sharing leadership, and the importance of the development of professional relationships that support sustainability in partnership development.",https://digitalcommons.unf.edu/etd/867,https://digitalcommons.unf.edu/cgi/viewcontent.cgi?article=1937&context=etd,,green,0,1,sistema=0;relevancia-campo=1,candidato-por-metadados,Descoberta bibliográfica; análise posterior.
20260907T171423Z,1.2.0,"""conversation design""",OpenAlex,https://openalex.org/W2265501584,,Hvordan dannes olje og gass? : Alternative forestillinger hos skoleelever om dannelse og utvinning av olje og gass,2008,Ole Anders Eide-Fallet,dissertation,"Oppgaven omhandler alternative forestillinger i geofag, og spesielt ved dannelsen og utvinningen av olje og gass. Problemstillingen er å kartlegge alternative forestillinger hos motiverte geofagstudenter, og se de alternative forestillingene i forhold til konstruktivistiske retninger samt læreplaner og lærebøker. Dette innebærer å se på årsaker, tilnærminger til, og endring av alternative forestillinger i det spesifiserte fagfeltet. \nTre aspekter ved oppgaven stod sentralt med tane på ønsket om å skrive den; 1) det var spennende å se hvilke alternative forestilinger skoleelever i geofag besitter/kan besitte; 2) det var interessant å få et innblikk i hvordan elever forklarer vitenskapelige fenomener; og 3) temaet er nyttig med tanke på fremtidig undervisning og yrkespraksis. Altså er oppgavens praksisbetydning stor, da den gir eksempler på hvilke alternative forestillinger som fins i geofag. \nMetode og data. Metodene som er brukt i forbindelse med oppgaven er basert på en analyse av kvalitativt materiale sett i en fenomenologisk sammenheng. Data som er innhentet i oppgaven er kvalitativt materiale bestående av elevsvar fra en spørreundersøkelse. Testen ble gjennomført to ganger, delt av en selvstudiumsekvens der elevene brukte et spesielt medium. \nResultatene fra undersøkelsen sammenfatter typer av alternative forestillinger, og er hovedsakelig er den tenkt i undervisningsområder relatert til olje og gass. \nI tillegg til det rent faglige i forbindelse med geofag, påpekes de læringmessige implikasjonene ved alternative forestillinger. Altså hvordan disse legger føringer for undervisningen sett i et konstruktivistisk perspektiv. Videre er det naturlig å påpeke betydningen av den nåværende læreplanen i forhold til utvikling og opprettholdelse så vel som avvenning av, alternative forestillinger om dannelse og utvinning av olje og gass. Samtidig skisseres fremtidige fokusområder i form av mer forskning på alternative forestillinger i norsk sammenheng, og nytteverdien av kunnskap om alternative forestillinger i skolesammenheng vektlegges.",http://hdl.handle.net/10852/32350,http://hdl.handle.net/10852/32350,other-oa,green,0,0,sistema=0;relevancia-campo=0,candidato-por-metadados,Descoberta bibliográfica; análise posterior.
20260907T171423Z,1.2.0,"""conversation design""",OpenAlex,https://openalex.org/W7113001557,,Disseny i implementació dels serveis de radiodifusió d'un Esdeveniment Multiesportiu,2016,"Galán Marcos, Esteban",dissertation,"The project describes the technical side of the host broadcaster operation for the first European Games Baku 2015, a new multi-sport event.",https://hdl.handle.net/2117/88112,http://hdl.handle.net/2117/88112,other-oa,green,0,0,sistema=0;relevancia-campo=0,candidato-por-metadados,Descoberta bibliográfica; análise posterior.
20260907T171423Z,1.2.0,"""conversation design""",OpenAlex,https://openalex.org/W2800815322,,"""I remember when you taught me that!"" Developmental and gender differences in children's episodic memories of learning events during the early school years",2011,Rhyannon H. Bemis,article,"The study presented in this dissertation was designed to investigate young children's ability to accurately recall episodic (i.e., specific-one-moment-in-time) memories of learning events and whether this ability was related to another metacognitive skill, source monitoring. Further, the study investigated possible gender differences in the ability to recall learning events. Sixty children, ages four to six years, participated in two staged learning events about two novel topics, the Aleutian Islands and the visual system. Following a delay, children were interviewed and asked both general factual knowledge questions and questions about the target material learned in the staged events. Children were asked to provide an answer to each question and to indicate 1) if they knew the answer or had guessed and 2) if they remembered the moment they learned the answer or did not remember. Two weeks after this interview, 58 of the children completed a replication of the source monitoring task developed by Taylor et al. (1994). Results indicated that children as young as four years old could provide memories of learning events and that there were few age differences between the accuracy of four- and five-year-olds' memories. Contrary to predictions, gender differences in episodic recall generally favored boys, with boys providing more memories that were coded as consistent with specific and being more likely to accurately report learning the target material in the staged learning events. Finally, the ability to recall episodic memories of learning events was not entirely related to source monitoring ability, as measured by the Taylor et al. (1994) task, indicating a more nuanced view of memory development. Implications for educators and for theories of memory development are discussed.",https://scholars.unh.edu/dissertation/553,https://scholars.unh.edu/dissertation/553,,green,0,2,sistema=0;relevancia-campo=2,candidato-por-metadados,Descoberta bibliográfica; análise posterior.
20260907T171423Z,1.2.0,"""conversation design""",OpenAlex,https://openalex.org/W4206230027,https://doi.org/10.17771/pucrio.acad.49982,PROMOTING CONVERSATIONAL APIS: A CONCEPTUAL FRAMEWORK AND A METHOD FOR API DESIGN,2020,JOAO ANTONIO DUTRA MARCONDES BASTOS,dissertation,To all,https://doi.org/10.17771/pucrio.acad.49982,https://www.maxwell.vrac.puc-rio.br/49982/49982.PDF,public-domain,gold,0,2,sistema=0;relevancia-campo=2,candidato-por-metadados,Descoberta bibliográfica; análise posterior.
20260907T171423Z,1.2.0,"""conversation design""",OpenAlex,https://openalex.org/W7165640433,https://doi.org/10.5525/gla.thesis.86054,"Exploring Science Capital in a London-based Further Education college: diverse science students’ and their teachers’ [mis]conceptualisations, and inclusive strategies",2026,Ann Bosede-Toluhi Obatomi,dissertation,"This study critically examines the [mis]conceptualisation, experience, and operationalisation of Science Capital (SC) within the vocational applied science sector at a Further Education (FE) college in North London. Drawing on Archer et al.’s (2013, 2015) multidimensional SC framework, which is adapted from Bourdieu’s theories of capital, habitus, and field (Bourdieu and Passeron, 1990; Bourdieu and Wacquant, 1992), this study adopts an interpretivist-constructivist paradigm to explore how multi-ethnic, socio-economically diverse students and their teachers perceive and experience SC in a post-compulsory FE college setting. Using semi-structured interviews with 13 students and 4 teachers, analysed through Braun and Clarke’s reflexive thematic framework (2006, 2019, 2024), SC is revealed as a fluid, context-sensitive construct shaped by identity, institutional structures, and socio-cultural experiences. A key contribution of this study is the introduction of linguistic capital, particularly English language proficiency (ELP), as a critical mediator of science engagement. EALS students reported facing compounded barriers in comprehension and participation, which dominant SC models often overlook. In addition, an intersectional lens highlights how ethnicity, gender, socioeconomic status, and language interact to shape SC unevenly. This study critiques Western-centric epistemologies embedded in SC frameworks, advocating for the inclusion of non-Western knowledge systems and culturally embedded literacies. SC is reconceptualised as dynamic and developmental, shaped by informal learning, media engagement, and institutional support. This study calls for culturally responsive pedagogies, linguistically inclusive curricula, and targeted interventions.",https://theses.gla.ac.uk/86054/6/2025ObatomiEdD.pdf,https://theses.gla.ac.uk/86054/6/2025ObatomiEdD.pdf,cc-by,green,0,1,sistema=0;relevancia-campo=1,candidato-por-metadados,Descoberta bibliográfica; análise posterior.
20260907T171423Z,1.2.0,"""conversation design""",OpenAlex,https://openalex.org/W7170125850,,The Lived Experiences of School Counselors in Counselor Education and Supervision Doctoral Programs: A Phenomenological Study of Self-Efficacy and Professional Identity,2026,Bryana Lynn Caviness,article,"The purpose of this phenomenological study was to explore the perceived impact of doctoral studies on self-efficacy for school counselors who have earned a Doctor of Philosophy (PhD) in Counselor Education and Supervision (CES) from CACREP-accredited programs. The theory guiding this study is Bandura’s Self-Efficacy Theory as it emphasizes the role of beliefs in one’s capabilities to manage prospective situations. This study sought to understand the lived experiences of these professionals and how their doctoral education influenced their confidence in performing the multifaceted roles of school counseling. By capturing these lived experiences, the study aimed to identify both the strengths and limitations of current CES doctoral programs in fostering school counselor self-efficacy.",https://digitalcommons.liberty.edu/doctoral/8672,https://digitalcommons.liberty.edu/cgi/viewcontent.cgi?article=9731&context=doctoral,,green,0,0,sistema=0;relevancia-campo=0,candidato-por-metadados,Descoberta bibliográfica; análise posterior.
20260907T171423Z,1.2.0,"""conversation design""",OpenAlex,https://openalex.org/W3122562568,,Co-creating the Service Encounter: The Relational Dynamics of the Hair Salon,2020,Oonagh Harness,dissertation,"The PhD thesis is empirically focused within the context of hairdressing, a highly affective, emotionally charged form of service work. Conceptually, the thesis seeks to unpack the service encounter by considering how the worker’s embodied and interpersonal skills coalesce with the material landscape to create a service experience that effectively engages the customer. To further illustrate the customer’s role, the notion of ‘co-creation’ is drawn upon. This marks a departure from a sociological depiction of the customer as either shrouded in mystery, entirely passive and/or disruptive. In exploring the relational skills required to engage customers, this thesis provides a far-reaching, trans-temporal narrative that illustrates how ‘soft skills’ flourish. I employ a qualitative methodology comprised of ethnographic observations and various types of interviews to obtain data that offers a rich and vivid insight into service work. I show how relational and embodied capacities flourish to allow a well-honed, fluid performance adapted to the nuances of each interaction. The thesis is also corporeally focused, as the nature of the work performed becomes inscribed upon the customer’s body. I therefore examine the body of the worker as part of the broader ‘servicescape’ that foregrounds both interaction and bodywork.",http://etheses.dur.ac.uk/13814/,http://etheses.dur.ac.uk/13814/1/Harness000672475_PDF.pdf,cc-by,green,0,3,sistema=0;relevancia-campo=4,candidato-por-metadados,Descoberta bibliográfica; análise posterior.
20260907T171423Z,1.2.0,"""conversation design""",OpenAlex,https://openalex.org/W7167577541,https://doi.org/10.32782/978-83-66567-96-2,Transformational processes: global resilience and development,2026,,book,"Conceptual bases of socio-communicative public administration in the educational sphere Концептуальні основи соціокомунікативного публічного адміністрування освітньою сферою (Petro KUKHARCHUK, Olena PAVLENKO, Kseniia DITSMAN)…………………….1.12.Leadership in the context of digital transformation of public administration: mechanisms for the development of e-governance and professionalization of the public service (Tetiana HALYCH, Volodymyr ZAIACHKOVSKYI)………………….……………….….1.13.Transformation of public administration paradigms: from the bureaucratic model to good governance Трансформація парадигм державного управління: від бюрократичної моделі до належного врядування (Yaroslav RADYSH)………………….……………………………………………….………..…….1.14.Mechanisms for preserving the intellectual potential of the state Механізми збереження інтелектуального потенціалу держави (Svitlana Zharaya)………………….……………………………………………….…………….….",https://doi.org/10.32782/978-83-66567-96-2,https://doi.org/10.32782/978-83-66567-96-2,,gold,0,3,sistema=0;relevancia-campo=3,candidato-por-metadados,Descoberta bibliográfica; análise posterior.
20260907T171423Z,1.2.0,"""conversation design""",OpenAlex,https://openalex.org/W4244303309,https://doi.org/10.17993/3ctic.2017.55,,2017,,paratext,3C TIC. Cuadernos de desarrollo aplicados a las TIC.Periodicidad trimestral.Quarterly periodicity.,https://doi.org/10.17993/3ctic.2017.55,https://www.3ciencias.com/wp-content/uploads/2019/10/revista_3C-TIC-Edicion-especial-oct-2019.pdf,,gold,0,0,sistema=0;relevancia-campo=0,candidato-por-metadados,Descoberta bibliográfica; análise posterior.
20260907T171423Z,1.2.0,"""conversation design""",OpenAlex,https://openalex.org/W3120573917,https://doi.org/10.21606/drs.2020.1,DRS2020: Synergy,2020,"Boess, Stella; Cheung, Ming; Cain, Rebecca",paratext,"The overall theme for DRS2020 is Synergy – the coming together of people and disciplines in design research to create a positive impact. On the one hand, design research champions the uniqueness of disciplinary knowledge and creativity, yet on the other hand, the complex world we now live in demands a more synergistic approach to creativity and problem- solving whereby different mindsets, backgrounds and perspectives come together to realise transformative visions of the future. DRS2020 celebrates these emerging synergistic approaches to design research and seeks to explore their exciting possibilities for addressing multi-faceted problems, supporting participation, and transforming problematic situations into desirable ones.",https://doi.org/10.21606/drs.2020.1,https://dl.designresearchsociety.org/cgi/viewcontent.cgi?article=1023&context=conference-volumes,cc-by-nc,hybrid,0,1,sistema=0;relevancia-campo=1,candidato-por-metadados,Descoberta bibliográfica; análise posterior.
20260907T171423Z,1.2.0,"""conversation design""",OpenAlex,https://openalex.org/W3185233832,,Proceedings of DRS2020: Volume 1 Synergy Situations,2020,Stella Boess; Ming Cheung; Rebecca Cain,conference-paper,"The overall theme for DRS2020 is Synergy – the coming together of people and disciplines in design research to create a positive impact. On the one hand, design research champions the uniqueness of disciplinary knowledge and creativity, yet on the other hand, the complex world we now live in demands a more synergistic approach to creativity and problem- solving whereby different mindsets, backgrounds and perspectives come together to realise transformative visions of the future. DRS2020 celebrates these emerging synergistic approaches to design research and seeks to explore their exciting possibilities for addressing multi-faceted problems, supporting participation, and transforming problematic situations into desirable ones.",https://figshare.com/articles/conference_contribution/Proceedings_of_DRS2020_Volume_1_Synergy_Situations/13073207,https://figshare.com/articles/conference_contribution/Proceedings_of_DRS2020_Volume_1_Synergy_Situations/13073207,cc-by-nc,green,0,1,sistema=0;relevancia-campo=1,candidato-por-metadados,Descoberta bibliográfica; análise posterior.
20260907T171423Z,1.2.0,"""conversation design""",OpenAlex,https://openalex.org/W1528636794,,When two cultures cross: perceptions of educational leaders on the factors that support missionary kid's re-entry process to their home culture,2015,Cassidy Skylar Isch,dissertation,"It amazes me to think of the blessings I have had and the incredible support system around me.These are a few of the numerous individuals and groups that have encouraged me, challenged me, supported me, loved me, listened to me, and inspired me.I thank you all for impacting me.Kari -You are incredible.I lack words to describe how much you mean to me and to encompass all that you have done for me.You have been my go-to editor, the person I bounce ideas off of, my devil's advocate, and my constant supporter.You stayed up many late nights while I read and wrote and you have an incredible amount of patience and compassion.We are partners forever.I am thankful for every day that I am able to spend with my best friend.Barbara and Thom -You two have given me the total utmost support in any endeavor I have pursued.Thank you for being my cheerleaders along the way; providing support, encouragement, a good word, a needed visit, and so much more.I absolutely would not be the same person without your nurture.Chris and Cesar -From the very beginning of the program we had the connection of ""The Three Cs"" and stayed together through and through.You two helped me stay focused on the end result and reminded me to keep going when I was feeling lost, hopeless, and ready to quit.vii Aja -You came in at the end, but you were there right when I needed you.You have been able to understand my struggles and have totally supported me in such needed ways.Emails, notes, books, personal encouragement, and confidence all aided me in the final steps of the journey.Samuel -You have been a huge supporter of me through this whole process, especially when I needed it most at the end.You have challenged me to become a better professional and I appreciate our friendship.Michael -You are methodical and incredibly observant.When others are performing for show, you are doing the right thing because you care about the process and the end result.You have shown me to focus on the things that matter.Tim-You are an exceptional leader and wonderful visionary.When the rest of the pack is still at square one, you are looking ten steps ahead.You saw the potential in me and encouraged me in my professionalism, innovation, and loyalty.Ty -You have been my mentor for a longer period of time than anyone.You first introduced me to the idea of serving in a Student Affairs capacity; you first introduced me to pursuing a Master's degree while maintaining an assistantship; and you first introduced me to chasing a Doctorate degree in Education.You have done all this not only through your words, but also through your actions.Cohort Six -For the last three years we have been a family.We went beyond Friday nights and Saturday class sessions.Few people understand the reality of being a doctoral viii student while still working full time jobs, but I know that my cohort is fully aware of the challenges.You all have supported me with food, rides, study tips, reading summaries, encouraging words, constructive feedback, and professional advice.Family -My family has been a part of this journey.Thank you for being understanding and supportive of me through the process.Now you have me if you need a doctor's note.Prayer Partners -There have been many of you who have selflessly prayed encouragement, strength, focus, vision, and endurance for me.I am so grateful that you called upon our Lord to help me in moving along in this process.iCHED -Your assistance with the initial dataset was invaluable.Lyn, Lynee, and Marti, you are experts in the field and greatly expanded my knowledge of TCKs and MKs.Vern -You have such passion and love outpouring from your life.Thank you for your commitment to Bible translation and to getting Kari and I on our path.You are an incredible advocate for us.Thank you for your continual encouragement and prayers in narrowing my dissertation topic.Survey Participants -You all are the real heroes of this process.Without you, this would be a regurgitation of other books and articles rather than the doctoral research that it is.Thank you for taking the time to be honest about the challenges and support systems impacting MKs.I know the timing (the end of the semester and start of winter break) was not ideal; so it was with great appreciation and excitement that I received each of your completed surveys.ix Dissertation Committee -My committee has been nothing short of amazing and perfectly fitting for me.I really wasn't sure how my dissertation topic would fly in academia, but the three of you have supported me and the work I have done seamlessly.Dr. Rose Borunda, you are such a wonderful communicator and a champion of student success.I wish I could have had more opportunities to glean knowledge from you throughout the EDD program.Dr. Dan Melzer, you are such a joy to work with.Whether it is in a Skype session, the library basement, or a traditional classroom, you are straight to the point and supportive all the way.Thanks for giving honest feedback and helping me navigate the system.Dr. EunMi Cho, I feel so privileged that our paths crossed.You do incredible work with missions and have an outstanding perspective on Missionary Kids that you bring to the table.",http://hdl.handle.net/10211.3/139494,http://hdl.handle.net/10211.3/139494,,green,0,0,sistema=0;relevancia-campo=0,candidato-por-metadados,Descoberta bibliográfica; análise posterior.
20260907T171423Z,1.2.0,"""conversation design""",OpenAlex,https://openalex.org/W1434722807,,"Just a ""Click"" away from evidence-based online breast cancer information, advice and support provided by a specialist nurse: An ethnonetnographic study",2015,Cynthia Witney,dissertation,"Breast cancer has had, and will continue to have, a devastating impact on the lives of many Australian women, their families, friends and the wider community. The concomitant treatment of this disease places a considerable burden on the health care system and the supporters of the person diagnosed with this disease. While there are many government and non-government organisations that provide treatment and support services for the person with breast cancer, these services are usually provided in person either in the home or at the organisation’s offices. This study extended the information advice and support aspects of these services to the online or Internet based realm via the design and development of a breast cancer focused online support community www.breastcancerclick.com.au and explored the role of the expert nurse through the employment of a specialist breast care nurse as a member, moderator and health professional within this online community. This study used an ethnonetnographic approach, including online (on the Internet) and offline (face-to-face) methods, to explore the role of the specialist breast care nurse within the online, breast cancer support, community. The study was comprised of three phases, Phase One, the offline and online identification of the information, advice and support needs of Western Australian women with breast cancer and their Internet use; development of a website designed to meet those needs and to foster the development of an online support community; Phase Two, the employment and introduction of a specialist breast care nurse as a member and provider of evidence-based information, advice and support for online community members; Phase Three, the online and offline collection of data relevant to the role of the specialist breast care nurse within the online support community. The identification of the expert nurse as a linchpin in the patient’s care and communication has implications for future nursing practice and curricula as well as consumers of health care. Recommendations arose from the findings in relation to further research, nursing practice, education these recommendations indicate an innovative extension to expert nursing practice and together the elementary guidelines for health professional when developing an illness specific online support community foreshadow a future direction for nursing, in line with the digital age.",https://ro.ecu.edu.au/theses/1679,https://ro.ecu.edu.au/theses/1679,,green,0,2,sistema=0;relevancia-campo=2,candidato-por-metadados,Descoberta bibliográfica; análise posterior.
20260907T171423Z,1.2.0,"""conversation design""",OpenAlex,https://openalex.org/W2791553443,https://doi.org/10.17918/etd-7622,Humanizing Mathematics: An Amalgamation of Constructionist Theory and Situated Cognition in the Mathematics Classroom,2017,Brian M. Reilly,dissertation,"A primary contributor to facilitating student learning in mathematics includes the mathematics teacher.The design of instructional delivery, presentation of engaging activities and analysis of student feedback are the key responsibilities that mathematics teachers are tasked with in order to present learning opportunities to the students.The approach to satisfying these responsibilities is contingent on the teachers' values and beliefs regarding the various aspects of mathematical proficiency.In this study, I have investigated teachers' valuation of two of these aspects: procedural fluency and conceptual understanding.The literature on these two aspects of mathematical proficiency has focused almost exclusively on elementary teachers.Research studies have uncovered a proclivity of elementary teachers toward procedural learning despite the abstract nature of mathematical processes.Elementary teachers have been found to possess a certain aversion toward a deeper conceptual understanding of mathematics.With regard to secondary teachers, the research is more focused on instructional strategies that emphasize mathematical concepts, but neglect the relationship that these concepts may have to the robust procedures that allow students to process known values as they attempt to discover solutions to both prescribed and unique problems.This study examined the values that secondary teachers place upon two learning constructs within the framework of mathematical proficiency, and how these values influence their approach to teaching.""How do secondary mathematics teachers value procedural fluency and conceptual understanding in their instructional practices?"" is the fundamental question of this study.The study reaches beyond this initial question to also examine the root causes of the establishment of these values by asking ""how do teachers develop their value-system of procedural fluency and conceptual understanding in their instructional practices?"".This study consisted of two phases.In phase one, teachers completed a 27-item survey instrument in order to gather responses about their beliefs regarding conceptual understanding, procedural fluency and a blend of the two constructs.Phase two consisted of a focus group interview of teachers to delve deeper into the source of the various belief systems that serve as the foundation for mathematics instruction in secondary schools in southeastern Pennsylvania.",https://researchdiscovery.drexel.edu/esploro/outputs/doctoral/Humanizing-mathematics/991014632321604721,https://researchdiscovery.drexel.edu/view/delivery/01DRXU_INST/12321358930004721/13321533430004721,other-oa,green,0,1,sistema=0;relevancia-campo=1,candidato-por-metadados,Descoberta bibliográfica; análise posterior.
20260907T171423Z,1.2.0,"""conversation design""",OpenAlex,https://openalex.org/W7200341876,,Justice perceptions of performance appraisal among workers in selected occupations in Maseru City,2019,Mammefane Letooane,dissertation,"Employees are the recipients of performance appraisal; how they perceive this system or process within their organisation has an impact on the way they feel about it. Perceptions of fairness within performance appraisal systems also tend to have effects on employees’ commitment, job satisfaction, job performance and intention to quit. Despite this, very little research has concentrated on perceptions of fairness of performance appraisals processes even though the system itself and its outcomes has important consequences for both employees and the organisation. In the context of Lesotho, to date, there is no published empirical evidence found which investigates individual reactions to performance appraisals, especially one which focuses on workers from different occupations. Therefore, this study examined employees’ perceptions of fairness of performance appraisal practices and their effect on work behaviours with the aim of voicing the silenced opinions of workers from different occupations, to capture the personal experiences of undergoing performance appraisal. Lawler’s (2001) Affect Theory of Social Exchange was used to theorise performance appraisal as a form of social exchange or a ‘joint activity’ of two or more actors; where each actor had something the other valued. Since it asked questions about experiences, meanings and perspectives from the standpoint of the participant, this study utilised phenomenology as a research design. The data was collected using in-depth interviews among 13 purposively selected participants from selected villages in Maseru City. Thematic analysis key theme ‘Performance Appraisal as Emotional Response’. It showed that performance appraisal, as a form of productive social exchange, is affect laden due to the experiences employees had with regards to the task of appraisal (process), the interaction with the other during appraisal, involvement within the social unit during the setting up of appraisal standards and finally feelings towards own self as a result of the appraisal score attained. Therefore, with regards to justice perceptions of performance appraisal, it was concluded that workers attached emotions derived from their perceptions of the task, the self, the other and the social unit.",https://repository.tml.nul.ls/handle/20.500.14155/1622,https://repository.tml.nul.ls/bitstreams/0a70b7d0-43a3-47ab-a941-c1822616e980/download,,green,0,3,sistema=0;relevancia-campo=5,candidato-por-metadados,Descoberta bibliográfica; análise posterior.
20260907T171423Z,1.2.0,"""conversation design""",OpenAlex,https://openalex.org/W4319953059,https://doi.org/10.17760/d20467229,Automating cancer genetic counseling with embodied conversational agents: a computational framework for Genetic risk communication,2021,Shuo Zhou,dissertation,"Genetic risks can inform how genes affect an individual's likelihood of developing hereditary cancer syndromes. Effective communication of genetic risk is increasingly important for cancer prevention and treatment. Based on an individual's risks, existing medical guidelines can recommend risk-reducing behaviors such as genetic screening, cancer screening, lifestyle behavior change, medications, or preventive surgeries. Therefore, it is important that individuals understand their genetic risks and adhere to these screening and risk reduction guidelines. While human genetic counselors are effective at communicating risks and motivating adherence to medical guidelines, many people do not have access to these experts, and existing self-help materials are not effective, especially for individuals who have difficulty understanding health or numeric concepts. Furthermore, receiving and comprehending genetic risk does not always guarantee that people will engage in recommended risk-reducing behaviors. Automated approaches that feature a pedagogical embodied conversational agent (ECA) functioning in the role of a virtual genetic counselor, may address these barriers. In this dissertation, I propose a computational framework for genetic risk communication, driven by intelligent tutoring systems architecture and techniques, risk communication principles, and information processing theories. I report the design and evaluation of three prototypes for breast cancer genetic counseling, implemented based on the presented framework through an iterative and incremental process. The implemented prototypes are able to communicate to users about their breast cancer genetic risks, and motivate at-risk individuals to adhere to breast cancer prevention and detection guidelines. Evaluation of the first prototype examines the acceptance of a virtual genetic counselor. The second prototype leverages the architecture and techniques of intelligent tutoring systems to provide adaptive risk education based on dynamic user comprehension assessments. Adopting information processing theories, the third prototype extends the design to provide adaptive adherence motivation. A final randomized between-subject evaluation study with 30 women comparing the adaptive virtual counselor to a non-adaptive one and a control condition, demonstrated the efficacy of the implemented adaptation mechanisms. Women in the adaptive condition had significantly greater knowledge gain in breast cancer genetics compared to women in the other two conditions. Findings from these evaluation studies demonstrate the efficacy of multidimensional tailoring and adaptation of risk communication based on user traits and dynamic assessments. This dissertation contributes to the field of genetic risk communication by presenting ECA-based automated approaches to risk communication and adherence motivation. This work also provides empirical evidence that pedagogical ECAs can be used effectively for health education and counseling.--Author's abstract",http://dx.doi.org/10.17760/d20467229,https://repository.library.northeastern.edu/files/neu:4f186n006/fulltext.pdf,,gold,3,6,sistema=2;relevancia-campo=3,candidato-por-metadados,Descoberta bibliográfica; análise posterior.
20260907T171423Z,1.2.0,"""conversation design""",OpenAlex,https://openalex.org/W580889814,,"The Electrification of Transportation in Oregon: Opportunities for University, Government, and Industry Collaboration",2012,Elaine Marie Phillips,dissertation,"To promote economic recovery and create jobs, Oregon has developed a collaborative approach to economic development and turned its attention to stimulating the growth of competitive industry (Porterian) clusters. The electric vehicle (EV) cluster is one of the state's 21 priorities. With federal funding for electric vehicle infrastructure and The Electrification of Transportation initiatives, momentum is building. The Oregon University System, a number of state agencies and a coalescing group of EV entrepreneurs are pushing Oregon forward as a major player in the global marketplace. This thesis reviews an Oregon Transportation Research and Education Consortium study to determine whether the institutions of the Oregon University System and the state government are meeting the needs of EV entrepreneurs in this effort. The review concludes that Oregon's institutions need to further develop their collaborative networks with entrepreneurs for Oregon to be a competitor.",http://hdl.handle.net/1794/12473,http://hdl.handle.net/1794/12473,,green,0,0,sistema=0;relevancia-campo=0,candidato-por-metadados,Descoberta bibliográfica; análise posterior.
20260907T171423Z,1.2.0,"""conversation design""",OpenAlex,https://openalex.org/W3186814680,https://doi.org/10.26021/11259,Beyond ‘the limits and the terms’: narrative technique and ethical reading in the fiction of Ian McEwan.,2021,Harris Neil Williamson,dissertation,"In this thesis, I explore the link between narrative technique and ethical reading in the fiction of Ian McEwan. Specifically, I use narratological concepts to examine the way in which McEwan encourages an ethical approach to reading: one which does not seek to “interpret” via hermeneutic systems, but rather reads with an attitude of humility and openness. Furthermore, I explain how McEwan thematises the acts of reading and writing in order to investigate the ethical tensions present in the production and receipt of narratives, literary or otherwise. Finally, I discuss the moral dramas that McEwan stages throughout his fiction, suggesting a connection between his characters’ epistemic outlooks—the way they “read” the world—and their ethical conduct. I analyse these features of McEwan’s work through a number of close readings of his texts, including his first short story collection, First Love, Last Rites (1975), and his novels The Cement Garden (1978); Saturday (2005); Solar (2010); Enduring Love (1997); and Atonement (2001). Ultimately, I argue that McEwan’s fiction advocates for, and lends itself to, ethical reading: a practice which, while potentially unsettling and destabilising, rejuvenates our old modes of thinking about literature, and, indeed, the world around us.",https://hdl.handle.net/10092/102204,https://hdl.handle.net/10092/102204,,green,0,1,sistema=0;relevancia-campo=1,candidato-por-metadados,Descoberta bibliográfica; análise posterior.
20260907T171423Z,1.2.0,"""conversation design""",OpenAlex,https://openalex.org/W2159530480,https://doi.org/10.34737/964y6,A critical history of the Soho Theatre: 1968-1975,2014,Matthew Morrison,dissertation,"This thesis represents the first detailed account of the Soho Theatre’s early history, from 1968 to 1975. During this period, ‘Soho’ was a pioneer of lunchtime theatre, offering a challenge to conventional theatre-going practice and placing new demands on writers, director and designers. Soho quickly established a dominant position on the burgeoning fringe and alternative theatre scene. It did so, however, in spite of critical misgivings about the value of the lunchtime ‘movement’. Commentators often failed to appreciate the innovative qualities of lunchtime work, finding fault with what they saw as a random approach to programming and an apparent lack of clear artistic policy. Many later theatre histories have reproduced this critique. As well as documenting the Soho Theatre’s history, therefore, this study offers a reassessment of the contribution it, and other lunchtime companies, made to the theatrical activity of the time. In my first chapter, I trace the development of the lunchtime theatre phenomenon, situating it within a number of theatrical, political and cultural contexts. I consider its complex relationship with the Arts Council and engage with some of the more dismissive accounts of its practices, revealing the ideological positions on which such assessments rest. In Chapter Two, I examine the company’s first ‘home’, at Le Metro Club on New Compton Street, and show how it quickly became an integral part of the developing theatrical landscape. In Chapter Three, I concentrate on Soho’s time at the King’s Head pub in Islington. Here it mounted a series of productions that challenged traditional notions of the ‘one-act’ play and tested the boundaries of the performance space. In 1972, the Soho Theatre moved again, to a basement on Riding House Street owned by the Polytechnic of Central London. Chapters Four and Five examine the company’s first years at what became known as the Soho Poly. I pay particular attention to the importance of the venue itself, showing how it played a crucial role in Soho’s survival. I conclude by arguing that existing studies of fringe and alternative theatre have underestimated the values of ‘eclecticism’, ‘contingency’ and ‘responsiveness’ that often characterised the Soho Theatre and other companies on the lunchtime scene.",http://westminsterresearch.wmin.ac.uk/14712/1/Matthew_MORRISON_2014.pdf,http://westminsterresearch.wmin.ac.uk/14712/1/Matthew_MORRISON_2014.pdf,,green,0,3,sistema=0;relevancia-campo=3,candidato-por-metadados,Descoberta bibliográfica; análise posterior.
20260907T171423Z,1.2.0,"""conversation design""",OpenAlex,https://openalex.org/W7152944689,,Exploring Pre-Kindergarten Teachers' Experiences With Engaging Black Boys in Literacy Instruction,2025,Airreia Faith Pierce,dissertation,"Recent studies convey the critical need for teachers to use culturally relevant pedagogy (CRP) to engage Black boys in literacy instruction. The problem was that in the Sunshine School District (SSD: a pseudonym), pre-kindergarten (pre-K) teachers found it challenging to engage Black boys in literacy instruction. Framed by Ladson-Billings’s CRP, the purpose of this basic qualitative study was to explore how pre-K teachers engaged Black boys in literacy instruction and how teachers’ instructional practices aligned with CRP. To collect data, a purposeful sample of 11 pre-K teachers from SSD participated in semistructured interviews. Thematic analysis, using open coding, was applied to determine the three themes indicating how pre-K teachers: (a) created learning environments which extended beyond the school, (b) faced challenges in meeting the instructional needs of Black boys and desired ongoing training, and (c) used some practices that were inconsistent with CRP. In response to the findings, a 3-day professional learning (PL) was developed to benefit teachers in understanding CRP and providing ongoing support. The results showed how teachers provide learning environments that align with academic achievement, partial cultural competence, and zero critical consciousness based on the meaning of CRP. If the PL project is implemented, teachers may promote positive social change in the classroom that reinforces support for Black boys, and the ongoing training may increase instruction to better align with CRP. This kind of engaging, relevant instruction may better meet the needs of Black boys, which may help promote better engagement and kindergarten readiness. By promoting kindergarten readiness, young children are more likely to succeed in school and more likely to persist in their education.",https://scholarworks.waldenu.edu/dissertations/19678,https://scholarworks.waldenu.edu/context/dissertations/article/22142/viewcontent/Pierce_Exploring_Pre_Kindergarten_Tea.pdf,,green,0,0,sistema=0;relevancia-campo=0,candidato-por-metadados,Descoberta bibliográfica; análise posterior.
20260907T171423Z,1.2.0,"""conversation design""",OpenAlex,https://openalex.org/W7139384046,,Exploring Young Adolescents’ Lived Experience of Motivation and Engagement in the Classroom,2026,Natalie Celeste,dissertation,"Montessori, EdD.",http://digital.library.wisc.edu/1793/96539,https://minds.wisconsin.edu/bitstream/1793/96539/1/CelesteNatalie_Disertation.pdf,,green,0,0,sistema=0;relevancia-campo=0,candidato-por-metadados,Descoberta bibliográfica; análise posterior.
20260907T171423Z,1.2.0,"""conversation design""",OpenAlex,https://openalex.org/W4398194423,https://doi.org/10.1525/luminos.204,"A Burdensome Experiment: Race, Labor, and Schools in New Orleans after Katrina",2024,Christien Philmarc Tompkins,book,"In the aftermath of Hurricane Katrina, the New Orleans public school board fired nearly 7,500 teachers and employees. In the decade that followed, the city created the first urban public school system in the United States to be entirely contracted out to private management. Veteran educators, collectively referred to as the “backbone” of the city’s Black middle class, were replaced by younger, less experienced, white teachers who lacked historical ties to the city. In A Burdensome Experiment, Christien Philmarc Tompkins argues that the privatization of New Orleans schools has made educators into a new kind of racialized worker. As school districts across the nation backslide on school integration, Tompkins asks, who exactly deserves to teach our children? The struggle over this question exposes the inherent antiblackness of charter school systems and the unequal burdens of school choice. “Anyone committed to creating liberatory models of education must read this book, not because it has all the answers but because it asks the right questions, with care and humility. And isn’t that what great teachers do?” — ROBIN D. G. KELLEY, Distinguished Professor and Gary B. Nash Endowed Chair in US History, University of California, Los Angeles “Christien Philmarc Tompkins’s trenchant labor ethnography goes beyond ‘what works’ in urban schools to attend to a city still reeling from the institutional violence of post-Katrina school reform.” — SAVANNAH SHANGE, author of Progressive Dystopia: Abolition, Antiblackness, and Schooling in San Francisco “Theoretically precise and powerfully personal, this ethnographic analysis is spot-on and a uniquely important contribution to real-world understandings of the ways that the universalized, normative whiteness so prominent in design worlds continues to damage and destroy while claiming to solve problems.” — ELIZABETH CHIN, Editor in Chief, American Anthropologist CHRISTIEN PHILMARC TOMPKINS is Assistant Professor of Anthropology at Rutgers University, New Brunswick.",https://doi.org/10.1525/luminos.204,https://luminosoa.org/books/214/files/e1a09dea-14a6-4824-88c6-783ba9b15784.pdf,cc-by-nc-nd,gold,0,1,sistema=0;relevancia-campo=1,candidato-por-metadados,Descoberta bibliográfica; análise posterior.
20260907T171423Z,1.2.0,"""conversation design""",OpenAlex,https://openalex.org/W4378363231,https://doi.org/10.24926/2471190x.10199,Data Science in Indian Country,2023,,article,"At the end of July 2022, some 150 individuals from across the country gathered at the University of Minnesota Twin Cities for “Data Science in Indian Country,” the Fifth Geoscience Alliance Conference since 2010. Founded by Dr. Nievita Bueno Watts of California State Polytechnic University, Humboldt (Cal Poly Humboldt), Prof. Anthony Berthelote of Salish Kootenai College, and Dr. Diana Dalbotten of the University of Minnesota’s St. Anthony Falls Laboratory, the Geoscience Alliance (GA) is a coalition of students, educators and staff, Indigenous community members, and others committed to broadening the participation of Native Americans, Alaska Natives, and people of Native Hawai’ian ancestry in the geosciences...",http://dx.doi.org/10.24926/2471190x.10199,https://knowledgecommons.lakeheadu.ca/bitstream/handle/2453/4893/StruttC2021mp-1a.pdf?sequence=1&isAllowed=y,cc-by-nc,diamond,0,0,sistema=0;relevancia-campo=0,candidato-por-metadados,Descoberta bibliográfica; análise posterior.
20260907T171423Z,1.2.0,"""conversation design""",OpenAlex,https://openalex.org/W7134514300,,The consequences of having an insecure partner: a pre-emptive buffering model,,Brett J. Peters; Jeremy P. Jamieson,dissertation,"Thesis (Ph. D.)--University of Rochester. Department of Clinical and Social Sciences in Psychology, 2017.",http://hdl.handle.net/1802/33190,https://urresearch.rochester.edu/fileDownloadForInstitutionalItem.action?itemId=33672&itemFileId=184229,,green,0,0,sistema=0;relevancia-campo=0,candidato-por-metadados,Descoberta bibliográfica; análise posterior.
20260907T171423Z,1.2.0,"""conversation design""",OpenAlex,https://openalex.org/W4388762380,https://doi.org/10.17760/d20486937,Exploring the influence of managers' gender-linked behaviors in the percieved support of transfer of learning,2023,Amanda K. Creamer Carroll,dissertation,"The lack of learning transfer is a significant issue facing many organizations across the United States. Senior leaders and managers must be ready to support the development of their employees to see an increased return on investment. The purpose of this interpretative phenomenological analysis study was to explore how employees perceived the manager support they received while applying the learning after a leadership development program. It also explored if that support aligned with gender-linked characteristics or behaviors. The study took place at a midsized technology company based in the Northeastern United States. Data were collected through semistructured interviews and uncovered three main themes: self-led learning as a result of limited expectations and opportunities, definition of support, and impact of gender and gender-linked behaviors. The findings revealed that through self-initiative, participants demonstrated a strong motivation to learn and apply learned skills after a leadership development program, even with limited manager support. The results also showed that the manager characteristics perceived as most supportive were feminine-linked or neutral. Several factors influenced the participants' experiences, including the work environment, manager loyalty, and gender stereotypes. These findings are relevant for organizational leaders and human resource professionals who focus on creating a learning culture.--Author's abstract",http://dx.doi.org/10.17760/d20486937,https://repository.library.northeastern.edu/files/neu:4f196m27j/fulltext.pdf,,gold,0,0,sistema=0;relevancia-campo=0,candidato-por-metadados,Descoberta bibliográfica; análise posterior.
20260907T171423Z,1.2.0,"""conversation design""",OpenAlex,https://openalex.org/W7124119012,,Vers des dialogues plus naturels : intégrer des compétences de dialogue informel à des agents conversationnels orientés tâche,2025,Armand Stricker,dissertation,"Mener des conversations naturelles et humaines est depuis longtemps considéré comme marqueur essentiel d'intelligence. Les systèmes de dialogue contemporains sont généralement classés en deux catégories: les dialogues orientés-tâches, où l'efficacité et la réalisation d'objectifs transactionnels priment, et les dialogues informels à domaine ouvert, centrés sur l'engagement et la connexion sociale. Cependant, les conversations humaines ne se limitent que rarement à cette dichotomie. Dans les échanges quotidiens, objectifs transactionnels et sociaux s'entremêlent régulièrement, ce qui suggère que les systèmes de dialogue devraient eux aussi intégrer ces deux dimensions afin de rendre les interactions plus naturelles. Cette thèse s'intéresse à l'intégration d'éléments de dialogue informel dans les dialogues orientés-tâche, en défendant l'idée que ces deux modes sont complémentaires plutôt que concurrents. Le travail est structuré en deux parties. La première propose un état de l'art des systèmes de dialogue, retraçant l'évolution historique des agents orientés-tâche et des agents de dialogue informel, les jeux de données et paradigmes d'évaluation qui les ont façonnés, ainsi que l'émergence d'approches dites « inter-modes », qui combinent les deux types de systèmes. Elle introduit également quelques bases du traitement automatique du langage et de l'apprentissage automatique, en soulignant le rôle des récents progrès des grands modèles de langue qui ont accéléré l'émergence des systèmes hybrides. La seconde partie présente des contributions originales explorant comment l'intégration de dialogue informel peut enrichir les agents orientés-tâche. Quatre études sont proposées. Premièrement, une étude comparative évalue différentes stratégies d'injection de dialogue informel dans des dialogues orientés- tâche, révélant des motifs lexicaux distincts et montrant comment certains éléments améliorent la diversité et l'engagement. Deuxièmement, une approche unifiée et bout-en-bout démontre que l'intégration de la détection d'émotions (coté utilisateur) dans un système orienté-tâche améliore à la fois le taux de réussite et le naturel des échanges. Troisièmement, nous proposons d'enrichir les dialogues orientés-tâche par l'ajout d'éléments narratifs que les utilisateurs ajoutent pour expliquer leur situation. Cela simule ainsi des scénarios inter-modes dans lesquels les utilisateurs intègrent des éléments contextuels à leurs requêtes. Ces données d'entraînement permettent à la fois d'évaluer et d'améliorer la robustesse des modèles face à ce type de requêtes inter-modes, courantes dans les conversations réelles. Enfin, une approche par few-shot prompting montre que les grands modèles de langue peuvent combiner de manière flexible compétences transactionnelles et conversationnelles sans nécessiter de modifications architecturales, mettant en évidence la rapidité et la simplicité de mise en œuvre de ces méthodes pour construire des agents de dialogue unifiés. Dans l'ensemble, ces contributions font progresser le développement des systèmes de dialogue inter-modes en répondant à des défis clés tels que les limites des jeux de données, la modélisation unifiée de dimensions sociales et transactionnelles, et la robustesse face aux requêtes inter-modes. Cette thèse démontre que le dialogue informel et le dialogue orienté-tâche peuvent être intégrés de manière cohérente sans être nécessairement accompagné par un sacrifice de performance. Elle soutient en définitive que dépasser la séparation artificielle entre ces deux modes de dialogue est essentiel pour concevoir des systèmes non seulement efficaces et fiables, mais aussi plus naturels, empathiques et agréables à utiliser.",https://theses.hal.science/tel-05453281,https://theses.hal.science/tel-05453281/document,,green,0,3,sistema=0;relevancia-campo=4,candidato-por-metadados,Descoberta bibliográfica; análise posterior.
20260907T171423Z,1.2.0,"""conversation design""",OpenAlex,https://openalex.org/W2615650862,,Sketching the Identity Negotiations of Male Athletes and their Coaches: A Case Study of a CIS Men’s Basketball Team,2017,Stephen Soucie,dissertation,"More than simply passive members of a hard masculine cult, male athletes and their coaches take up complex and contradictory identities within the larger athletic structures in which they operate. In this study, I explore the relations of power shaping identity and subjectivity for male athletes and their coaches. Interviews were conducted with eight key informants, six student-athletes and two coaches, of a Canadian Interuniversity Sport (CIS) men’s basketball team and focused on sketching their experiences, perceptions, and performances of masculinities in the sport arena. The detailed stories shared by the two coaches led me to focus two analysis chapters on their narratives. My third analysis chapter broadens to include the narratives told by the larger group of participants. Drawing on the work of Foucault and feminist post-structuralist analysis, I problematize the ethical subjectivities of coaches and players and consider the implications of these findings for both critical sport researchers and anti-violence activists.",http://hdl.handle.net/10464/12704,,,closed,0,0,sistema=0;relevancia-campo=0,candidato-por-metadados,Descoberta bibliográfica; análise posterior.
20260907T171423Z,1.2.0,"""conversation design""",OpenAlex,https://openalex.org/W3088460792,,SHARED PATH Service Design and Artificial Intelligence in Designing Human-Centred Digital Services,2020,Titta Jylkäs,book,"Digitalization and the growing service economy place challenges on organizations for transforming their service offerings to match the high user expectations. Services increasingly exploit digital technologies which play an important role in the creation of service experiences. One of the examples is artificial intelligence (AI), which may actively perform in customer service, but also provide solutions in the back end of services. While AI actively takes part in the creation of service value, the line between human and machine in the service encounters blurs. This creates new type of service components which need to be designed as part of digital service journeys. This dissertation is constructed around seven scientific publications that explore the merging of AI and service design in creating human-centred digital service solutions. The focus in the publications is on applying service design principles to AI-enabled services, from which an AI assistant is an example. AI assistants interact with users through text and voice interfaces and can be perceived as a gateway to complex digital service ecosystems. AI assistants are rather new as services, and they touch upon areas that, besides the design challenges, are ethically, philosophically and legally demanding. Here, service designers face changes both in the design process and in their role as designers. This study was conducted as a qualitative research with roots in the practice of design research. The main research data consist of five case studies and seven expert interviews analysed through coding, content analysis and visual mapping to answer the following research question: How is AI affecting the practice of service design and the design of digital services? The findings from the publications are concluded under the following four topics: (1) AI changes the design of digital service interactions, (2) AI assistants perform as actors in digital services, (3) AI needs to be human-centred rather than human-like and (4) AI assists and augments the practice of service design. Under these topics, the discussion highlights the ethical considerations and humanization aspect of AI as a part of designing and the design outcomes as AI-enabled services.",http://urn.fi/URN:ISBN:978-952-337-227-6,,cc-by,green,3,6,sistema=1;relevancia-campo=5,candidato-por-metadados,Descoberta bibliográfica; análise posterior.
20260907T171423Z,1.2.0,"""conversation design""",OpenAlex,https://openalex.org/W569414490,,Pastoral modes in a theology of evangelism,1997,George A. Rekers,dissertation,"The pastoral visitation practice of Continuing Witness Training (CWT) is theoretically intended to cooperate with God to lead individuals to Christian conversion, but reconciles fewer individuals to God than anticipated. This empirical theological study of Praxis 1 analyzed the visited individuals' (1) perception of care-concern by the visitors, (2) post-visit positive mood, (3) satisfaction with the visit, (4) sense of God's presence in the visit, and (5) decision to pray to establish a \nrelationship with Jesus Christ. in association with (a) the amount of the CWT presentation given, (b) the length of the visit, and (c) prior religious involvement. \nGreater amounts of the CWT presentation given resulted in greater satisfaction and greater conversion prayer. Longer pastoral visits resulted in greater satisfaction among females and males, in greater conversion prayer in females, and in higher post-visit positive mood in males. Lower prior religious involvement resulted in greater amounts of the CWT model presentation being given to females, and in greater conversion prayer in males. Although 60% of Individuals visited reported no or minimal religious involvement, the complete CWT presentation was given to only 19%, and a substantial portion of CWT was given to an additional 17%. Among this 36% of those visited who \nreceived the CWT presentation, 55% decided to pray to establish a personal relationship with Jesus Christ. \nThis situational analysis identified four praxis problems: ( 1) inconsistent application of the CWT model with unchurched individuals, (2) dissatisfaction among 25% of individuals visited, (3) lack of sense of God's presence in the visit reported by 23% of individuals visited, and (4) 31% of those visited being outside the stated unchurched target population for CWT visits. These praxis problems and related findings in the descriplive theological research were addressed by formulating a revised practical theology upon which to base Praxis 2. This revised theology of evangelism incorporated a multi-modal model of pastoral role-fulfillment (inYolving ketygma, didache, and paraklesis) as an agogic \nsituation of primary initiation of a person into the kingdom of God, by proposing multiple contacts within a pastoral theology of care and counseling.",http://hdl.handle.net/10500/17609,http://hdl.handle.net/10500/17609,,green,0,0,sistema=0;relevancia-campo=0,candidato-por-metadados,Descoberta bibliográfica; análise posterior.
20260907T171423Z,1.2.0,"""conversation design""",OpenAlex,https://openalex.org/W2304980197,https://doi.org/10.14288/1.0055622,Cohorts and coalition building for First Nations graduate students,2009,Dolores van der Wey,dissertation,"Cohorts are commonly formed in Indigenous undergraduate and graduate education programs. In this dissertation, I critique the notion that cohorts are necessarily safe spaces for First Nations female graduate students and argue that cohorts must be sites for coalition work and building bridges across differences both within the cohort and in mainstream contexts. I conducted initial and follow-up open-ended semi-structured interviews with 13 women with whom I had worked in First Nations educational contexts in some capacity in recent years, including as course instructor and coordinator of an educational leadership initiative. Semi-structured interviews allowed me to pursue topics raised by interviewees in some depth, and to ask them about topics raised earlier in their own or others' interviews. The women responded to queries about their educational experiences, thoughts on the beneficial and challenging aspects of cohort membership, views on the importance of First Nations curricula and pedagogy, experiences with voice and silencing in the academy, and highlights of their cross-cultural experiences. The research revealed that although participants felt that there were many beneficial aspects to their cohort membership, including the supportive environment, shared purpose, and shared sense of humor, a significant number of participants spoke about First Nations identity issues and the frequency and pain of being silenced within their cohorts as well as in mainstream classrooms. Cohort members and coordinators must articulate goals of membership that include building bridges between gulfs of difference, naming issues of power, and planning a course of action for attaining goals so that there will be a shared purpose for and among members. I argue that open cohorts offer the potential for attaining those goals.",http://hdl.handle.net/2429/17100,http://hdl.handle.net/2429/17100,,green,0,1,sistema=0;relevancia-campo=1,candidato-por-metadados,Descoberta bibliográfica; análise posterior.
20260907T171423Z,1.2.0,"""conversation design""",OpenAlex,https://openalex.org/W1942485515,,"Characterizing argumentation structure within the asynchronous, online communication of novice engineering design students",2014,William F. McKenna,dissertation,"Practicing argumentation in secondary school classrooms benefits students both in terms of learning how to argue and learning the course material at hand. Amidst the onset and growth of engineering design courses in secondary schools, this dissertation is an exploratory case study to characterize the use of argumentation among novice student engineering designers. The setting is a high school robotics class. Specifically, a group of students from one class section teamed up with a group of students from a separate class section to design and build a single robot. The team members communicated online via a shared, editable document. That text is the primary data set for my analysis. I looked for indications of argumentation structure that emerged from the online discussion, given that, to my knowledge, the students had not been taught argumentation strategies, per se. Engineering design is relatively new to secondary school, so I thought it appropriate to develop a baseline—a case study that reveals how students communicate about their designs when left largely to their own devices. This study may inform the development argumentation scaffolds that support the students’ existing strengths while ameliorating their weaknesses. My analytical supposition was that argumentation in design will take the form of resolving differences of opinion toward the creation of a single design. Hence, I used Pragma-dialectic theory as my analytical framework. It is a broad theory, based upon resolving differences of opinion in everyday conversation. As such, Pragma-dialectic theory may also be able to encompass the idiosyncrasies of team design, such as reliance on intuition and experience, as well as the important roles that designed objects play throughout the process. Taken together, the importance of intuition, experience, and objects suggests multiple modes of communication that ought to be considered arguments within design deliberations. Results suggest that the students worked to resolve differences of design opinions. In doing so, the students relied heavily on their designed objects to make their arguments meaningful. I classified five object-based claims which emerged from the students’ discussions: keystone, tinkering, visual, tactile, and counterfactual. These form the beginnings of a theory of object-based argumentation.",http://hdl.handle.net/2152/28485,https://repositories.lib.utexas.edu/bitstreams/51039046-f22f-4763-8175-d5eb599ba186/download,,green,0,2,sistema=0;relevancia-campo=2,candidato-por-metadados,Descoberta bibliográfica; análise posterior.
20260907T171423Z,1.2.0,"""conversation design""",OpenAlex,https://openalex.org/W3095624885,https://doi.org/10.3998/mpub.11500417,Making in School and Public Libraries,2020,Kristin Fontichiaro,book,"Whether you are just beginning your library’s maker efforts or are recalibrating a few years into your work, Making in School and Public Libraries is designed to help you grow your makerspace in a way that is engaging, affordable, and sustainable. Building on eight years of makerspace activities in the Michigan Makers and Making in Michigan Libraries project, the authors share their experiences creating or co-creating makerspace spaces and activities with for a wide band of interests, materials, tools, age groups, communities, budgets, and needs. Readers will gain practical insights about how to • Define goals and target audiences • Customize programs to meet community needs • Equip a makerspace • Document activities • Assess achievements and areas for growth • Engage makers in a variety of technology and hands-on activities, including robots, 3D printing, sewing, cardboard challenges, knitting and crochet, design thinking, and zines The authors’ experiences include co-creating one of the nation’s first school library makerspaces; establishing after-school maker programs with elementary and middle school learners; co-designing one-off and ongoing maker events for community-building in diverse public libraries; engaging with senior citizens in a low-income Senior Summer Camp pilot; and state, national, and international workshops for teachers, librarians, and youth mentors.",https://doi.org/10.3998/mpub.11500417,https://www.fulcrum.org/ebooks/n870zs731/download?locale=en,cc-by-nc-nd,gold,0,1,sistema=0;relevancia-campo=1,candidato-por-metadados,Descoberta bibliográfica; análise posterior.
20260907T171423Z,1.2.0,"""conversation design""",OpenAlex,https://openalex.org/W7203885380,https://doi.org/10.5526/err-00043754,Trainee and qualified Educational Psychologists' experiences of using a culturally responsive consultation tool: an exploratory study,2026,Catherine Charles,dissertation,"Growing cultural diversity within the United Kingdom has generated increasing demand for Culturally Responsive Practice (CRP) across professional contexts, including Educational Psychology (EP). EPs work with children and young people (CYP) and parents/carers from a wide range of cultural backgrounds. EPs are required to engage in CRP, yet the resources to support this in EP practice remain underdeveloped, and empirical research in this area is limited. This thesis presents an exploratory study which aimed to address this gap by exploring the experiences of trainee and qualified Educational Psychologists (T/EPs) using a culturally responsive consultation tool (CRCT). The CRCT is a digital interactive resource that was co-developed by me and a team of T/EPs to facilitate collaborative cultural exploration during consultation. A qualitative research design was employed, which reflects my role in developing the tool, but also the novel nature of using the tool as an intervention. The study is underpinned by a social constructivist epistemology and relativist ontology. Using a systems-psychodynamic lens, data were generated through focus groups with T/EPs at two time points. This was to capture the experiences of enacting CRP during participants’ typical consultation practice, and the experiences of enacting CRP with the CRCT. Reflexive thematic analysis was used to analyse the data. The findings identified that TEPs were more likely to use the CRCT than EPs, suggesting that the training period represents an optimal window for embedding new tools into practice. The findings also identified that psychological and systemic barriers to CRP implementation were experienced by both groups, regardless of experience level. These findings informed a revised CRCT and the 4R framework to understand the CRP barriers within consultation. Aligning with its exploratory design, this research raises important questions about how culturally responsive consultation tools might be further developed, embedded, and evaluated within EP practice.",https://doi.org/10.5526/ERR-00043754,https://repository.essex.ac.uk/43754/1/E-THESIS_Catherine%20Charles_23002660.pdf,other-oa,green,0,2,sistema=0;relevancia-campo=2,candidato-por-metadados,Descoberta bibliográfica; análise posterior.
20260907T171423Z,1.2.0,"""conversation design""",OpenAlex,https://openalex.org/W2887700795,,Pastoral coaching : life coaching as a tool for pastoral care,2012,Barend Jacobus Beukes,dissertation,"The purpose of this professional doctorate is to explore how life coaching was used to enhance the ministry of pastoral care, as practised within a specific Christian charity, and, in the light of this exploration, to develop a theory of pastoral coaching. This approach, in which life coaching techniques are incorporated into the discipline of pastoral care, aims to address a lack of emphasis on techniques and methods in the field of pastoral care. It is argued that this approach could be used as an additional method of pastoral care.\nVarious types of pastoral care, as well as life coaching, are investigated through a literature review. Seven clients, who underwent this method of intervention between July 2006 and February 2009, and of whom adequate case notes were available, were selected. These seven cases consisted out of four female and three male participants and chronologically spanned the whole unit of analysis. A multiple-case study design was used to reflect retrospectively upon this work with these clients in the light of the literature review.\nFrom this reflection, a theory of pastoral coaching is developed. This theory suggests that the aim of pastoral coaching is to foster wholeness in clients. Pastoral coaching achieves this aim through using a combination of pastoral care and life coaching techniques and methods. Although pastoral coaching could be regarded as a form of supportive pastoral care, its structure is similar to that of solution-focused coaching. The five traditional functions of pastoral care, healing, sustaining, guiding, reconciling and nurturing, form five separate phases in the process of pastoral coaching as clients progress towards a greater sense of wholeness.\nThe outcome of this research suggests that pastoral coaching could be used as an alternative method of pastoral care. This method could subsequently be used to provide pastoral care practitioners with a clear set of guidelines that is pastoral in nature, while also utilising certain life coaching techniques that could help clients practically.",https://arro.anglia.ac.uk/id/eprint/702996/1/Beukes_2012.pdf,https://arro.anglia.ac.uk/id/eprint/702996/1/Beukes_2012.pdf,,green,0,1,sistema=0;relevancia-campo=1,candidato-por-metadados,Descoberta bibliográfica; análise posterior.
20260907T171423Z,1.2.0,"""conversation design""",OpenAlex,https://openalex.org/W7161915475,,Hidden in Memory: Sleeper Memory Poisoning in LLM Agents,2026,Sidharth Pulipaka; Stanislau Hlebik; Leonidas Raghav; Sahar Abdelnabi; Vyas Raina; Ivaxi Sheth; Mario Fritz,preprint,"Large language models are increasingly augmented with persistent memory, allowing assistants to store user-specific information across sessions for personalization and continuity. This statefulness introduces a new security risk: adversarial content can corrupt what an assistant remembers and thereby influence future interactions. We propose and study sleeper memory poisoning, a delayed attack in which an adversary manipulates external context, such as a document, webpage, or repository, to cause the assistant to store a fabricated memory about the user. Unlike conventional prompt injection, the attack can remain dormant and re-emerge across multiple later conversations. We evaluate the full attack pipeline: whether poisoned memories are written, later retrieved, and ultimately used to steer the following conversations. Across stateful LLM assistants, poisoned memories were added up to 99.8% on GPT-5.5 and 95% on Kimi-K2.6. Crucially, among successful retrievals, poisoned memories cause attacker-intended agentic actions in 60-89% of evaluations across models. These results show that persistent memory can act as a long-term attack surface across multiple future conversations.",https://arxiv.org/abs/2605.15338,https://arxiv.org/pdf/2605.15338,cc-by,green,0,3,sistema=0;relevancia-campo=6,candidato-por-metadados,Descoberta bibliográfica; análise posterior.
20260907T171423Z,1.2.0,"""conversation design""",OpenAlex,https://openalex.org/W2787120846,,Formulative evaluation of Alberta's Occupational Health and Safety Code review process,2017,Mark Rice,article,Graduate,http://hdl.handle.net/1828/9075,https://dspace.library.uvic.ca//handle/1828/9075,,green,0,1,sistema=0;relevancia-campo=1,candidato-por-metadados,Descoberta bibliográfica; análise posterior.
20260907T171423Z,1.2.0,"""conversation design""",OpenAlex,https://openalex.org/W2974841280,,Coaching toward Completion: Academic/Success Coaching Factors Influencing Student Outcomes in 15 Ohio Community Colleges.,2017,Sharmaine Pechac,article,,http://rave.ohiolink.edu/etdc/view?acc_num=toledo1500803170985842,http://rave.ohiolink.edu/etdc/view?acc_num=toledo1500803170985842,other-oa,green,0,0,sistema=0;relevancia-campo=0,candidato-por-metadados,Descoberta bibliográfica; análise posterior.
20260907T171423Z,1.2.0,"""conversation design""",OpenAlex,https://openalex.org/W4241358161,https://doi.org/10.28971/212010mp28,Literacy Coaching,2010,Patricia May,preprint,"Examines the experience of four elementary level classroom teachers and one coach as they engaged in a year-long literacy coaching program. Analysis of coach/teacher interactions highlights the role of reflective thought in teacher learning and positions reflective thought as a foundational premise of teacher learning. In addition, as a result of the discovery process inherent in the grounded theory design, finds that teachers' goal setting influenced movement along a gradual release of responsibility (GRR) continuum of adult learning.",https://doi.org/10.28971/212010mp28,https://digitalcommons.ric.edu/cgi/viewcontent.cgi?article=1034&context=etd,cc-by-nc-nd,gold,0,3,sistema=0;relevancia-campo=3,candidato-por-metadados,Descoberta bibliográfica; análise posterior.
