run_id,query_version,query,source_api,source_id,doi,title,year,authors,type,abstract,landing_url,pdf_url,license,oa_status,ontology_score,provisional_score,automatic_signal,decision,decision_reason
20260907T171423Z,1.2.0,"""designing conversational agents""",OpenAlex,https://openalex.org/W3162051685,https://doi.org/10.1145/3411764.3445445,Designing Conversational Agents: A Self-Determination Theory Approach,2021,Xi Yang; Marco Aurisicchio,conference-paper,"Bringing positive experiences to users is one of the key goals when designing conversational agents (CAs). Yet we still lack an understanding of users’ underlying needs to achieve positive experiences and how to support them in design. This research first applies Self-Determination Theory in an interview study to explore how users’ needs of competence, autonomy and relatedness could be supported or undermined in CA experiences. Ten guidelines are then derived from the interview findings. The key findings demonstrate that: competence is affected by users’ knowledge of the CA capabilities and effectiveness of the conversation; autonomy is influenced by flexibility of the conversation, personalisation of the experiences, and control over user data; regarding relatedness, users still have concerns over integrating social features into CAs. The guidelines recommend how to inform users about the system capabilities, design effective and socially appropriate conversations, and support increased system intelligence, customisation, and data transparency.",https://doi.org/10.1145/3411764.3445445,,,closed,4,6,titulo-ancora,candidato-por-metadados,Descoberta bibliográfica; análise posterior.
20260907T171423Z,1.2.0,"""designing conversational agents""",OpenAlex,https://openalex.org/W2803612996,https://doi.org/10.1007/978-3-319-91800-6_2,Designing Conversational Agents for Energy Feedback,2018,Ulrich Gnewuch; Stefan Morana; Carl Simon Heckmann; Alexander Maedche,conference-paper,,https://doi.org/10.1007/978-3-319-91800-6_2,,,closed,4,6,titulo-ancora,candidato-por-metadados,Descoberta bibliográfica; análise posterior.
20260907T171423Z,1.2.0,"""designing conversational agents""",OpenAlex,https://openalex.org/W4388506942,https://doi.org/10.1016/j.destud.2023.101230,Co-designing conversational agents: A comprehensive review and recommendations for best practices,2023,Malak Sadek; Rafael A. Calvo; Céline Mougenot,article,"This paper presents a comprehensive review of fifty-two studies co-designing conversational agents (CAs). Its objectives are to synthesise prior CA co-design efforts and provide actionable recommendations for future endeavours in CA co-design. The review systematically evaluates studies' methodological and contextual aspects, revealing trends and limitations. These insights converge into practical recommendations for co-designing CAs, including (1) selecting the most suitable design technique aligned with desired CA outcomes, (2) advocating continuous stakeholder involvement throughout the design process, and (3) emphasising the elicitation and embodiment of stakeholder values to ensure CA designs align with their perspectives. This paper contributes to standardising and enhancing co-design practices, promising to improve the quality of outcomes in the case of CAs while benefiting stakeholders and users.",https://doi.org/10.1016/j.destud.2023.101230,,cc-by,hybrid,4,7,titulo-ancora,candidato-por-metadados,Descoberta bibliográfica; análise posterior.
20260907T171423Z,1.2.0,"""designing conversational agents""",OpenAlex,https://openalex.org/W2981081593,https://doi.org/10.1007/978-981-32-9515-5_51,Towards Designing Conversational Agent Systems,2019,Komal P. Jadhav; Sandeep A. Thorat,book-chapter,,https://doi.org/10.1007/978-981-32-9515-5_51,,,closed,3,5,sistema=1;relevancia-campo=2,candidato-por-metadados,Descoberta bibliográfica; análise posterior.
20260907T171423Z,1.2.0,"""designing conversational agents""",OpenAlex,https://openalex.org/W3134867287,,Let's Team Up: Designing Conversational Agents as Teammates,2020,Edona Elshan; Philipp Ebel,conference-paper,"The success of projects is, amongst others, highly depended on the team members skillset and ability to collaborate. Hence, education has to undergo a change to keep up with the shift in the compositions of skills and knowledge needed for students. To overcome scalability issues, we propose to develop Timmy - a conversational agents (CAs) that acts as a team member. As there is a lack of concrete design knowledge concerning CAs as peers in teams, we conduct a design science research project. Based on requirements from scientific literature and expert interviews, we develop a concise set of design principles for designing CAs in peer roles in educational settings. Furthermore, we present an initial proof of concept evaluation. These insights will support researchers and practitioners to understand better how CAs can be systematically built to ameliorate the collaborative skill of students in teamwork settings.",http://www.alexandria.unisg.ch/263196/1/JML_823.pdf,,,closed,4,7,titulo-ancora,candidato-por-metadados,Descoberta bibliográfica; análise posterior.
20260907T171423Z,1.2.0,"""designing conversational agents""",OpenAlex,https://openalex.org/W3043660278,https://doi.org/10.1109/vl/hcc50065.2020.9127276,Towards Designing Conversational Agents for Pair Programming: Accounting for Creativity Strategies and Conversational Styles,2020,Sandeep Kaur Kuttal; Jarow Myers; Sam Gurka; David Magar; David Piorkowski; Rachel Bellamy,conference-paper,"Established research on pair programming reveals benefits, including increasing communication, creativity, self-efficacy, and promoting gender inclusivity. However, research has reported limitations such as finding a compatible partner, scheduling sessions between partners, and resistance to pairing. Further, pairings can be affected by predispositions to negative stereotypes. These problems can be addressed by replacing one human member of the pair with a conversational agent. To investigate the design space of such a conversational agent, we conducted a controlled remote pair programming study. Our analysis found various creative problem-solving strategies and differences in conversational styles. We further analyzed the transferable strategies from human-human collaboration to human-agent collaboration by conducting a Wizard of Oz study. The findings from the two studies helped us gain insights regarding design of a programmer conversational agent. We make recommendations for researchers and practitioners for designing pair programming conversational agent tools.",https://doi.org/10.1109/vl/hcc50065.2020.9127276,,,closed,4,6,titulo-ancora,candidato-por-metadados,Descoberta bibliográfica; análise posterior.
20260907T171423Z,1.2.0,"""designing conversational agents""",OpenAlex,https://openalex.org/W2947966240,,Designing Conversational Agent Interventions that Support Collaborative Chat Activities in MOOCs.,2019,Στέργιος Τέγος; Thrasyvoulos-Konstantinos Tsiatsos; Stavros Demetriadis; Georgios Psathas,article,,http://ceur-ws.org/Vol-2356/research_short11.pdf,,,closed,3,5,sistema=1;relevancia-campo=2,candidato-por-metadados,Descoberta bibliográfica; análise posterior.
20260907T171423Z,1.2.0,"""designing conversational agents""",OpenAlex,https://openalex.org/W4396832304,https://doi.org/10.1145/3613905.3637145,Designing Conversational Agents to Support Student Teacher Learning in Virtual Reality Simulation: A Case Study,2024,Chih‐Pu Dai; Fengfeng Ke; Nuodi Zhang; Alex Barrett; Luke West; Saptarshi Bhowmik; Sherry A. Southerland; Xin Yuan,conference-paper,"Maximizing educational impacts with learning technologies is one of the areas that researchers and practitioners are concerned about in the field of Human-Computer Interaction (HCI) and human-centered artificial intelligence (HCAI). In this case study, we report user experiences and lessons learned of the Enactive Virtual Environment for teaching practice (EVETeach) with AI-powered virtual student agents called Evelyn. We conducted a user study with a case study research design. We collected multiple sources of data from 24 student teachers, including participatory observations, field notes, semi-structured interviews, computer-based conversation logs, audio-, video-, and screen-recordings, and a cognitive walkthrough. We identified the following salient emerging findings as lessons learned: 1) Student teachers value and relate to the teaching practices in virtual reality simulation with AI-powered conversational agents, 2) AI-powered conversational agents inject humor to facilitate situational and social teaching practice, and 3) AI-powered conversational student agents maintain authentic discourse to promote student teachers’ pedagogical reasoning.",https://doi.org/10.1145/3613905.3637145,,,closed,4,7,titulo-ancora,candidato-por-metadados,Descoberta bibliográfica; análise posterior.
20260907T171423Z,1.2.0,"""designing conversational agents""",OpenAlex,https://openalex.org/W2963967828,https://doi.org/10.1145/3173574.3174047,Iris,2018,Ethan Fast; Binbin Chen; Julia Mendelsohn; Jonathan Bassen; Michael S. Bernstein,conference-paper,"Today, most conversational agents are limited to simple tasks supported by standalone commands, such as getting directions or scheduling an appointment. To support more complex tasks, agents must be able to generalize from and combine the commands they already understand. This paper presents a new approach to designing conversational agents inspired by linguistic theory, where agents can execute complex requests interactively by combining commands through nested conversations. We demonstrate this approach in Iris, an agent that can perform open-ended data science tasks such as lexical analysis and predictive modeling. To power Iris, we have created a domain-specific language that transforms Python functions into combinable automata and regulates their combinations through a type system. Running a user study to examine the strengths and limitations of our approach, we find that data scientists completed a modeling task 2.6 times faster with Iris than with Jupyter Notebook.",https://doi.org/10.1145/3173574.3174047,,,closed,3,5,sistema=2;relevancia-campo=2,candidato-por-metadados,Descoberta bibliográfica; análise posterior.
20260907T171423Z,1.2.0,"""designing conversational agents""",OpenAlex,https://openalex.org/W2907049732,https://doi.org/10.1145/3287048,FarmChat,2018,Mohit Jain; Pratyush Kumar; Ishita Bhansali; Q. Vera Liao; Khai N. Truong; Shwetak Patel,article,"Farmers constitute 54.6% of the Indian population, but earn only 13.9% of the national GDP. This gross mismatch can be alleviated by improving farmers' access to information and expert advice (e.g., knowing which seeds to sow and how to treat pests can significantly impact yield). In this paper, we report our experience of designing a conversational agent, called FarmChat, to meet the information needs of farmers in rural India. We conducted an evaluative study with 34 farmers near Ranchi in India, focusing on assessing the usability of the system, acceptability of the information provided, and understanding the user population's unique preferences, needs, and challenges in using the technology. We performed a comparative study with two different modalities: audio-only and audio+text. Our results provide a detailed understanding on how literacy level, digital literacy, and other factors impact users' preferences for the interaction modality. We found that a conversational agent has the potential to effectively meet the information needs of farmers at scale. More broadly, our results could inform future work on designing conversational agents for user populations with limited literacy and technology experience.",https://doi.org/10.1145/3287048,,,closed,3,6,sistema=2;relevancia-campo=5,candidato-por-metadados,Descoberta bibliográfica; análise posterior.
20260907T171423Z,1.2.0,"""designing conversational agents""",OpenAlex,https://openalex.org/W4407018617,https://doi.org/10.1016/j.chbr.2025.100606,"Co-designing conversational agents with older people: A scoping review of methods, challenges, and a way forward",2025,Sidonie Salomé; Lydie du Bousquet; Emmanuel Monfort,article,"Conversational agents are increasingly recognized as potential solutions to the challenges of aging. However, adapting these technologies to the specific needs of the older adults requires effective design methods that integrate end-users and relevant stakeholders throughout the development process. Co-design methods have gained popularity in this context, but the criteria for evaluating their effectiveness remain limited to basic measures of acceptability and ease of use, with little focus on their actual impact on design outcomes. This study addresses this gap by aiming to: 1) identify the structures of co-design methods tailored for older adults, 2) analyze their strengths and weaknesses, and 3) provide recommendations to optimize future applications. To achieve these goals, we conducted a scoping study using the PRISMA methodology. Searches were carried out on PsycInfo, Google Scholar, PubMed, ACM, IEEE, Web of Science and DBLP. Of the 982 articles identified, 27 projects were selected. The analysis revealed great variability in methods and highlighted the lack of consensus on optimal co-design structures for this population. In addition, most studies lacked measures to assess the influence of method diversity on design outcomes and participant experience. These findings underscore the need for a scientifically grounded design framework and guidelines to support best practices in co-design for aging-related conversational agents. Establishing such standards would reinforce methodological rigor, enable better comparability across studies, and allow for more accurate measurement of co-design impact on product effectiveness and user satisfaction. • Wide range of methods identified, no consensus on optimal co-design for aging. • Few studies assessed co-design effectiveness on actual design outcomes. • Limited data on participant engagement in co-design methods. • A large sample of participants was included, but with sampling biases.",https://doi.org/10.1016/j.chbr.2025.100606,,cc-by-nc,gold,4,7,titulo-ancora,candidato-por-metadados,Descoberta bibliográfica; análise posterior.
20260907T171423Z,1.2.0,"""designing conversational agents""",OpenAlex,https://openalex.org/W1963751251,https://doi.org/10.1007/s00146-005-0011-8,Designing conversational agents: effect of conversational form on our comprehension,2005,Koji Yamashita; Hidekazu Kubota; Toyoaki Nishida,article,,https://doi.org/10.1007/s00146-005-0011-8,,,closed,4,6,titulo-ancora,candidato-por-metadados,Descoberta bibliográfica; análise posterior.
20260907T171423Z,1.2.0,"""designing conversational agents""",OpenAlex,https://openalex.org/W3177181326,https://doi.org/10.1145/3459990.3460730,"“Alexa, Can I Program You?”: Student Perceptions of Conversational Artificial Intelligence Before and After Programming Alexa",2021,Jessica Van Brummelen; Viktoriya Tabunshchyk; Tommy Heng,conference-paper,"Growing up in an artificial intelligence-filled world, with Siri and Amazon Alexa often within arm’s—or speech’s—reach, could have significant impact on children. Conversational agents could influence how students anthropomorphize computer systems or develop a theory of mind. Previous research has explored how conversational agents are used and perceived by children within and outside of learning contexts. This study investigates how middle and high school students’ perceptions of Alexa change through programming their own conversational agents in week-long AI education workshops. Specifically, we investigate the workshops’ influence on student perceptions of Alexa’s intelligence, friendliness, aliveness, safeness, trustworthiness, human-likeness, and feelings of closeness. We found that students felt Alexa was more intelligent and felt closer to Alexa after the workshops. We also found strong correlations between students’ perceptions of Alexa’s friendliness and trustworthiness, and safeness and trustworthiness. We recommend designers carefully consider personification, transparency, playfulness and utility when designing conversational agents for learning contexts.",https://doi.org/10.1145/3459990.3460730,https://dl.acm.org/doi/pdf/10.1145/3459990.3460730,cc-by,hybrid,3,6,sistema=2;relevancia-campo=3,candidato-por-metadados,Descoberta bibliográfica; análise posterior.
20260907T171423Z,1.2.0,"""designing conversational agents""",OpenAlex,https://openalex.org/W4390905735,https://doi.org/10.1109/aciiw59127.2023.10388072,Designing Conversational Agents for Emotional Self-Awareness,2023,Jocelyn Shen; Kimaya Lecamwasam; Hae Won Park; Cynthia Breazeal; Rosalind W. Picard,conference-paper,"Emotional self-awareness is a crucial social-emotional skill for positive psychology and mental well-being. While prior works have used AI applications to foster emotion awareness, it is unclear what specific design features users prefer in the context of self-awareness skill practice. To better understand these features, we design, deploy, and evaluate Teddy, a mobile conversational agent that helps users practice verbalizing and reflecting on their emotions through experience sampling, affect labeling, and personal storytelling interactions. We conduct a user study with 18 days of interaction data from six participants to evaluate what aspects of Teddy contribute to emotion awareness. We find that users felt comfortable self-disclosing to the agent and found it helpful to verbalize their emotions, but desired more characteristics like social responsiveness and personalization. Based on our pilot study, we outline design insights for future work on AI agents that support practice of social-emotional skills such as emotional self-awareness.",http://dx.doi.org/10.1109/aciiw59127.2023.10388072,,,closed,4,7,titulo-ancora,candidato-por-metadados,Descoberta bibliográfica; análise posterior.
20260907T171423Z,1.2.0,"""designing conversational agents""",OpenAlex,https://openalex.org/W4396832029,https://doi.org/10.1145/3613905.3638176,Designing Conversational Agents to Facilitate Patient-Physician Communication and Clinical Consultation,2024,Brenna Li,conference-paper,"Pre-consultation chatbots present a unique opportunity to benefit both patients and physicians by facilitating essential information exchange prior to appointments, streamlining the consultation process. However, existing literature on how to design, implement, and evaluate such applications is limited. My thesis addresses this gap through design and evaluation studies with patients and physicians. I use my understanding of physicians’ perspectives on synchronous consultations over text messaging to guide the development of a large-language model based pre-consultation chatbot, which I then test with patients in a real-world clinic. My next steps involve developing an interface that physicians can use to review the patient information from the chatbot before the appointment. My thesis contributes to the growing literature on medical large-language model applications in which physician and patient relationships are enhanced, not replaced. It supports a collaboration model where physicians remain responsible for making clinical decisions.",https://doi.org/10.1145/3613905.3638176,https://dl.acm.org/doi/pdf/10.1145/3613905.3638176,,gold,4,7,titulo-ancora,candidato-por-metadados,Descoberta bibliográfica; análise posterior.
20260907T171423Z,1.2.0,"""designing conversational agents""",OpenAlex,https://openalex.org/W1493834028,,Modeling Gaze Behavior as a Function of Discourse Structure,1998,Obed E. Torres; Justine Cassell; Scott Prevost,article,"This paper addresses the problem of designing conversational agents that exhibit appropriate gaze behavior during dialogues with human users. Previous research on gaze behavior has concentrated on its relationship to turn-taking phenomena [3,4,5]. Recent work has incorporated some of these findings into the design of autonomous human-like conversational agents and interactive communicative humanoids [1,13]. However, none of this research has examined the relationship between information structure and gaze behavior. In this paper we discuss why turn-taking is not an adequate explanation for gaze behavior in conversation and why information structure should be integrated with turn-taking as an explanation for this behavior. We then examine the relationship of gaze behavior to information structure and turn-taking through an empirical analysis of discourse transcripts for several dyadic conversations. A simple algorithm for assigning gaze behavior is proposed on the basis of the findings of this empirical analysis. We describe work in progress on implementing this algorithm in an existent communicative humanoid agent [14] with the goal of producing more natural gaze behavior related to propositional content in human-computer conversations.",http://citeseerx.ist.psu.edu/viewdoc/summary?doi=10.1.1.26.6367,,,closed,3,6,sistema=2;relevancia-campo=3,candidato-por-metadados,Descoberta bibliográfica; análise posterior.
20260907T171423Z,1.2.0,"""designing conversational agents""",OpenAlex,https://openalex.org/W4412035673,https://doi.org/10.1145/3715336.3735716,Beyond ‘What’s This?’: Designing Conversational Agents to Support Children's Inquiry and Engagement in Exhibits,2025,Sohyun Park; Won‐Young Lee; Sangjun Lee; Woohun Lee,conference-paper,"Figure 1: An illustration showcasing the typical dialogue patterns between the child and the agent across the three conditions of HelloCuriosity, a system designed to investigate how agents support children's inquiry in exhibits AbstractCompetent responders to children's questions foster high-quality inquiry.While conversational agents (CAs) have been explored in various roles to support questioning, little research has examined how different agent responses shape inquiry.Children engage in exhibits not only with agents but also with surrounding objects, requiring CAs to support both inquiry and behavioral engagement-an aspect that remains underexplored.We conducted a comparative user study (N=36, ages 6-12) examining three agent types modeled after insights from our formative study: a reactive responder, a facilitative responder, and an active peer.Findings",https://doi.org/10.1145/3715336.3735716,https://dl.acm.org/doi/pdf/10.1145/3715336.3735716,cc-by,gold,4,6,titulo-ancora,candidato-por-metadados,Descoberta bibliográfica; análise posterior.
20260907T171423Z,1.2.0,"""designing conversational agents""",OpenAlex,https://openalex.org/W3042239274,https://doi.org/10.1145/3405755.3406166,Daisy,2020,James Simpson; Franziska Gaiser; Miroslav Macík; Timna Breßgott,conference-paper,"We present Daisy, a voice-controlled conversational agent embodied as a household potted flower. Daisy has been designed for the needs of older adults, providing companionship in times of social isolation by engaging with them in casual conversation, suggesting relevant activities to keep them connected with their community and having them care for it. Daisy was created using user centered design methods. This paper describes Daisy, our experiences designing conversational agents for older adults and the considerations that are crucial when designing such agents.",https://doi.org/10.1145/3405755.3406166,,,closed,3,5,sistema=2;relevancia-campo=2,candidato-por-metadados,Descoberta bibliográfica; análise posterior.
20260907T171423Z,1.2.0,"""designing conversational agents""",OpenAlex,https://openalex.org/W7119065527,https://doi.org/10.14236/ewic/bcshci2025.28,Designing Conversational Agents to Support Social Prescribing for Young People,2025,Minseo Cho,conference-paper,"Mental health challenges among young people are a significant global concern, yet traditional services often struggle to support them effectively. In response, there has been growing interest in innovative approaches. Social prescribing, which connects individuals with community resources to promote well-being, offers a promising alternative. However, its implementation faces several barriers around engaging young people and supporting the role of link workers. In parallel, digital technologies are opening new opportunities in mental healthcare. Among these, conversational agents are valued for their natural language interaction and ability to provide accessible, scalable support across a range of functions. In this context, this study explores how conversational agents might be integrated into the social prescribing process. Through participatory design workshops with young people and link workers, it investigates current barriers and stakeholder expectations. Grounded in the lived experiences of both users and practitioners, this research seeks to inform the design of digital tool that support more effective models of social prescribing for young people.",https://doi.org/10.14236/ewic/bcshci2025.28,https://www.scienceopen.com/document_file/1b872a29-9cf2-460c-9f63-1f36654fb733/ScienceOpen/292-Cho-BCSHCI25.pdf,cc-by,hybrid,4,7,titulo-ancora,candidato-por-metadados,Descoberta bibliográfica; análise posterior.
20260907T171423Z,1.2.0,"""designing conversational agents""",OpenAlex,https://openalex.org/W4412046202,https://doi.org/10.1145/3719160.3728630,Designing conversational agent(ic) systems,2025,Heloísa Candello; Michelle Brachman,conference-paper,,https://doi.org/10.1145/3719160.3728630,,,closed,3,5,sistema=1;relevancia-campo=2,candidato-por-metadados,Descoberta bibliográfica; análise posterior.
20260907T171423Z,1.2.0,"""designing conversational agents""",OpenAlex,https://openalex.org/W4405833216,https://doi.org/10.1145/3652988.3673939,Designing Conversational Agents to Empower Active Aging,2024,Stefano Valtolina; Paolo Zanotti; S. Mandelli,conference-paper,"Senile dementia is a growing healthcare concern, highlighting the need for cognitive stimulation in individuals with mental decline. This study presents an innovative web-based dashboard to identify and address cognitive decline in elderly patients. The toolkit includes patient profiling, treatment planning, and real-time cognitive monitoring, aiming to intervene early in the onset of mental deterioration, often missed during sporadic assessments. A conversational agent (CA) tailored for older people facilitates natural cognitive exercises and allows geriatric professionals to monitor cognitive abilities remotely. This CA ensures continuous monitoring and early detection of cognitive changes. The study evaluates the efficacy of these tools in enhancing care quality, fostering independence, and promoting overall well-being among older adults.",https://doi.org/10.1145/3652988.3673939,,,closed,4,6,titulo-ancora,candidato-por-metadados,Descoberta bibliográfica; análise posterior.
20260907T171423Z,1.2.0,"""designing conversational agents""",OpenAlex,https://openalex.org/W4312223248,https://doi.org/10.1038/s41598-022-27124-8,"The role of valence, dominance, and pitch in perceptions of artificial intelligence (AI) conversational agents’ voices",2022,Victor Kenji Medeiros Shiramizu; Anthony J. Lee; Daria Altenburg; David R. Feinberg; Benedict C. Jones,article,"There is growing concern that artificial intelligence conversational agents (e.g., Siri, Alexa) reinforce voice-based social stereotypes. Because little is known about social perceptions of conversational agents' voices, we investigated (1) the dimensions that underpin perceptions of these synthetic voices and (2) the role that acoustic parameters play in these perceptions. Study 1 (N = 504) found that perceptions of synthetic voices are underpinned by Valence and Dominance components similar to those previously reported for natural human stimuli and that the Dominance component was strongly and negatively related to voice pitch. Study 2 (N = 160) found that experimentally manipulating pitch in synthetic voices directly influenced dominance-related, but not valence-related, perceptions. Collectively, these results suggest that greater consideration of the role that voice pitch plays in dominance-related perceptions when designing conversational agents may be an effective method for controlling stereotypic perceptions of their voices and the downstream consequences of those perceptions.",https://doi.org/10.1038/s41598-022-27124-8,https://www.nature.com/articles/s41598-022-27124-8.pdf,cc-by,gold,3,5,sistema=2;relevancia-campo=2,candidato-por-metadados,Descoberta bibliográfica; análise posterior.
20260907T171423Z,1.2.0,"""designing conversational agents""",OpenAlex,https://openalex.org/W4409775528,https://doi.org/10.1080/10447318.2025.2491024,Designing Conversational Agents for Older Adults: Effects of Conversational Form and Nonverbal Factors on Mobile Banking Experiences,2025,Chung-Heon Lee; Y.K. Hwang; Hayeon Song,article,"This study aims to identify ways to represent a conversational agent in the digital interface that can enhance older adults’ user experience focusing on both verbal (conversational form) and nonverbal factors (visual presence of conversational agent and background image). A total of 85 older adults participated in an experiment with a 2 (conversational agent: visual presence vs. no visual presence) × 2 (background image: present vs. absent) design, plus an additional condition with neither a conversational form nor manipulation of independent variables. Results highlights the importance of nonverbal factors especially environmental cues. Displaying a background image significantly increased perceived affective trust, while visual presence of the agent did not show any significant effects. Interestingly, there were interaction effects on perceived social presence, usefulness, and satisfaction. Findings also showed that using a conversational form can increase the likability, social presence, and perceived ease of use of the agent.",https://doi.org/10.1080/10447318.2025.2491024,,,closed,4,7,titulo-ancora,candidato-por-metadados,Descoberta bibliográfica; análise posterior.
20260907T171423Z,1.2.0,"""designing conversational agents""",OpenAlex,https://openalex.org/W2975028745,https://doi.org/10.48550/arxiv.1909.13443,Using Conversational Agents To Support Learning By Teaching,2019,Nalin Chhibber; Edith Law,preprint,"Conversational agents are becoming increasingly popular for supporting and facilitating learning. Conventional pedagogical agents are designed to play the role of human teachers by giving instructions to the students. In this paper, we investigate the use of conversational agents to support the 'learning-by-teaching' paradigm where the agent receives instructions from students. In particular, we introduce Curiosity Notebook: an educational application that harvests conversational interventions to facilitate students' learning. Recognizing such interventions can not only help in engaging students within learning interactions, but also provide a deeper insight into the intricacies involved in designing conversational agents for educational purposes.",http://arxiv.org/abs/1909.13443,https://arxiv.org/pdf/1909.13443,,green,3,6,sistema=2;relevancia-campo=4,candidato-por-metadados,Descoberta bibliográfica; análise posterior.
20260907T171423Z,1.2.0,"""designing conversational agents""",OpenAlex,https://openalex.org/W3128474827,https://doi.org/10.1145/3421937.3422024,Designing Everyday Conversational Agents for Managing Health and Wellness,2020,Ji Youn Shin; Jina Huh,conference-paper,"Conversational agents have been developed for supporting a wide array of areas, including autonomous vehicles, decision making, and health behavior change. In the last few years, conversational agents increasingly became available as everyday technologies. This phenomenon enables opportunities for finding novel ways to support health and wellness in everyday contexts. By conducting a content analysis of 433 user reviews of Amazon Alexa's Skills, the goal of this study is two-fold: (1) Extract users' perceived strengths of conversational agents in everyday health and wellness management, (2) develop design heuristics for developing conversational agents for health and wellness. We found that the role of trustworthy content providers is critical during the adoption. The Skills enabled people to overcome logistical barriers to improving daily health and wellness routines. The findings also revealed the importance of transparency in the limitations of the Skill and how to better design command dialogues. We present the design heuristics of conversational agents, building on Nielsen's Usability Heuristics, and discuss implications for designing conversational agents that support health and wellness.",https://doi.org/10.1145/3421937.3422024,https://dl.acm.org/doi/pdf/10.1145/3421937.3422024,,gold,3,6,sistema=2;relevancia-campo=4,candidato-por-metadados,Descoberta bibliográfica; análise posterior.
20260907T171423Z,1.2.0,"""designing conversational agents""",OpenAlex,https://openalex.org/W4415276702,https://doi.org/10.1145/3715070.3749250,"PAL: Designing Conversational Agents as Scalable, Cooperative Patient Simulators for Palliative‑Care Training",2025,Neil K. R. Sehgal; Hita Kambhamettu; Allen Chang; Andrew Zhu; Lyle Ungar; Sharath Chandra Guntuku,conference-paper,"Effective communication in serious illness and palliative care is essential but often under-taught due to limited access to training resources like standardized patients. We present PAL (Palliative Assisted Learning-bot), a conversational system that simulates emotionally nuanced patient interactions and delivers structured feedback grounded in an existing empathy-based framework. PAL supports text and voice modalities and is designed to scaffold clinical skill-building through repeated, low-cost practice. Through a mixed-methods study with 17 U.S. medical trainees and clinicians, we explore user engagement with PAL, evaluate usability, and examine design tensions around modalities, emotional realism, and feedback delivery. Participants found PAL helpful for reflection and skill refinement, though some noted limitations in emotional authenticity and the adaptability of feedback. We contribute: (1) empirical evidence that large language models can support palliative communication training; (2) design insights for modality-aware, emotionally sensitive simulation tools; and (3) implications for systems that support emotional labor, cooperative learning, and AI-augmented training in high-stakes care settings.",http://arxiv.org/abs/2507.02122,https://arxiv.org/pdf/2507.02122,,green,4,7,titulo-ancora,candidato-por-metadados,Descoberta bibliográfica; análise posterior.
20260907T171423Z,1.2.0,"""designing conversational agents""",OpenAlex,https://openalex.org/W4411295267,https://doi.org/10.1007/978-3-031-95397-2_27,A Domain-Specific Modeling Method for Designing Conversational Agents for Coaching: A Case from Health Coaching,2025,Charuta Pande; Hans-Georg Fill; Knut Hinkelmann,conference-paper,,https://doi.org/10.1007/978-3-031-95397-2_27,,,closed,4,6,titulo-ancora,candidato-por-metadados,Descoberta bibliográfica; análise posterior.
20260907T171423Z,1.2.0,"""designing conversational agents""",OpenAlex,https://openalex.org/W2990993838,https://doi.org/10.1177/1071181319631333,How analysts think: A preliminary study of human needs and demands for AI-based conversational agents,2019,Sam Hepenstal; B. L. William Wong; Leishi Zhang; Neesha Kodogoda,article,"For conversational agents to provide benefit to intelligence analysis they need to be able to recognise and respond to the analysts intentions. Furthermore, they must provide transparency to their algorithms and be able to adapt to new situations and lines of inquiry. We present a preliminary analysis as a first step towards developing conversational agents for intelligence analysis: that of understanding and modeling analyst intentions so they can be recognised by conversational agents. We describe in-depth interviews conducted with experienced intelligence analysts and implications for designing conversational agent intentions.",https://doi.org/10.1177/1071181319631333,https://journals.sagepub.com/doi/pdf/10.1177/1071181319631333,,bronze,3,5,sistema=2;relevancia-campo=2,candidato-por-metadados,Descoberta bibliográfica; análise posterior.
20260907T171423Z,1.2.0,"""designing conversational agents""",OpenAlex,https://openalex.org/W4388834117,https://doi.org/10.1037/amp0001230,Unavoidable social contagion of false memory from robots to humans.,2023,Tsung-Ren Huang; Yu-Lan Cheng; Suparna Rajaram,article,"= 120), the social robot occasionally misinformed participants prior to a recognition memory task. We found that the robot was as powerful as humans at influencing others. Despite the supplied misinformation being emotion- and value-neutral and hence not intrinsically contagious and memorable, 77% of the socially misinformed words became the participants' false memory. To mitigate such social contagion of false memory, the robot also forewarned the participants about its reservation toward the misinformation. However, one-time forewarnings failed to reduce false memory contagion. Even relatively frequent, item-specific forewarnings could not prevent warned items from becoming false memory, although such forewarnings helped increase the participants' overall cautiousness. Therefore, we recommend designing conversational agents to, at best, avoid providing uncertain information or, at least, provide frequent forewarnings about potentially false information. (PsycInfo Database Record (c) 2024 APA, all rights reserved).",https://doi.org/10.1037/amp0001230,,other-oa,hybrid,3,6,sistema=2;relevancia-campo=3,candidato-por-metadados,Descoberta bibliográfica; análise posterior.
20260907T171423Z,1.2.0,"""designing conversational agents""",OpenAlex,https://openalex.org/W4384039135,https://doi.org/10.1007/s00371-023-02994-9,Arthur and Bella: multi-purpose empathetic AI assistants for daily conversations,2023,Paulo Knob; Natália Dal Pizzol; Soraia Raupp Musse; Catherine Pélachaud,article,,https://doi.org/10.1007/s00371-023-02994-9,,,closed,3,4,sistema=1;relevancia-campo=1,candidato-por-metadados,Descoberta bibliográfica; análise posterior.
20260907T171423Z,1.2.0,"""designing conversational agents""",OpenAlex,https://openalex.org/W4413203790,https://doi.org/10.1080/0144929x.2025.2541222,Common ground improves learning with conversational agents,2025,Anita Körner; Antonia Tolzin; Andreas Janson; Jan Marco Leimeister; Ralf Rummer,article,"Although conversational agents are successfully applied in teaching, it is largely unclear which communication principles should be employed to optimise learning. We examine the influence of common ground (i.e. shared knowledge on which to build during conversation) on learning. In an in-class experiment, students studied with one of two pedagogical conversational agents. The control version provided information without emphasising grounding, whereas the common ground version emphasised grounding, for example, by encouraging students to monitor and repair common ground. After the learning unit, students evaluated their learning experience and the pedagogical conversational agent, after which they were tested on the studied material. Students in the common ground (vs. the control) condition performed better in a post-study knowledge test and engaged longer with the pedagogical conversational agent. Thus, the common ground emphasis facilitated learning with a conversational agent, indicating that grounding principles should be incorporated when designing conversational agents.",https://doi.org/10.1080/0144929x.2025.2541222,,cc-by,hybrid,3,6,sistema=2;relevancia-campo=3,candidato-por-metadados,Descoberta bibliográfica; análise posterior.
20260907T171423Z,1.2.0,"""designing conversational agents""",OpenAlex,https://openalex.org/W4387345017,https://doi.org/10.1145/3610189,"Form to Flow: Exploring Challenges and Roles of Conversational UX Designers in Real-world, Multi-channel Service Environments",2023,Jeongyun Heo; Uichin Lee,article,"Conversational agents are widely used in today's multi-channel service environments. However, little is known regarding the challenges faced by user experience (UX) designers. This study explores the challenges faced by conversational UX designers working in multidisciplinary teams for understanding the design process involved in the transformation of conventional graphical interfaces to conversation flows. In-depth interviews with UX designers working in industries reveal the key challenges in the form-to-flow transformation process. Moreover, collaborative work with various stakeholders in complex work environments involves conversational artificial intelligence-engendered gap-filling work phenomena wherein UX designers tend to work across role boundaries. Our results indicate the need for added support for CUX designer including tools and guidelines to suppport form-to-flow design, tools for testing, and defining extended roles for CUX designers with collaborative perspectives for designing conversational agents in multi-channel service environments.",https://doi.org/10.1145/3610189,https://dl.acm.org/doi/pdf/10.1145/3610189,,bronze,4,7,titulo-ancora,candidato-por-metadados,Descoberta bibliográfica; análise posterior.
20260907T171423Z,1.2.0,"""designing conversational agents""",OpenAlex,https://openalex.org/W4407063449,https://doi.org/10.4018/ijcallt.368218,Software Review,2025,Chenghao Wang; Xueyun Li,article,"D-ID Creative Reality Studio (D-ID) is a platform for creating Artificial Intelligence (AI) presenter (digital human) videos, translating videos, and designing conversational agents. D-ID seamlessly integrates deep-learning face animation technology, large language models (LLMs), natural language processing (NLP), and speech synthesis and recognition (SSR), offering new possibilities for immersive language teaching and learning. As highlighted in the slogan, “Amaze your audience with your art” (D-ID, 2024), both language learners and teachers can utilise D-ID to create personalised multimodal digital learning resources. Aligning with the interaction hypothesis (Long, 1996), a conversational agent can serve as a language partner, offering accurate linguistic input and facilitating conversational practice anytime and anywhere. Additionally, the incorporation of a digital human is consistent with the Cognitive Theory of Multimedia Learning (Mayer & Moreno, 2003), which asserts that dual-channel input—integrating visual and auditory modalities—enhances memory retention and overall learning effectiveness. This software review centres on the web-based version of D-ID and provides a detailed analysis of the main features that can contribute to second language acquisition.",https://doi.org/10.4018/ijcallt.368218,https://www.igi-global.com/ViewTitle.aspx?TitleId=368218&isxn=9798337316130,cc-by,hybrid,3,6,sistema=2;relevancia-campo=6,candidato-por-metadados,Descoberta bibliográfica; análise posterior.
20260907T171423Z,1.2.0,"""designing conversational agents""",OpenAlex,https://openalex.org/W4309675387,https://doi.org/10.1109/kse56063.2022.9953771,Towards a Human-like Chatbot using Deep Adversarial Learning,2022,Quoc-Dai Luong Tran; Anh-Cuong Le; Van‐Nam Huynh,conference-paper,"Conversational agents are getting more popular and applied in a wide range of practical application areas. The main task of these agents is not only to generate context-appropriate responses to a given query but also to make the conversation human-like. Thanks to the ability of deep learning based models in natural language modeling, recent studies have made progress in designing conversational agents that can provide more semantically accurate responses. However, the naturalness in such conversation setting has not been given adequate attention in these studies. This paper aims to incorporate both important criteria of accuracy and naturalness of conversation in developing a new model for conversational agents. To this end, inspired by the idea of Turing test and the idea of adversarial learning strategy, we propose to design a model based on generative deep neural networks that interestingly allow to generate accurate responses optimized by the mechanics of imitating human-generated conversations. Experimental results demonstrate that the proposed models produce more natural and accurate responses, yielding significant gains in BLEU scores.",https://doi.org/10.1109/kse56063.2022.9953771,,,closed,3,6,sistema=4;relevancia-campo=3,candidato-por-metadados,Descoberta bibliográfica; análise posterior.
20260907T171423Z,1.2.0,"""designing conversational agents""",OpenAlex,https://openalex.org/W4399031128,https://doi.org/10.1007/978-3-031-61175-9_16,Let’s Chat to Negotiate: Designing a Conversational Agent for Learning Negotiation Skills,2024,Eva-Maria Zahn; Sofia Schöbel,conference-paper,,https://doi.org/10.1007/978-3-031-61175-9_16,,,closed,3,5,sistema=1;relevancia-campo=2,candidato-por-metadados,Descoberta bibliográfica; análise posterior.
20260907T171423Z,1.2.0,"""designing conversational agents""",OpenAlex,https://openalex.org/W4415861870,https://doi.org/10.1145/3757232.3757235,Design Considerations for Conversational Agents to Assess the Social-emotional Well-being of Young Children in Low-Income South African Communities,2025,Lucretia Williams; Elizabeth Ankrah; Catherine E. Draper; Caylee J. Cook; Franceli L. Cibrian; Jesús A. Beltrán; Kimberley D. Lakes; Gillian R. Hayes,conference-paper,"A variety of digital technologies have been used to support early childhood development (ECD) programs in low-income South African communities. Even though technology has provided opportunities to increase access to health interventions, the lack of trust and socio-economic constraints under which these tools would need to work pose complex challenges. We examine home visitors’ work processes, experiences, and preferences of a conversational agent to support their work of administering social-emotional well-being assessments to young children ages 0-5. Analysis of the results of focus groups with 51 home visitors indicates the need for designing conversational agents that support ECD in the cultural context of South African communities, and engaging through trust-building activities, which is essential for the sustainability of an ECD intervention. We identified that home visitors find it essential to engage in trust-building activities with caregivers through personal storytelling, community workshops, and empathetic communication. This allows home visitors to engage caregivers in using a conversational agent for their child’s social-emotional well-being assessments. Additionally, we provide key design considerations for the low-income South African community context by designing the conversational agent in local languages, cultural phrases and idioms, and to include visual elements to enhance literacy. We present design implications for designing conversational agents rooted in a foundation of trust and ways to incorporate storytelling approaches into conversational agents. This work advances the exploration of the types of complex challenges that can arise in resource-constrained settings by introducing new technical methods in innovative ways rather than refraining due to implementation and sustainability challenges.",https://doi.org/10.1145/3757232.3757235,https://dl.acm.org/doi/pdf/10.1145/3757232.3757235,,gold,3,6,sistema=2;relevancia-campo=3,candidato-por-metadados,Descoberta bibliográfica; análise posterior.
20260907T171423Z,1.2.0,"""designing conversational agents""",OpenAlex,https://openalex.org/W4221063717,https://doi.org/10.31234/osf.io/ea3cq,"The role of valence, dominance, and pitch in social perceptions of artificial intelligence (AI) conversational agents’ voices",2022,Victor Kenji Medeiros Shiramizu; Anthony J. Lee; Daria Altenburg; David R. Feinberg; Benedict C. Jones,preprint,"There is growing concern that artificial intelligence (AI) conversational agents (e.g., Siri, Alexa) reinforce voice-based social stereotypes. Because little is known about social perceptions of conversational agents’ voices, we investigated the perceptual dimensions that underpin social perceptions of these synthetic voices and the role that acoustic parameters play in these perceptions. In Study 1 (N = 504), Principal Component Analysis of ratings of synthetic voices on a range of traits (trustworthiness, emotional stability, responsibility, sociability, caringness, attractiveness, intelligence, confidence, weirdness, unhappiness, meanness, aggressiveness, dominance, competence, age, masculinity, femininity) suggested that social perceptions of synthetic voices are underpinned by Valence and Dominance components that are highly similar to those previously reported for natural human stimuli. Study 1 also found that scores on the Dominance component were strongly and negatively related to voice pitch. Study 2 (N = 160) found that experimentally manipulating pitch in synthetic voices directly influenced perceptions of their dominance and aggressiveness, but not their competence or trustworthiness. Collectively, these results suggest that greater consideration of the role that voice pitch plays in dominance-related social perceptions when designing conversational agents will be effective in controlling stereotypic perceptions of their voices and the downstream consequences of those perceptions. (This research was supported by the EPSRC grant ‘Designing Conversational Assistants to Reduce Gender Bias’ EP/T023783/1, awarded to BCJ. Daria Altenburg was supported by Grant BOF.24Y.2019.0006.01 of Ghent University, awarded to Adriaan Spruyt.)",https://doi.org/10.31234/osf.io/ea3cq,,cc-by,gold,3,5,sistema=2;relevancia-campo=2,candidato-por-metadados,Descoberta bibliográfica; análise posterior.
20260907T171423Z,1.2.0,"""designing conversational agents""",OpenAlex,https://openalex.org/W7125970784,https://doi.org/10.1145/3772318.3790474,Conversing with Objects toward Fluid Human and Artificial Identities during Life Transitions,2026,Yuhui Xu; Minha Lee; Stephan Wensveen; Mahla Alizadeh; mathias funk,conference-paper,"People's identities change during life transitions, e.g., studying abroad. They bring everyday objects that embody memories and reflect their identities during such moves. To assist in these transitions, we ask how people's human identities could be influenced by their objects through an artificial agent. This paper presents an exploratory research-through-design study around how people undergoing life transitions experience conversing with their everyday objects through a chatbot. Drawing on a two-week field deployment and interviews with 12 participants, we contribute (1) a conceptualization of 'trans-embodiment' describing the asynchronous imagination of object and human identities on the chatbot, (2) empirical evidence of the resulting emotional and reflective experiences, and (3) three types of object identities for designing conversational agents that role-play objects. Our contributions sum up to triangulating human-agent-object identity as trans-embodiment in supporting life transitions.",https://doi.org/10.1145/3772318.3790474,,cc-by,gold,3,5,sistema=4;relevancia-campo=2,candidato-por-metadados,Descoberta bibliográfica; análise posterior.
20260907T171423Z,1.2.0,"""designing conversational agents""",OpenAlex,https://openalex.org/W2189560997,,"Proceedings of the 2014 workshop on Understanding and Modeling Multiparty, Multimodal Interactions",2014,Samer Al Moubayed; Dan Bohus; Anna Esposito; Dirk Heylen; Maria Koutsombogera; Harris Papageorgiou; Gabriel Skantze,other,"It is our great pleasure to welcome you to the ICMI 2014 Workshop on Understanding and Modeling Multiparty, Multimodal Interactions -- UM3I 2014. The workshop will highlight recent developments and adopted methodologies in the analysis and modeling of multiparty and multimodal interactions towards the design and implementation principles of related humanmachine interfaces. UM3I 2014 aims to explore this growing field of multiparty multimodal interaction by bridging this multidisciplinary area and bringing together researchers from domains of multimodal signal processing, dialog systems, human-computer interaction, human-robot interaction, multimodal conversation analysis and multimodal user interfaces. The call for papers attracted submissions from Asia, Europe, and the United States. The program committee reviewed and accepted the following papers: UM3I 2014 Reviewed Accepted - Full Technical Papers 8 8 100% We also encourage participants to attend the keynote talk presentation, a valuable and insightful talk that can and will guide us to a better understanding of the domain of interest: From Modeling Multimodal and Multiparty Interactions to Designing Conversational Agents, Yukiko Nakano (Seikei University)",https://dl.acm.org/action/showBook?doi=10.1145%2F2666242,,,closed,3,6,sistema=3;relevancia-campo=6,candidato-por-metadados,Descoberta bibliográfica; análise posterior.
20260907T171423Z,1.2.0,"""designing conversational agents""",OpenAlex,https://openalex.org/W4405767355,https://doi.org/10.48550/arxiv.2412.17049,Modular Conversational Agents for Surveys and Interviews,2024,"James Yu; Zhao, Jinhua; Luis Miranda-Moreno; Matthew Korp",preprint,"Surveys and interviews (structured, semi-structured, or unstructured) are widely used for collecting insights on emerging or hypothetical scenarios. Traditional human-led methods often face challenges related to cost, scalability, and consistency. Recently, various domains have begun to explore the use of conversational agents (chatbots) powered by large language models (LLMs). However, as public investments and policies on infrastructure and services often involve substantial public stakes and environmental risks, there is a need for a rigorous, transparent, privacy-preserving, and cost-efficient development framework tailored for such major decision-making processes. This paper addresses this gap by introducing a modular approach and its resultant parameterized process for designing conversational agents. We detail the system architecture, integrating engineered prompts, specialized knowledge bases, and customizable, goal-oriented conversational logic in the proposed approach. We demonstrate the adaptability, generalizability, and efficacy of our modular approach through three empirical studies: (1) travel preference surveys, highlighting multimodal (voice, text, and image generation) capabilities; (2) public opinion elicitation on a newly constructed, novel infrastructure project, showcasing question customization and multilingual (English and French) capabilities; and (3) transportation expert consultation about future transportation systems, highlighting real-time, clarification request capabilities for open-ended questions, resilience in handling erratic inputs, and efficient transcript post-processing. The results show the effectiveness of this modular approach and how it addresses key ethical, privacy, security, and token consumption concerns, setting the stage for the next-generation surveys and interviews.",http://arxiv.org/abs/2412.17049,https://arxiv.org/pdf/2412.17049,cc-by,green,3,6,sistema=6;relevancia-campo=4,candidato-por-metadados,Descoberta bibliográfica; análise posterior.
20260907T171423Z,1.2.0,"""designing conversational agents""",OpenAlex,https://openalex.org/W4403985305,https://doi.org/10.14569/ijacsa.2024.0151006,Designing Conversational Agents for Student Wellbeing,2024,Jieyu Wang; Li Zhang; Dingfang Kang; Katherina G. Pattit,article,"The innovative development of AI technology provides new possibilities and new solutions to the problems that we are facing in modern society. Student well-being status has been a major concern in well-being care, especially in the post-pandemic era. The availability and quality of well-being support have limited the accessibility of well-being resources to students. Using conversational agents (CA) or chatbots to empower student well-being care is a promising solution for universities, considering the availability and cost of implementation. This research aims to explore how CAs assist students with possible well-being concerns. We invited 96 participants to fill out surveys with their demographic information and 11 short answer questions concerning their well-being and their acceptance and expectations of CAs. The results suggested the participants accepted the use of well-being CAs with ethical concerns. Upon user acceptance, the participants expressed expectations on design features such as facial expression recognition, translation, images, personalized long-term memory, etc. Based on the results this work presents a conceptual framework and chat flows for the design of a student well-being chatbot, which provides a user-centered design example for UX designers of wellbeing. Further research will introduce detailed design discoveries and a high-fidelity CA prototype to shed light on student well-being support applications. Implementing the CA will enhance the accessibility and quality of student well-being services, fostering a healthier campus environment.",http://dx.doi.org/10.14569/ijacsa.2024.0151006,https://thesai.org/Downloads/Volume15No10/Paper_6-Designing_Conversational_Agents.pdf,cc-by,diamond,4,7,titulo-ancora,candidato-por-metadados,Descoberta bibliográfica; análise posterior.
20260907T171423Z,1.2.0,"""designing conversational agents""",OpenAlex,https://openalex.org/W4308947461,https://doi.org/10.1186/s41239-022-00362-6,The impact of a virtual teaching assistant (chatbot) on students' learning in Ghanaian higher education,2022,Harry Barton Essel; Dimitrios Vlachopoulos; Akosua Tachie-Menson; Esi Eduafua Johnson; Papa Kwame Baah,article,"Abstract Chatbot usage is evolving rapidly in various fields, including higher education. The present study’s purpose is to discuss the effect of a virtual teaching assistant (chatbot) that automatically responds to a student’s question. A pretest–posttest design was implemented, with the 68 participating undergraduate students being randomly allocated to scenarios representing a 2 × 2 design (experimental and control cohorts). Data was garnered utilizing an academic achievement test and focus groups, which allowed more in depth analysis of the students’ experience with the chatbot. The results of the study demonstrated that the students who interacted with the chatbot performed better academically comparing to those who interacted with the course instructor. Besides, the focus group data garnered from the experimental cohort illustrated that they were confident about the chatbot’s integration into the course. The present study essentially focused on the learning of the experimental cohort and their view regarding interaction with the chatbot. This study contributes the emerging artificial intelligence (AI) chatbot literature to improve student academic performance. To our knowledge, this is the first study in Ghana to integrate a chatbot to engage undergraduate students. This study provides critical information on the use and development of virtual teaching assistants using a zero-coding technique, which is the most suitable approach for organizations with limited financial and human resources.",https://doi.org/10.1186/s41239-022-00362-6,https://educationaltechnologyjournal.springeropen.com/counter/pdf/10.1186/s41239-022-00362-6,cc-by,diamond,3,6,sistema=2;relevancia-campo=3,candidato-por-metadados,Descoberta bibliográfica; análise posterior.
20260907T171423Z,1.2.0,"""designing conversational agents""",OpenAlex,https://openalex.org/W7207887823,,Let's Team Up: Designing Conversational Agents as Teammates,2020,Edona Elshan; Philipp Ebel,conference-paper,"The success of projects is, amongst others, highly depended on the team members skillset and ability to collaborate. Hence, education has to undergo a change to keep up with the shift in the compositions of skills and knowledge needed for students. To overcome scalability issues, we propose to develop Timmy-a conversational agents (CAs) that acts as a team member. As there is a lack of concrete design knowledge concerning CAs as peers in teams, we conduct a design science research project. Based on requirements from scientific literature and expert interviews, we develop a concise set of design principles for designing CAs in peer roles in educational settings. Furthermore, we present an initial proof of concept evaluation. These insights will support researchers and practitioners to understand better how CAs can be systematically built to ameliorate the collaborative skill of students in teamwork settings.",https://www.alexandria.unisg.ch/handle/20.500.14171/111505,,,closed,4,7,titulo-ancora,candidato-por-metadados,Descoberta bibliográfica; análise posterior.
20260907T171423Z,1.2.0,"""designing conversational agents""",OpenAlex,https://openalex.org/W7167671417,https://doi.org/10.17705/1cais.05840,Designing Conversational Agents for Search String Development in Literature Reviews,2026,Daniel Bierschwale; Phillip O. Gottschewski-Meyer; Thorsten Schoormann; Ralf Knackstedt,article,"Developing rigorous search strings is essential for systematic literature reviews (SLRs), yet it remains challenging for young researchers and interdisciplinary teams who struggle with keyword identification, terminological heterogeneity, and database-specific syntax. While numerous tools support downstream SLR phases, search string development often lacks dedicated support. We address this gap by developing a conversational agent (CA) called STRINGI that assists search string development through structured, guided, and pedagogically informed interactions. Following a design science research approach, we conducted interviews to understand the problem space, aggregated design knowledge from multiple research streams, and instantiated 22 design features through systematic prompt engineering. We contribute a CA-based SLR support tool, a transparent design-features-to-prompt-transfer approach, and insights into the design of polyadic CA architectures. This offers potential for young researchers and students to both perform literature reviews as part of their work and develop their understanding of scientific principles and methods. The CA bridges methodological prescriptions and operational support, enabling deployment while advancing research practices and offering potential for education.",https://forskning.ruc.dk/da/publications/8f16cf99-4ace-4601-9c33-c5cc4e1d81c5,,other-oa,green,4,7,titulo-ancora,candidato-por-metadados,Descoberta bibliográfica; análise posterior.
20260907T171423Z,1.2.0,"""designing conversational agents""",OpenAlex,https://openalex.org/W7154298653,https://doi.org/10.24251/hicss.2026.608,Designing Conversational Agents to Support Learning from Scientific Graphs,2026,Tim Siedenburg; Lea Kuhlmann; Philipp Staudt,conference-paper,"The need for accountability in research and an informed policy-making and society has increased demand for publicly accessible research data. However, the tendency in the scientific context to rely on graphs to illustrate findings can be challenging for users lacking domain expertise. Rooted in Conversation theory, this study explores using conversational agents to help users interpret such graphs. Using design science research, we develop and test a prototype conversational agent, addressing previously identified challenges like accessibility as well as language and education barriers in graph interpretation. While users with conversational agent access in a large-scale experiment do not demonstrate improvements in objective learning success, they report higher perceived learning, perceived empowerment and user experience, with reduced cognitive load. This research highlights the potential of large language model-based agents to improve access to complex data, offering insights into science communication as well as educational agent design and their limitations.",https://hdl.handle.net/10125/112009,,cc-by-nc-nd,green,4,7,titulo-ancora,candidato-por-metadados,Descoberta bibliográfica; análise posterior.
20260907T171423Z,1.2.0,"""designing conversational agents""",OpenAlex,https://openalex.org/W7155470358,,Designing Conversational Agents for Search String Development in Literature Reviews,2026,Daniel Bierschwale; Phillip O. Gottschewski-Meyer; Thorsten Schoormann; Ralf Knackstedt,article,"Developing rigorous search strings is essential for systematic literature reviews (SLRs), yet it remains challenging for young researchers and interdisciplinary teams who struggle with keyword identification, terminological heterogeneity, and database-specific syntax. While numerous tools support downstream SLR phases, search string development often lacks dedicated support. We address this gap by developing a conversational agent (CA) called STRINGI that assists search string development through structured, guided, and pedagogically informed interactions. Following a design science research approach, we conducted interviews to understand the problem space, aggregated design knowledge from multiple research streams, and instantiated 22 design features through systematic prompt engineering. We contribute a CA-based SLR support tool, a transparent design-features-to-prompt-transfer approach, and insights into the design of polyadic CA architectures. This offers potential for young researchers and students to both perform literature reviews as part of their work and develop their understanding of scientific principles and methods. The CA bridges methodological prescriptions and operational support, enabling deployment while advancing research practices and offering potential for education.",https://aisel.aisnet.org/cais/vol58/iss1/65,,,closed,4,7,titulo-ancora,candidato-por-metadados,Descoberta bibliográfica; análise posterior.
20260907T171423Z,1.2.0,"""designing conversational agents""",OpenAlex,https://openalex.org/W2148484439,https://doi.org/10.1145/2666242.2666252,From Modeling Multimodal and Multiparty Interactions to Designing Conversational Agents,2014,Yukiko Nakano,conference-paper,"Conversational agents are expected to allow natural human-computer interaction by mimicking human communication behaviors. The users would expend less effort in using such computer systems. To build such systems, computational models of human communication are indispensable. However, such models have not yet been fully established. Therefore, analyzing and modeling human communication as the basis for designing agents are essential. In this talk, I will review previous studies from corpus analysis to system implementation, and discuss how these multiple research phases should be accomplished in a consistent way, and also why they should work closely together in creating new conversational humanoids that lead to a new relationship between humans and computers.",https://doi.org/10.1145/2666242.2666252,,,closed,4,7,titulo-ancora,candidato-por-metadados,Descoberta bibliográfica; análise posterior.
20260907T171423Z,1.2.0,"""designing conversational agents""",OpenAlex,https://openalex.org/W4414458774,https://doi.org/10.1109/icscds65426.2025.11165793,Designing Conversational Agents in Copilot Studio for Enterprise Automation and Compliance,2025,Sarat Piridi; Nataraja kumar Koduri; Sharan Asundi,conference-paper,"The presented paper examines how conversational agents can be implemented and designed in the Microsoft Copilot Studio with a special consideration given to how they may be used to automate enterprise operations as well as comply with regulatory issues. These agents enhance the productivity, teamwork and confidence in human-AI settings in the integration of intelligent task decomposition, contextual awareness and user-role adaptivity. Research data demonstrates that Copilot Studio Agents are more accurate, efficient and user friendly, as compared to static flows. Other issues pinpointed in the paper include overdependence, ethical issues and openness. Our simulations, tests of performance evaluation, and methods of trust calibration allow us to build a complete picture of creating solid and enterprise-level conversational agents according to the perspective of compliance and automation.",https://doi.org/10.1109/icscds65426.2025.11165793,,,closed,4,7,titulo-ancora,candidato-por-metadados,Descoberta bibliográfica; análise posterior.
20260907T171423Z,1.2.0,"""designing conversational agents""",OpenAlex,https://openalex.org/W4200026828,https://doi.org/10.1093/geroni/igab046.476,Designing Conversational Agents to Support Self-Regulated Learning for Older Adults,2021,Jessie Chin; Smit Desai,conference-abstract,"Abstract The rapid growth of the off-the-shelf smart speakers (such as Amazon Alexa and Google Home), also called Conversational Agents (CAs), creates potential to deliver everyday life support to users at home (such as checking weather, listening to news, scheduling events). Literature demonstrated the technology acceptance of CAs among older adults (including novice users) given the low barriers to use CAs. The natural conversations among CAs and users enable the opportunities to build deeper understandings about a topic through theory-driven guided dialogues. Our study has designed the metacognition strategies in the guided dialogues of CAs to support informal self-regulated learning of health information among older adults. The study has shown the feasibility and acceptance of CAs to help older adults learn new health information on their own through these guided dialogues. Additional analyses on the feasibilities to implement different metacognitive strategies in guided dialogues in the off-the-shelf CAs were also conducted.",https://doi.org/10.1093/geroni/igab046.476,https://academic.oup.com/innovateage/article-pdf/5/Supplement_1/123/43179629/igab046.476.pdf,cc-by,gold,4,6,titulo-ancora,candidato-por-metadados,Descoberta bibliográfica; análise posterior.
20260907T171423Z,1.2.0,"""designing conversational agents""",OpenAlex,https://openalex.org/W7163753884,https://doi.org/10.1186/s41043-026-01254-5,PhysB: a framework for designing conversational agents to support physical activity in adolescents,2026,Richard Moore; Abdel-Karim Al-Tamimi; Lambros Lazuras,article,"Conversational Agents (CAs) are a promising tool for enhancing adolescents' physical activity behaviours. To effectively fulfil their role, these agents must address the diverse range of barriers adolescents encounter and provide effective, evidence-based solutions. To achieve this, a theoretical framework titled PhysB is proposed, which is grounded in theory and evidence, allowing for the identification and categorisation of barriers through natural language input. The PhysB framework outlines the relationship between the process of identifying barriers and the cognitive system driving the CA's interaction with adolescents. It incorporates key constructs from various theoretical models and frameworks and draws from behaviour change theory. The PhysB framework's main function is to inform the design and evaluation of personalised, evidence-based conversational AI interventions to promote positive behaviour change in adolescents. The PhysB framework's broad applicability extends to practitioners, policymakers, researchers, and designers involved in designing conversational AI interventions.",https://doi.org/10.1186/s41043-026-01254-5,,cc-by,gold,4,7,titulo-ancora,candidato-por-metadados,Descoberta bibliográfica; análise posterior.
20260907T171423Z,1.2.0,"""designing conversational agents""",OpenAlex,https://openalex.org/W7134168734,https://doi.org/10.1016/j.caeai.2026.100576,Designing conversational Agents for adaptive instructional support in business simulation gaming,2026,Anna Wenzel; Jan-Martin Geiger; Andreas Liening,article,"Adaptive instructional support that addresses individual learner differences in learning strengths, challenges, and interests is essential for engaging learners in meaningful cognitive processes and promoting learning. Although business simulation games (BSGs) are widely used for experiential entrepreneurial learning, they often provide limited formative feedback and structured reflection, which can overwhelm novice learners and exacerbate existing educational disparities. While AI-supported conversational agents (CAs) offer potential for scalable adaptive support, theory-driven guidance for their design in digital game-based learning (DGBL) remains scarce, particularly from an ethical and equity-by-design perspective. We adopted an Action Design Research approach to generate design knowledge and iteratively develop and evaluate an AI-enhanced CA, Lara, across two cycles. Grounded in educational psychology and information systems research, we derived theory-driven meta-requirements targeting cognitive, motivational, affective, and socio-cultural engagement, informed by a needs analysis conducted within a collaborative BSG context. Guided by an equity-by-design stance, we specified four design principles and fifteen design features, which together form the CAIS-GBL framework, and instantiated Lara accordingly. Evaluations with student teachers and within a field study with BSG participants indicated generally positive perceptions of Lara’s cognitive and social presence, support for self-regulated learning, perceived ease of use, and behavioral intention. Notably, perceived social presence and support for self-regulated learning increased significantly over the course of the five-week BSG. Furthermore, students’ gender, age, and prior knowledge did not significantly predict CA perceptions, whereas AI attitude and social player type did. These findings suggest that dispositions, rather than demographic or background characteristics, shape CA acceptance, indicating that Lara’s adaptive support aligns with diverse learner needs. Our study contributes 1) a functioning artifact, 2) a roadmap for equitable and adaptive instructional support in BSGs, and 3) actionable, theory-driven design knowledge for CAs in DGBL.",https://doi.org/10.1016/j.caeai.2026.100576,,cc-by-nc-nd,gold,4,7,titulo-ancora,candidato-por-metadados,Descoberta bibliográfica; análise posterior.
20260907T171423Z,1.2.0,"""designing conversational agents""",OpenAlex,https://openalex.org/W4401379707,https://doi.org/10.1145/3632621.3671418,Designing Conversational Agents to Address Conversational Programmers' Learning Needs and Challenges,2024,Jinyoung Hur,conference-paper,"Conversational programmers have distinct learning goals of improving their communication skills about technical topics, rather than their code-writing skills. However, the predominant instructional approach to computing focuses on writing code, leading to the mismatch in expectations and causing feelings of failure among conversational programmers. My research goal is to understand the learning needs and challenges of conversational programmers at scale and design tailored systems for conversational programmers, ultimately expanding pathways to computing education.",https://doi.org/10.1145/3632621.3671418,,,closed,4,6,titulo-ancora,candidato-por-metadados,Descoberta bibliográfica; análise posterior.
20260907T171423Z,1.2.0,"""designing conversational agents""",OpenAlex,https://openalex.org/W7165394810,https://doi.org/10.1145/3773077.3812151,"Designing Conversational Agents for Young Children: Comparing Disembodied, Embodied, and Customizable Agents",2026,Jasmine E. Tran; Young-jin Park; Mark Warschauer,conference-paper,"Conversational agents (CAs) have become increasingly prominent in education, yet most research focuses on disembodied chatbots for higher education. Because visual representation is central for early childhood, we developed a web application with an LLM-based CA to examine how embodiment and visual appearance relate to children’s dialogic interactions. In an online study with 33 children ages 4–8, participants were randomly assigned to interact with a text-based CA, an embodied CA with a random avatar, or an embodied CA whose appearance children could customize. Children showed high verbal engagement regardless of CA type. Across interactions, children largely remained on topic, though playfulness, disengagement, and social connectedness varied. Interactions with custom avatar CAs more often included playful and disengaged behaviors, while customization patterns suggested that children created avatars resembling themselves or explored fantastical identities. This study provides initial insights into design mechanisms for child-centered pedagogical CAs.",https://doi.org/10.1145/3773077.3812151,,cc-by-nc-nd,gold,4,7,titulo-ancora,candidato-por-metadados,Descoberta bibliográfica; análise posterior.
20260907T171423Z,1.2.0,"""designing conversational agents""",OpenAlex,https://openalex.org/W3115799730,,Designing Conversational Agents to Encourage User Narrative and Self-Reflection in Mental Wellbeing,2020,So Hyun Park,dissertation,,https://hdl.handle.net/10371/170324,,,closed,4,6,titulo-ancora,candidato-por-metadados,Descoberta bibliográfica; análise posterior.
20260907T171423Z,1.2.0,"""designing conversational agents""",OpenAlex,https://openalex.org/W7162860752,https://doi.org/10.1145/3816046.3816299,Who Does Your AI Work For? Designing Conversational Agents as Digital Fiduciaries,2026,Jacob Erickson,conference-paper,"Conversational agents are increasingly integrated into the most private and intimate aspects of users’ lives, from discussions of mental health to financial decisions. As a result, these systems have access to reams of sensitive user data. Much of the literature on AI systems has focused on aligning users’ goals with the agents that act on their behalf. While this work is vitally important, it may overlook the need to establish a new normative baseline. Conversational AI agents, designed to feel and interact anthropomorphically with human users, must be held to a standard of care commensurate with their capabilities and access. When a client hires a personal lawyer, undergoes surgery, or receives advice from an investment manager, the expert they consult often has a fiduciary duty to act in their client’s best interests. This provocation argues that conversational agents should be held to a similar standard and introduces fiduciary design as a guiding principle. In this respect, conversational AI trust and accountability could be unified into a single design and legal paradigm.",https://doi.org/10.1145/3816046.3816299,,cc-by,gold,4,6,titulo-ancora,candidato-por-metadados,Descoberta bibliográfica; análise posterior.
20260907T171423Z,1.2.0,"""designing conversational agents""",OpenAlex,https://openalex.org/W7162752342,https://doi.org/10.48550/arxiv.2605.28908,Who Does Your AI Work For? Designing Conversational Agents as Digital Fiduciaries,2026,Jacob Erickson,preprint,"Conversational agents are increasingly integrated into the most private and intimate aspects of users' lives, from discussions of mental health to financial decisions. As a result, these systems have access to reams of sensitive user data. Much of the literature on AI systems has focused on aligning users' goals with the agents that act on their behalf. While this work is vitally important, it may overlook the need to establish a new normative baseline. Conversational AI agents, designed to feel and interact anthropomorphically with human users, must be held to a standard of care commensurate with their capabilities and access. When a client hires a personal lawyer, undergoes surgery, or receives advice from an investment manager, the expert they consult often has a fiduciary duty to act in their client's best interests. This provocation argues that conversational agents should be held to a similar standard and introduces fiduciary design as a guiding principle. In this respect, conversational AI trust and accountability could be unified into a single design and legal paradigm.",https://doi.org/10.48550/arxiv.2605.28908,,cc-by,green,4,6,titulo-ancora,candidato-por-metadados,Descoberta bibliográfica; análise posterior.
20260907T171423Z,1.2.0,"""designing conversational agents""",OpenAlex,https://openalex.org/W3033211403,https://doi.org/10.3390/healthcare8020154,AI Chatbot Design during an Epidemic like the Novel Coronavirus,2020,Gopi Battineni; Nalini Chintalapudi; Francesco Amenta,article,"Since the discovery of the Coronavirus (nCOV-19), it has become a global pandemic. At the same time, it has been a great challenge to hospitals or healthcare staff to manage the flow of the high number of cases. Especially in remote areas, it is becoming more difficult to consult a medical specialist when the immediate hit of the epidemic has occurred. Thus, it becomes obvious that if effectively designed and deployed chatbot can help patients living in remote areas by promoting preventive measures, virus updates, and reducing psychological damage caused by isolation and fear. This study presents the design of a sophisticated artificial intelligence (AI) chatbot for the purpose of diagnostic evaluation and recommending immediate measures when patients are exposed to nCOV-19. In addition, presenting a virtual assistant can also measure the infection severity and connects with registered doctors when symptoms become serious.",https://doi.org/10.3390/healthcare8020154,https://www.mdpi.com/2227-9032/8/2/154/pdf?version=1591947503,cc-by,gold,4,6,titulo-ancora,candidato-por-metadados,Descoberta bibliográfica; análise posterior.
20260907T171423Z,1.2.0,"""designing conversational agents""",OpenAlex,https://openalex.org/W4210633078,https://doi.org/10.1108/emjb-09-2021-0144,Designing rule-based conversational agents with behavioral programming: a study of human subjects,2022,Ariel Rosenfeld; Nitzan Haimovich,article,"Purpose In this work, the authors propose to harness the advantages of behavioral programming as a new technique for designing rule-based conversational agents. Design/methodology/approach To examine the study’s hypotheses, the authors perform a first-of-its-kind user study through which the authors examine how potential designers, both expert designers, computationally-oriented designers, and otherwise, leverage behavioral programming (BP) and dialog graphs for designing conversational agents (CAs). The authors also use two standard CA settings common in the literature: designing a CA representative for a user in an online dating service and a non-character player in a role-playing game (RPG). Findings The study’s results indicate that BP can be successfully utilized by computationally-oriented designers, with or without prior knowledge in CA design, and can facilitate the design of better CAs (i.e. more accurate and more robust). However, to capitalize on these potential advantages, designers may be required to devote more time to the design process and are likely to encounter higher temporal demand levels. These results suggest that BP, which was initially proposed and evaluated in the general context of software design, can constitute a valuable alternative to the classic rule-based CA design technique commonly practiced today. Research limitations/implications An important limitation of this study is the relatively small participant pool. While the authors do plan to extend this study in the future, the current coronavirus disease 2019 (COVID-19) situation makes it ever more complex to conduct formal user studies of this kind. It is, however, important to note that despite the low number of participants, many of the results are found to be statistically significant. Practical implications The authors plan to continue this line of work and conduct human studies for additional design techniques in other popular agent-based settings. Specifically, the authors seek to explore how people of different backgrounds should design agents for various tasks such as automated negotiation (e.g. how should a person design a representative agent to negotiate on her behalf?) and social choice (e.g. how should a person design a voting bot to represent her in online voting systems?). Originality/value People are increasingly interacting with conversational agents in various settings and for a variety of reasons, as the market size of those agents keeps on growing every year. Through a first-of-its-kind human study ( N = 41), consisting of both expert designers, computationally-oriented designers, and otherwise, the authors demonstrate a few key advantages and limitations of BP in the realm of conversational agents and propose its consideration as an alternative to the classic dialog graph technique.",https://doi.org/10.1108/emjb-09-2021-0144,,,closed,3,6,sistema=2;relevancia-campo=4,candidato-por-metadados,Descoberta bibliográfica; análise posterior.
20260907T171423Z,1.2.0,"""designing conversational agents""",OpenAlex,https://openalex.org/W3176849078,https://doi.org/10.1186/s41239-021-00269-8,Chatbot to improve learning punctuation in Spanish and to enhance open and flexible learning environments,2021,Esteban Vázquez Cano; Santiago Mengual Andrés; Eloy López Menéses,article,"Abstract The objective of this article is to analyze the didactic functionality of a chatbot to improve the results of the students of the National University of Distance Education (UNED / Spain) in accessing the university in the subject of Spanish Language. For this, a quasi-experimental experiment was designed, and a quantitative methodology was used through pretest and posttest in a control and experimental group in which the effectiveness of two teaching models was compared, one more traditional based on exercises written on paper and another based on interaction with a chatbot. Subsequently, the perception of the experimental group in an academic forum about the educational use of the chatbot was analyzed through text mining with tests of Latent Dirichlet Allocation (LDA), pairwise distance matrix and bigrams. The quantitative results showed that the students in the experimental group substantially improved the results compared to the students with a more traditional methodology (experimental group / mean: 32.1346 / control group / mean: 28.4706). Punctuation correctness has been improved mainly in the usage of comma, colon and periods in different syntactic patterns. Furthermore, the perception of the students in the experimental group showed that they positively value chatbots in their teaching–learning process in three dimensions: greater “support” and companionship in the learning process, as they perceive greater interactivity due to their conversational nature; greater “feedback” and interaction compared to the more traditional methodology and, lastly, they especially value the ease of use and the possibility of interacting and learning anywhere and anytime.",https://doi.org/10.1186/s41239-021-00269-8,https://educationaltechnologyjournal.springeropen.com/track/pdf/10.1186/s41239-021-00269-8,cc-by,diamond,3,6,sistema=4;relevancia-campo=4,candidato-por-metadados,Descoberta bibliográfica; análise posterior.
20260907T171423Z,1.2.0,"""designing conversational agents""",OpenAlex,https://openalex.org/W4220962633,https://doi.org/10.1145/3490099.3511119,Investigating Explainability of Generative AI for Code through Scenario-based Design,2022,Jiao Sun; Q. Vera Liao; Michael Müller; Mayank Agarwal; Stephanie Houde; Kartik Talamadupula; Justin D. Weisz,conference-paper,"What does it mean for a generative AI model to be explainable? The emergent discipline of explainable AI (XAI) has made great strides in helping people understand discriminative models. Less attention has been paid to generative models that produce artifacts, rather than decisions, as output. Meanwhile, generative AI (GenAI) technologies are maturing and being applied to application domains such as software engineering. Using scenario-based design and question-driven XAI design approaches, we explore users’ explainability needs for GenAI in three software engineering use cases: natural language to code, code translation, and code auto-completion. We conducted 9 workshops with 43 software engineers in which real examples from state-of-the-art generative AI models were used to elicit users’ explainability needs. Drawing from prior work, we also propose 4 types of XAI features for GenAI for code and gathered additional design ideas from participants. Our work explores explainability needs for GenAI for code and demonstrates how human-centered approaches can drive the technical development of XAI in novel domains.",https://doi.org/10.1145/3490099.3511119,https://dl.acm.org/doi/pdf/10.1145/3490099.3511119,cc-by,gold,0,1,sistema=0;relevancia-campo=1,candidato-por-metadados,Descoberta bibliográfica; análise posterior.
20260907T171423Z,1.2.0,"""designing conversational agents""",OpenAlex,https://openalex.org/W3135619344,https://doi.org/10.2196/25933,Voice-Based Conversational Agents for the Prevention and Management of Chronic and Mental Health Conditions: Systematic Literature Review,2021,Caterina Bérubé; Theresa Schachner; Roman Keller; Elgar Fleisch; Florian von Wangenheim; Filipe Barata; Tobias Kowatsch,review,"BACKGROUND: Chronic and mental health conditions are increasingly prevalent worldwide. As devices in our everyday lives offer more and more voice-based self-service, voice-based conversational agents (VCAs) have the potential to support the prevention and management of these conditions in a scalable manner. However, evidence on VCAs dedicated to the prevention and management of chronic and mental health conditions is unclear. OBJECTIVE: This study provides a better understanding of the current methods used in the evaluation of health interventions for the prevention and management of chronic and mental health conditions delivered through VCAs. METHODS: We conducted a systematic literature review using PubMed MEDLINE, Embase, PsycINFO, Scopus, and Web of Science databases. We included primary research involving the prevention or management of chronic or mental health conditions through a VCA and reporting an empirical evaluation of the system either in terms of system accuracy, technology acceptance, or both. A total of 2 independent reviewers conducted the screening and data extraction, and agreement between them was measured using Cohen kappa. A narrative approach was used to synthesize the selected records. RESULTS: Of 7170 prescreened papers, 12 met the inclusion criteria. All studies were nonexperimental. The VCAs provided behavioral support (n=5), health monitoring services (n=3), or both (n=4). The interventions were delivered via smartphones (n=5), tablets (n=2), or smart speakers (n=3). In 2 cases, no device was specified. A total of 3 VCAs targeted cancer, whereas 2 VCAs targeted diabetes and heart failure. The other VCAs targeted hearing impairment, asthma, Parkinson disease, dementia, autism, intellectual disability, and depression. The majority of the studies (n=7) assessed technology acceptance, but only few studies (n=3) used validated instruments. Half of the studies (n=6) reported either performance measures on speech recognition or on the ability of VCAs to respond to health-related queries. Only a minority of the studies (n=2) reported behavioral measures or a measure of attitudes toward intervention-targeted health behavior. Moreover, only a minority of studies (n=4) reported controlling for participants' previous experience with technology. Finally, risk bias varied markedly. CONCLUSIONS: The heterogeneity in the methods, the limited number of studies identified, and the high risk of bias show that research on VCAs for chronic and mental health conditions is still in its infancy. Although the results of system accuracy and technology acceptance are encouraging, there is still a need to establish more conclusive evidence on the efficacy of VCAs for the prevention and management of chronic and mental health conditions, both in absolute terms and in comparison with standard health care.",https://doi.org/10.2196/25933,https://www.jmir.org/2021/3/e25933/PDF,cc-by,gold,3,6,sistema=2;relevancia-campo=3,candidato-por-metadados,Descoberta bibliográfica; análise posterior.
20260907T171423Z,1.2.0,"""designing conversational agents""",OpenAlex,https://openalex.org/W4286008004,https://doi.org/10.1007/s10726-022-09792-z,Elaborating Team Roles for Artificial Intelligence-based Teammates in Human-AI Collaboration,2022,Dominik Siemon,article,"Abstract The increasing importance of artificial intelligence (AI) in everyday work also means that new insights into team collaboration must be gained. It is important to research how changes in team composition affect joint work, as previous theories and insights on teams are based on the knowledge of pure human teams. Especially, when AI-based systems act as coequal partners in collaboration scenarios, their role within the team needs to be defined. With a multi-method approach including a quantitative and a qualitative study, we constructed four team roles for AI-based teammates. In our quantitative survey based on existing team role concepts (n = 1.358), we used exploratory and confirmatory factor analysis to construct possible roles that AI-based teammates can fulfill in teams. With nine expert interviews, we discussed and further extended our initially identified team roles, to construct consistent team roles for AI-based teammates. The results show four consistent team roles: the coordinator, creator, perfectionist and doer. The new team roles including their skills and behaviors can help to better design hybrid human-AI teams and to better understand team dynamics and processes.",https://doi.org/10.1007/s10726-022-09792-z,https://link.springer.com/content/pdf/10.1007/s10726-022-09792-z.pdf,cc-by,hybrid,0,1,sistema=0;relevancia-campo=1,candidato-por-metadados,Descoberta bibliográfica; análise posterior.
20260907T171423Z,1.2.0,"""designing conversational agents""",OpenAlex,https://openalex.org/W3121259022,https://doi.org/10.1007/s40593-020-00235-x,Natural Language Generation Using Deep Learning to Support MOOC Learners,2021,Chenglu Li; Wanli Xing,article,,https://doi.org/10.1007/s40593-020-00235-x,https://link.springer.com/content/pdf/10.1007/s40593-020-00235-x.pdf,,bronze,0,0,sistema=0;relevancia-campo=0,candidato-por-metadados,Descoberta bibliográfica; análise posterior.
20260907T171423Z,1.2.0,"""designing conversational agents""",OpenAlex,https://openalex.org/W4323356631,https://doi.org/10.1108/sjls-10-2022-0072,Dialog chatbot as an interactive online tool in enhancing ESP vocabulary learning,2023,Fawaz Qasem; Mukhtar Ghaleb; Hassan Saleh Mahdi; Ahmed Al Khateeb; Hind Al Fadda,article,"Purpose Based on an experimental study on English for Specific Purposes (ESP) students, at the Business Department at the University of Bisha, the purpose of the study is to examine the effect of chatbot use on learning ESP in online classrooms during COVID-19 and find out how Dialogflow chabot can be a useful and interactive online platform to help ESP learners in learning vocabulary well. Design/methodology/approach The research paper is based on an experimental study of two groups, an experiential group and a controlled group. Two tests were carried out. Pre-tests and post-test of vocabulary knowledge were conducted for both groups to explore the usefulness of using the Dialogflow chatbot in learning ESP vocabulary. A designed chatbot content was prepared and included all the vocabulary details related to words' synonyms and a brief explanation of words’ meanings. An informal interview is another tool used in the study. The purpose of using the interview with the participants was to elicit more data from the participants about using the chatbot and about how and in what aspects chatbot using the conversational program was useful and productive. Findings The findings of the study explored that the use of chatbots plays a major role in enhancing and learning ESP vocabulary. That was clear as the results showed that the students who used the chatbot Dialogflow in the experimental group outperformed their counterparts in the control group. Research limitations/implications The study displays an important pedagogical implication as the use of chatbots could be applied in several settings to improve language learning in general or learning ESP courses in particular. Chatbot creates an interesting environment to foster build good interactions where negotiation of meaning takes place clearly seems to be of great benefit to help learners advance in their L2 lexical development. Originality/value Examining and exploring whether the use of chatbots plays a major role in enhancing and learning ESP vocabulary in English as Foreign Language setting.",https://doi.org/10.1108/sjls-10-2022-0072,https://www.emerald.com/insight/content/doi/10.1108/SJLS-10-2022-0072/full/pdf?title=dialog-chatbot-as-an-interactive-online-tool-in-enhancing-esp-vocabulary-learning,cc-by,diamond,3,6,sistema=4;relevancia-campo=5,candidato-por-metadados,Descoberta bibliográfica; análise posterior.
20260907T171423Z,1.2.0,"""designing conversational agents""",OpenAlex,https://openalex.org/W4405695590,https://doi.org/10.1038/s41746-024-01385-1,An umbrella review on how digital health intervention co-design is conducted and described,2024,Alicia Kilfoy; Ting‐Chen Chloe Hsu; Charlotte Stockton-Powdrell; Pauline Whelan; Charlene H. Chu; Lindsay Jibb,article,"Co-design has been suggested to improve intervention effectiveness and sustainability. However, digital health intervention co-design is inconsistently reported. This umbrella review aims to synthesize what is known about co-design of digital health interventions. We searched five databases from inception. Reviews which reported on co-design methodologies used in digital health were eligible. Information on review type, health conditions, and reported specifics of co-design were extracted and synthesized. Methodological quality was assessed using the AMSTAR2 tool. We included 21 reviews published between 2015 and 2023. Co-design participants included patients, caregivers and healthcare professionals. The frequency and breadth of participant involvement in co-design activities were reported in less than half of reviews. Participants evaluated intervention co-design as a positive process. All reviews were rated as critically low quality. This umbrella review highlights the inconsistent reporting of co-design in digital health. Here, we emphasize the importance of creating guidelines to direct co-design activities.",https://doi.org/10.1038/s41746-024-01385-1,https://www.nature.com/articles/s41746-024-01385-1.pdf,cc-by-nc-nd,gold,0,1,sistema=0;relevancia-campo=1,candidato-por-metadados,Descoberta bibliográfica; análise posterior.
20260907T171423Z,1.2.0,"""designing conversational agents""",OpenAlex,https://openalex.org/W4224979739,https://doi.org/10.1145/3491102.3517731,Will AI Console Me when I Lose my Pet? Understanding Perceptions of AI-Mediated Email Writing,2022,Yihe Liu; Anushk Mittal; Diyi Yang; Amy Bruckman,conference-paper,"Large language models are increasingly mediating, modifying, and even generating messages for users, but the receivers of these messages may not be aware of the involvement of AI. To examine this emerging direction of AI-Mediated Communication (AI-MC), we investigate people’s perceptions of AI written messages. We analyze how such perceptions change in accordance with the interpersonal emphasis of a given message. We conducted both large-scale surveys and in-depth interviews to investigate how a diverse set of factors influence people’s perceived trust in AI-mediated writing of emails. We found that people’s trust in email writers decreased when they were told that AI was involved in the writing process. Surprisingly trust increased when AI was used for writing more interpersonal emails (as opposed to more transactional ones). Our study provides insights regarding how people perceive AI-MC and has practical design implications on building AI-based products to aid human interlocutors in communication1.",https://doi.org/10.1145/3491102.3517731,https://dl.acm.org/doi/pdf/10.1145/3491102.3517731,,bronze,0,2,sistema=0;relevancia-campo=2,candidato-por-metadados,Descoberta bibliográfica; análise posterior.
20260907T171423Z,1.2.0,"""designing conversational agents""",OpenAlex,https://openalex.org/W3026871711,https://doi.org/10.2196/18839,Computer-Controlled Virtual Humans in Patient-Facing Systems: Systematic Review and Meta-Analysis,2020,Debaleena Chattopadhyay; Tengteng Ma; Hasti Sharifi; Pamela Martyn‐Nemeth,review,"Background Virtual humans (VH) are computer-generated characters that appear humanlike and simulate face-to-face conversations using verbal and nonverbal cues. Unlike formless conversational agents, like smart speakers or chatbots, VH bring together the capabilities of both a conversational agent and an interactive avatar (computer-represented digital characters). Although their use in patient-facing systems has garnered substantial interest, it is unknown to what extent VH are effective in health applications. Objective The purpose of this review was to examine the effectiveness of VH in patient-facing systems. The design and implementation characteristics of these systems were also examined. Methods Electronic bibliographic databases were searched for peer-reviewed articles with relevant key terms. Studies were included in the systematic review if they designed or evaluated VH in patient-facing systems. Of the included studies, studies that used a randomized controlled trial to evaluate VH were included in the meta-analysis; they were then summarized using the PICOTS framework (population, intervention, comparison group, outcomes, time frame, setting). Summary effect sizes, using random-effects models, were calculated, and the risk of bias was assessed. Results Among the 8,125 unique records identified, 53 articles describing 33 unique systems, were qualitatively, systematically reviewed. Two distinct design categories emerged — simple VH and VH augmented with health sensors and trackers. Of the 53 articles, 16 (26 studies) with 44 primary and 22 secondary outcomes were included in the meta-analysis. Meta-analysis of the 44 primary outcome measures revealed a significant difference between intervention and control conditions, favoring the VH intervention (SMD = .166, 95% CI .039-.292, P=.012), but with evidence of some heterogeneity, I2=49.3%. There were more cross-sectional (k=15) than longitudinal studies (k=11). The intervention was delivered using a personal computer in most studies (k=18), followed by a tablet (k=4), mobile kiosk (k=2), head-mounted display (k=1), and a desktop computer in a community center (k=1). Conclusions We offer evidence for the efficacy of VH in patient-facing systems. Considering that studies included different population and outcome types, more focused analysis is needed in the future. Future studies also need to identify what features of virtual human interventions contribute toward their effectiveness.",https://doi.org/10.2196/18839,https://www.jmir.org/2020/7/e18839/PDF,cc-by,gold,3,5,sistema=6;relevancia-campo=2,candidato-por-metadados,Descoberta bibliográfica; análise posterior.
20260907T171423Z,1.2.0,"""designing conversational agents""",OpenAlex,https://openalex.org/W4407106469,https://doi.org/10.3390/bs15020165,Artificial Intelligence in Higher Education: The Impact of Need Satisfaction on Artificial Intelligence Literacy Mediated by Self-Regulated Learning Strategies,2025,Kai Wang; Wencheng Cui; Yuan Xue,article,"Artificial intelligence (AI) technologies have profoundly influenced both professional environments and personal lives. In the rapidly developing sector of AI education, fostering essential AI literacy among university students has become vital. Nevertheless, the factors that determine AI literacy remain insufficiently defined. This research, grounded in self-determination theory (SDT), seeks to investigate the relationships among three components: the fulfillment of university students' three psychological needs, self-regulated learning strategies (SRLSs), and AI literacy. The aim is to enhance human capital efficiency and prepare students to tackle future workplace challenges effectively. To examine these connections, a cross-sectional survey was administered to 1056 university students. The findings reveal that satisfying the three psychological needs-perceived autonomy, competence, and relatedness-plays a pivotal role in advancing AI literacy among university students. Additionally, four SRLSs-cognitive engagement, metacognitive knowledge, resource management, and motivational beliefs-acted as mediators between these psychological needs and AI literacy. Consequently, this study not only enhances our understanding of the psychological and behavioral development of university students during their engagement with AI education but also provides theoretical support and practical guidance for fostering their AI literacy.",https://doi.org/10.3390/bs15020165,https://www.mdpi.com/2076-328X/15/2/165/pdf?version=1738491354,cc-by,gold,0,0,sistema=0;relevancia-campo=0,candidato-por-metadados,Descoberta bibliográfica; análise posterior.
20260907T171423Z,1.2.0,"""designing conversational agents""",OpenAlex,https://openalex.org/W3093935650,https://doi.org/10.1177/0018720820964085,A Framework for Design of Conversational Agents to Support Health Self-Care for Older Adults,2020,Daniel Morrow; H. Chad Lane; Wendy A. Rogers,article,"OBJECTIVE: We examined the potential of conversational agents (CAs) to support older adults' self-care related to chronic illness in light of lessons learned from decades of pedagogical agent research, which investigates the impact and efficacy of CAs for a wide range of learners. BACKGROUND: The role of CAs in education (i.e., pedagogical agents) has been long studied, but their potential for supporting self-care has received less attention, especially for older adults. METHODS: We reviewed work on pedagogical agents and considered how it informs the design of CAs for older adults. We propose a framework for designing CAs to support older adult self-care, which organizes a review of work in this area and integration with the pedagogical agent literature. RESULTS: Our review of the pedagogical agent literature revealed an evolution from teaching machines to interactive, social systems that influence student motivational as well as learning outcomes. To integrate this review with work on CAs and self-care, we developed a framework that specifies how self-care goals evolve with stages of an illness, communication goals that support self-care at each stage, patient needs, and requirements for CAs to support these needs. The review identified an agenda for future research on CA functions and features that help older adults accept need for self-care, establish self-care, and sustain self-care over time. CONCLUSIONS: Integrating insights from the pedagogical agent literature with research on developing CAs for self-care defines an agenda for developing and evaluating CAs to help older adults manage illness.",https://www.ncbi.nlm.nih.gov/pmc/articles/10680041,https://pmc.ncbi.nlm.nih.gov/articles/PMC10680041/pdf/nihms-1941056.pdf,,green,3,5,sistema=2;relevancia-campo=2,candidato-por-metadados,Descoberta bibliográfica; análise posterior.
20260907T171423Z,1.2.0,"""designing conversational agents""",OpenAlex,https://openalex.org/W4295210883,https://doi.org/10.1080/10447318.2022.2118244,Towards User-Centric Guidelines for Chatbot Conversational Design,2022,Geovana Ramos Sousa Silva; Edna Dias Canedo,article,"The conversational nature of chatbots poses challenges to designers since their development is different from other software and requires investigating new practices in the context of human-AI interaction and their impact on user experience. Therefore, this work aims to unveil text-based chatbot conversational practices alongside their impacts on users to build a web guide to support designers while conceiving conversations for chatbots. We have carried out a Systematic Literature Review (SLR) to identify linguistic, visual, and interactive elements used in text-based chatbot conversational design. The SLR resulted in 40 selected studies that were reviewed and coded into a set of conversational guidelines that were evaluated through a survey. Respondents strongly agreed that applying the proposed guidelines in chatbot development would produce greater user satisfaction and user engagement and that the guide is usable, flexible, clear, and understandable, making it a great ally in building text-based chatbots with an improved user experience.",http://arxiv.org/abs/2301.06474,https://arxiv.org/pdf/2301.06474,cc-by-nc-nd,green,4,7,titulo-ancora,candidato-por-metadados,Descoberta bibliográfica; análise posterior.
20260907T171423Z,1.2.0,"""designing conversational agents""",OpenAlex,https://openalex.org/W4391924277,https://doi.org/10.1007/s00146-024-01880-9,Challenges of responsible AI in practice: scoping review and recommended actions,2024,Malak Sadek; Emma Kallina; Thomas Bohné; Céline Mougenot; Rafael A. Calvo; Stephen Cave,article,"Abstract Responsible AI (RAI) guidelines aim to ensure that AI systems respect democratic values. While a step in the right direction, they currently fail to impact practice. Our work discusses reasons for this lack of impact and clusters them into five areas: (1) the abstract nature of RAI guidelines, (2) the problem of selecting and reconciling values, (3) the difficulty of operationalising RAI success metrics, (4) the fragmentation of the AI pipeline, and (5) the lack of internal advocacy and accountability. Afterwards, we introduce a number of approaches to RAI from a range of disciplines, exploring their potential as solutions to the identified challenges. We anchor these solutions in practice through concrete examples, bridging the gap between the theoretical considerations of RAI and on-the-ground processes that currently shape how AI systems are built. Our work considers the socio-technical nature of RAI limitations and the resulting necessity of producing socio-technical solutions.",https://doi.org/10.1007/s00146-024-01880-9,https://link.springer.com/content/pdf/10.1007/s00146-024-01880-9.pdf,cc-by,hybrid,0,0,sistema=0;relevancia-campo=0,candidato-por-metadados,Descoberta bibliográfica; análise posterior.
20260907T171423Z,1.2.0,"""designing conversational agents""",OpenAlex,https://openalex.org/W7169863887,https://doi.org/10.1145/3816046.3816279,Designing for Grief: Bereaved Adults’ Perspectives on Conversational Support,2026,Allen Kayesu; Himanshi Lalwani; Hanan Salam,conference-paper,"Bereavement support is often difficult to access or poorly matched to what people need, while existing digital interventions tend to rely on structured or asynchronous support rather than responding to grief in the moment. Although conversational agents are beginning to enter this space, little is known about how bereaved people understand their possible role, limits, and design requirements. We report a formative interview study with eight bereaved adults examining experiences of grief and support after loss, and perceptions of conversational grief support. Participants valued conversational agents for reducing social cost, enabling repeated disclosure, and providing on-demand availability, but raised concerns about generic responses, over-validation, escalation, and trust. We derive six implications for designing conversational agents for grief support.",https://doi.org/10.1145/3816046.3816279,,cc-by,gold,3,5,sistema=2;relevancia-campo=2,candidato-por-metadados,Descoberta bibliográfica; análise posterior.
20260907T171423Z,1.2.0,"""designing conversational agents""",OpenAlex,https://openalex.org/W4406797838,https://doi.org/10.3390/diagnostics15030282,Artificial Intelligence-Empowered Radiology—Current Status and Critical Review,2025,Rafał Obuchowicz; Julia Lasek; Marek Wodziński; Adam Piórkowski; Michał Strzelecki; Karolina Nurzyǹska,article,"Humanity stands at a pivotal moment of technological revolution, with artificial intelligence (AI) reshaping fields traditionally reliant on human cognitive abilities. This transition, driven by advancements in artificial neural networks, has transformed data processing and evaluation, creating opportunities for addressing complex and time-consuming tasks with AI solutions. Convolutional networks (CNNs) and the adoption of GPU technology have already revolutionized image recognition by enhancing computational efficiency and accuracy. In radiology, AI applications are particularly valuable for tasks involving pattern detection and classification; for example, AI tools have enhanced diagnostic accuracy and efficiency in detecting abnormalities across imaging modalities through automated feature extraction. Our analysis reveals that neuroimaging and chest imaging, as well as CT and MRI modalities, are the primary focus areas for AI products, reflecting their high clinical demand and complexity. AI tools are also used to target high-prevalence diseases, such as lung cancer, stroke, and breast cancer, underscoring AI's alignment with impactful diagnostic needs. The regulatory landscape is a critical factor in AI product development, with the majority of products certified under the Medical Device Directive (MDD) and Medical Device Regulation (MDR) in Class IIa or Class I categories, indicating compliance with moderate-risk standards. A rapid increase in AI product development from 2017 to 2020, peaking in 2020 and followed by recent stabilization and saturation, was identified. In this work, the authors review the advancements in AI-based imaging applications, underscoring AI's transformative potential for enhanced diagnostic support and focusing on the critical role of CNNs, regulatory challenges, and potential threats to human labor in the field of diagnostic imaging.",https://doi.org/10.3390/diagnostics15030282,https://www.mdpi.com/2075-4418/15/3/282/pdf?version=1737732706,cc-by,gold,0,2,sistema=0;relevancia-campo=2,candidato-por-metadados,Descoberta bibliográfica; análise posterior.
20260907T171423Z,1.2.0,"""designing conversational agents""",OpenAlex,https://openalex.org/W4318751990,https://doi.org/10.1145/3544548.3580651,How does HCI Understand Human Agency and Autonomy?,2023,Dan Bennett; Oussama Metatla; Anne Roudaut; Elisa D. Mekler,conference-paper,"Human agency and autonomy have always been fundamental concepts in HCI. New developments, including ubiquitous AI and the growing integration of technologies into our lives, make these issues ever pressing, as technologies increase their ability to influence our behaviours and values. However, in HCI understandings of autonomy and agency remain ambiguous. Both concepts are used to describe a wide range of phenomena pertaining to sense-of-control, material independence, and identity. It is unclear to what degree these understandings are compatible, and how they support the development of research programs and practical interventions. We address this by reviewing 30 years of HCI research on autonomy and agency to identify current understandings, open issues, and future directions. From this analysis, we identify ethical issues, and outline key themes to guide future work. We also articulate avenues for advancing clarity and specificity around these concepts, and for coordinating integrative work across different HCI communities.",https://doi.org/10.1145/3544548.3580651,https://dl.acm.org/doi/pdf/10.1145/3544548.3580651,,gold,0,0,sistema=0;relevancia-campo=0,candidato-por-metadados,Descoberta bibliográfica; análise posterior.
20260907T171423Z,1.2.0,"""designing conversational agents""",OpenAlex,https://openalex.org/W7125145381,https://doi.org/10.48550/arxiv.2601.12589,Conversing with Objects toward Fluid Human and Artificial Identities during Life Transitions,2026,Yuhui Xu; Minha Lee; Stephan Wensveen; Mahla Alizadeh; mathias funk,preprint,"People's identities change during life transitions, e.g., studying abroad. They bring everyday objects that embody memories and reflect their identities during such moves. To assist in these transitions, we ask how people's human identities could be influenced by their objects through an artificial agent. This paper presents an exploratory research-through-design study around how people undergoing life transitions experience conversing with their everyday objects through a chatbot. Drawing on a two-week field deployment and interviews with 12 participants, we contribute (1) a conceptualization of 'trans-embodiment' describing the asynchronous imagination of object and human identities on the chatbot, (2) empirical evidence of the resulting emotional and reflective experiences, and (3) three types of object identities for designing conversational agents that role-play objects. Our contributions sum up to triangulating human-agent-object identity as trans-embodiment in supporting life transitions.",https://doi.org/10.48550/arxiv.2601.12589,,,green,3,5,sistema=4;relevancia-campo=2,candidato-por-metadados,Descoberta bibliográfica; análise posterior.
20260907T171423Z,1.2.0,"""designing conversational agents""",OpenAlex,https://openalex.org/W7141251470,https://doi.org/10.17170/kobra-2026032712028,Common ground improves learning with conversational agents,2025,Anita Körner; Antonia Tolzin; Andreas Janson; Jan Marco Leimeister; Ralf Rummer,article,"Although conversational agents are successfully applied in teaching, it is largely unclear which communication principles should be employed to optimise learning. We examine the influence of common ground (i.e. shared knowledge on which to build during conversation) on learning. In an in-class experiment, students studied with one of two pedagogical conversational agents. The control version provided information without emphasising grounding, whereas the common ground version emphasised grounding, for example, by encouraging students to monitor and repair common ground. After the learning unit, students evaluated their learning experience and the pedagogical conversational agent, after which they were tested on the studied material. Students in the common ground (vs. the control) condition performed better in a post-study knowledge test and engaged longer with the pedagogical conversational agent. Thus, the common ground emphasis facilitated learning with a conversational agent, indicating that grounding principles should be incorporated when designing conversational agents.",https://doi.org/10.17170/kobra-2026032712028,,cc-by,green,3,6,sistema=2;relevancia-campo=3,candidato-por-metadados,Descoberta bibliográfica; análise posterior.
20260907T171423Z,1.2.0,"""designing conversational agents""",OpenAlex,https://openalex.org/W4292825932,https://doi.org/10.1109/access.2022.3201144,AI-Based Conversational Agents: A Scoping Review From Technologies to Future Directions,2022,Sheetal Kusal; Shruti Patil; Jyoti Choudrie; Ketan Kotecha; Sashikala Mishra; Ajith Abraham,article,"Artificial intelligence is changing the world, especially the interaction between machines and humans. Learning and interpreting natural languages and responding have paved the way for many technologies and applications. The amalgam of machine learning, deep learning, and natural language processing helped Conversational Artificial Intelligence (AI) to change the face of Human-Computer Interaction (HCI). A conversational agent is an excellent example of conversational AI, which imitates the natural language. This article presents a sweeping overview of conversational agents that includes different techniques such as pattern-based, machine learning, and deep learning used to implement conversational agents. It also discusses the panorama of different tasks in conversational agents. This study also focuses on how conversational agents can simulate human behavior by adding emotions, sentiments, and affect to the context. With the advancements in recent trends and the rise in deep learning models, the authors review the deep learning techniques and various publicly available datasets used in conversational agents. This article unearths the research gaps in conversational agents and gives insights into future directions.",https://doi.org/10.1109/access.2022.3201144,https://ieeexplore.ieee.org/ielx7/6287639/6514899/09864589.pdf,cc-by,gold,3,6,sistema=2;relevancia-campo=4,candidato-por-metadados,Descoberta bibliográfica; análise posterior.
20260907T171423Z,1.2.0,"""designing conversational agents""",OpenAlex,https://openalex.org/W4396892628,https://doi.org/10.3390/designs8030043,Designing Home Automation Routines Using an LLM-Based Chatbot,2024,Mathyas Giudici; Luca Padalino; Giovanni Paolino; Ilaria Paratici; Alexandru Ionut Pascu; Franca Garzotto,article,"Without any more delay, individuals are urged to adopt more sustainable behaviors to fight climate change. New digital systems mixed with engaging and gamification mechanisms could play an important role in achieving such an objective. In particular, Conversational Agents, like Smart Home Assistants, are a promising tool that encourage sustainable behaviors within household settings. In recent years, large language models (LLMs) have shown great potential in enhancing the capabilities of such assistants, making them more effective in interacting with users. We present the design and implementation of GreenIFTTT, an application empowered by GPT4 to create and control home automation routines. The agent helps users understand which energy consumption optimization routines could be created and applied to make their home appliances more environmentally sustainable. We performed an exploratory study (Italy, December 2023) with N = 13 participants to test our application’s usability and UX. The results suggest that GreenIFTTT is a usable, engaging, easy, and supportive tool, providing insight into new perspectives and usage of LLMs to create more environmentally sustainable home automation.",https://doi.org/10.3390/designs8030043,https://www.mdpi.com/2411-9660/8/3/43/pdf?version=1715594087,cc-by,gold,3,6,sistema=4;relevancia-campo=3,candidato-por-metadados,Descoberta bibliográfica; análise posterior.
20260907T171423Z,1.2.0,"""designing conversational agents""",OpenAlex,https://openalex.org/W7124227698,,From Fixed to Flexible: Shaping AI Personality in Context-Sensitive Interaction,2026,Shakyani Jayasiriwardene; Hongyu Zhou; Weiwei Jiang; Benjamin Tag; Nicholas Koemel; Matthew Ahmadi; Jorge Goncalves; Emmanuel Stamatakis; Anusha Withana; Zhanna Sarsenbayeva,preprint,"Conversational agents are increasingly expected to adapt across contexts and evolve their personalities through interactions, yet most remain static once configured. We present an exploratory study of how user expectations form and evolve when agent personality is made dynamically adjustable. To investigate this, we designed a prototype conversational interface that enabled users to adjust an agent's personality along eight research-grounded dimensions across three task contexts: informational, emotional, and appraisal. We conducted an online mixed-methods study with 60 participants, employing latent profile analysis to characterize personality classes and trajectory analysis to trace evolving patterns of personality adjustment. These approaches revealed distinct personality profiles at initial and final configuration stages, and adjustment trajectories, shaped by context-sensitivity. Participants also valued the autonomy, perceived the agent as more anthropomorphic, and reported greater trust. Our findings highlight the importance of designing conversational agents that adapt alongside their users, advancing more responsive and human-centred AI.",https://arxiv.org/abs/2601.08194,https://arxiv.org/pdf/2601.08194,cc-by,green,3,6,sistema=3;relevancia-campo=6,candidato-por-metadados,Descoberta bibliográfica; análise posterior.
20260907T171423Z,1.2.0,"""designing conversational agents""",OpenAlex,https://openalex.org/W7124195346,https://doi.org/10.48550/arxiv.2601.08194,From Fixed to Flexible: Shaping AI Personality in Context-Sensitive Interaction,2026,Shakyani Jayasiriwardene; Hongyu Zhou; Weiwei Jiang; Benjamin Tag; Nicholas Koemel; Matthew Ahmadi; Jorge Goncalves; Emmanuel Stamatakis; Anusha Withana; Zhanna Sarsenbayeva,preprint,"Conversational agents are increasingly expected to adapt across contexts and evolve their personalities through interactions, yet most remain static once configured. We present an exploratory study of how user expectations form and evolve when agent personality is made dynamically adjustable. To investigate this, we designed a prototype conversational interface that enabled users to adjust an agent's personality along eight research-grounded dimensions across three task contexts: informational, emotional, and appraisal. We conducted an online mixed-methods study with 60 participants, employing latent profile analysis to characterize personality classes and trajectory analysis to trace evolving patterns of personality adjustment. These approaches revealed distinct personality profiles at initial and final configuration stages, and adjustment trajectories, shaped by context-sensitivity. Participants also valued the autonomy, perceived the agent as more anthropomorphic, and reported greater trust. Our findings highlight the importance of designing conversational agents that adapt alongside their users, advancing more responsive and human-centred AI.",https://doi.org/10.48550/arxiv.2601.08194,,cc-by,green,3,6,sistema=3;relevancia-campo=6,candidato-por-metadados,Descoberta bibliográfica; análise posterior.
20260907T171423Z,1.2.0,"""designing conversational agents""",OpenAlex,https://openalex.org/W4377158062,https://doi.org/10.3389/fpsyg.2023.1092288,Technology evaluations are associated with psychological need satisfaction across different spheres of experience: an application of the METUX scales,2023,Ryan Burnell; Dorian Peters; Richard M. Ryan; Rafael A. Calvo,article,"Introduction: Digital technologies have the capacity to impact psychological wellbeing in both positive and negative ways. Improving technologies with respect to wellbeing requires nuanced understanding of this impact and reliable ways to measure it. Here, we aim to further this understanding by investigating the relations between psychological needs and people's evaluations of technologies (with respect to satisfaction, usability, and measures of value). Method: Across two studies with 1,521 participants, we improved and validated four scales that were first put forward as part of the METUX model of technology interaction. These scales measure psychological needs in the life, behavior, task, and interface spheres of experience. We applied these scales to four separate technologies (Facebook, TikTok, Blackboard, and Moodle), and examined the relationships between people's need satisfaction and frustration in the four spheres of experience and their overall evaluations of the technologies. Results and discussion: Each of the four scales had good psychometric properties across the four technologies. For each sphere of experience, psychological need satisfaction and frustration were associated with standard measures of usability and user satisfaction, and correlation patterns supported the METUX model and its approach to differentiating spheres of technology experience.",https://doi.org/10.3389/fpsyg.2023.1092288,https://www.frontiersin.org/articles/10.3389/fpsyg.2023.1092288/pdf,cc-by,gold,0,3,sistema=0;relevancia-campo=5,candidato-por-metadados,Descoberta bibliográfica; análise posterior.
20260907T171423Z,1.2.0,"""designing conversational agents""",OpenAlex,https://openalex.org/W1967470681,https://doi.org/10.1016/j.ijhcs.2011.02.002,Pushing personhood into place: Situating media in rural knowledge in Africa,2011,Nicola J. Bidwell; Heike Winschiers‐Theophilus; Gereon Koch Kapuire; Matthias Rehm,article,,https://doi.org/10.1016/j.ijhcs.2011.02.002,https://www.sciencedirect.com/science/article/pii/S107158191100019X,,bronze,0,0,sistema=0;relevancia-campo=0,candidato-por-metadados,Descoberta bibliográfica; análise posterior.
20260907T171423Z,1.2.0,"""designing conversational agents""",OpenAlex,https://openalex.org/W7125759846,,Watching AI Think: User Perceptions of Visible Thinking in Chatbots,2026,Samuel Rhys Cox; Jade Martin-Lise; Simo Hosio; Niels van Berkel,preprint,"People increasingly turn to conversational agents such as ChatGPT to seek guidance for their personal problems. As these systems grow in capability, many now display elements of ""thinking"": short reflective statements that reveal a model's intentions or values before responding. While initially introduced to promote transparency, such visible thinking can also anthropomorphise the agent and shape user expectations. Yet little is known about how these displays affect user perceptions in help-seeking contexts. We conducted a 3 x 2 mixed design experiment examining the impact of 'Thinking Content' (None, Emotionally-Supportive, Expertise-Supportive) and 'Conversation Context' (Habit-related vs. Feelings-related problems) on users' perceptions of empathy, warmth, competence, and engagement. Participants interacted with a chatbot that either showed no visible thinking or presented value-oriented reflections prior to its response. Our findings contribute to understanding how thinking transparency influences user experience in supportive dialogues, and offer implications for designing conversational agents that communicate intentions in sensitive, help-seeking scenarios.",http://arxiv.org/abs/2601.16720,https://arxiv.org/pdf/2601.16720,,green,3,6,sistema=6;relevancia-campo=4,candidato-por-metadados,Descoberta bibliográfica; análise posterior.
20260907T171423Z,1.2.0,"""designing conversational agents""",OpenAlex,https://openalex.org/W4248912715,https://doi.org/10.1145/2666242,"Proceedings of the 2014 workshop on Understanding and Modeling Multiparty, Multimodal Interactions",2014,,paratext,"It is our great pleasure to welcome you to the ICMI 2014 Workshop on Understanding and Modeling Multiparty, Multimodal Interactions -- UM3I 2014. The workshop will highlight recent developments and adopted methodologies in the analysis and modeling of multiparty and multimodal interactions towards the design and implementation principles of related humanmachine interfaces. UM3I 2014 aims to explore this growing field of multiparty multimodal interaction by bridging this multidisciplinary area and bringing together researchers from domains of multimodal signal processing, dialog systems, human-computer interaction, human-robot interaction, multimodal conversation analysis and multimodal user interfaces. The call for papers attracted submissions from Asia, Europe, and the United States. The program committee reviewed and accepted the following papers: UM3I 2014 Reviewed Accepted - Full Technical Papers 8 8 100% We also encourage participants to attend the keynote talk presentation, a valuable and insightful talk that can and will guide us to a better understanding of the domain of interest: From Modeling Multimodal and Multiparty Interactions to Designing Conversational Agents, Yukiko Nakano (Seikei University)",https://doi.org/10.1145/2666242,,,closed,3,6,sistema=3;relevancia-campo=6,candidato-por-metadados,Descoberta bibliográfica; análise posterior.
20260907T171423Z,1.2.0,"""designing conversational agents""",OpenAlex,https://openalex.org/W7203671652,https://doi.org/10.1080/07421222.2026.2692275,Artificial Normality: How Conversational Agents’ Perceived Humanness Inhibits Error Attribution and Preserves Satisfaction,2026,Alfred Benedikt Brendel; Sascha Lichtenberg; Fabian Hildebrandt; Alan R. Dennis,article,"We theorize that designing conversational agents (CAs) to appear more humanlike will make minor errors appear more normal because to err is human. When errors appear more normal, users are less likely to strive to identify their cause (a process called attribution) and thus are less likely to respond negatively. We conducted two experiments to test our theoretical model, and the results generally support our theorizing: greater perceived humanness preserves the perception of situational normality when an error occurs, thereby reducing error attribution and mitigating the negative effects of errors on service satisfaction. Our research contributes to the theory by identifying a theoretical mechanism that underlies users’ responses to errors (a reduction in situational normality triggers error attribution). It also has important implications for practice by showing that designing CAs to be more humanlike is important for CAs more likely to make errors (e.g. CAs controlled by large language models) and less important for other CAs (e.g. those controlled by robust rule-based scripts).",https://doi.org/10.1080/07421222.2026.2692275,,,closed,3,6,sistema=2;relevancia-campo=3,candidato-por-metadados,Descoberta bibliográfica; análise posterior.
20260907T171423Z,1.2.0,"""designing conversational agents""",OpenAlex,https://openalex.org/W7125682780,https://doi.org/10.48550/arxiv.2601.16720,Watching AI Think: User Perceptions of Visible Thinking in Chatbots,2026,Samuel Rhys Cox; Jade Martin-Lise; Simo Hosio; Niels van Berkel,preprint,"People increasingly turn to conversational agents such as ChatGPT to seek guidance for their personal problems. As these systems grow in capability, many now display elements of ""thinking"": short reflective statements that reveal a model's intentions or values before responding. While initially introduced to promote transparency, such visible thinking can also anthropomorphise the agent and shape user expectations. Yet little is known about how these displays affect user perceptions in help-seeking contexts. We conducted a 3 x 2 mixed design experiment examining the impact of 'Thinking Content' (None, Emotionally-Supportive, Expertise-Supportive) and 'Conversation Context' (Habit-related vs. Feelings-related problems) on users' perceptions of empathy, warmth, competence, and engagement. Participants interacted with a chatbot that either showed no visible thinking or presented value-oriented reflections prior to its response. Our findings contribute to understanding how thinking transparency influences user experience in supportive dialogues, and offer implications for designing conversational agents that communicate intentions in sensitive, help-seeking scenarios.",https://doi.org/10.48550/arxiv.2601.16720,,cc-by,green,3,6,sistema=6;relevancia-campo=4,candidato-por-metadados,Descoberta bibliográfica; análise posterior.
20260907T171423Z,1.2.0,"""designing conversational agents""",OpenAlex,https://openalex.org/W4282933114,https://doi.org/10.3389/fpsyg.2022.855091,Do Men Have No Need for “Feminist” Artificial Intelligence? Agentic and Gendered Voice Assistants in the Light of Basic Psychological Needs,2022,Laura Moradbakhti; Simon Schreibelmayr; Martina Mara,article,"Artificial Intelligence (AI) is supposed to perform tasks autonomously, make competent decisions, and interact socially with people. From a psychological perspective, AI can thus be expected to impact users' three Basic Psychological Needs (BPNs), namely (i) autonomy, (ii) competence, and (iii) relatedness to others. While research highlights the fulfillment of these needs as central to human motivation and well-being, their role in the acceptance of AI applications has hitherto received little consideration. Addressing this research gap, our study examined the influence of BPN Satisfaction on Intention to Use (ITU) an AI assistant for personal banking. In a 2×2 factorial online experiment, 282 participants (154 males, 126 females, two non-binary participants) watched a video of an AI finance coach with a female or male synthetic voice that exhibited either high or low agency (i.e., capacity for self-control). In combination, these factors resulted either in AI assistants conforming to traditional gender stereotypes (e.g., low-agency female) or in non-conforming conditions (e.g., high-agency female). Although the experimental manipulations had no significant influence on participants' relatedness and competence satisfaction, a strong effect on autonomy satisfaction was found. As further analyses revealed, this effect was attributable only to male participants, who felt their autonomy need significantly more satisfied by the low-agency female assistant, consistent with stereotypical images of women, than by the high-agency female assistant. A significant indirect effects model showed that the greater autonomy satisfaction that men, unlike women, experienced from the low-agency female assistant led to higher ITU. The findings are discussed in terms of their practical relevance and the risk of reproducing traditional gender stereotypes through technology design.",https://doi.org/10.3389/fpsyg.2022.855091,,cc-by,gold,3,4,sistema=3;relevancia-campo=1,candidato-por-metadados,Descoberta bibliográfica; análise posterior.
20260907T171423Z,1.2.0,"""designing conversational agents""",OpenAlex,https://openalex.org/W4319601826,https://doi.org/10.3389/fpsyg.2023.1078438,Motivation to interaction media: The impact of automation trust and self-determination theory on intention to use the new interaction technology in autonomous vehicles,2023,Yubin Xie; Ronggang Zhou; Alan H. S. Chan; Mingyu Jin; Miao Qu,article,"Introduction: This research investigated the effects of three psychological needs (competence, autonomy, and relatedness) of self-determination theory (SDT) and automation trust on the intention of users to employ new interaction technology brought by autonomous vehicles (AVs), especially interaction mode and virtual image. Method: This study focuses on the discussion from the perspective of psychological motivation theory applied to AV interaction technology. With the use of a structured questionnaire, participants completed self-report measures related to these two interaction technologies; a total of 155 drivers' responses were analyzed. Result: The results indicated that users' intentions were directly predicted by their perceived competence, autonomy, and relatedness of SDT and automation trust, which jointly explained at least 66% of the variance in behavioral intention. In addition to these results, the contribution of predictive components to behavioral intention is influenced by the type of interaction technology. Relatedness and competence significantly impacted the behavioral intention to use the interaction mode but not the virtual image. Discussion: These findings are essential in that they support the necessity of distinguishing between types of AV interaction technology when predicting users' intentions to use.",https://doi.org/10.3389/fpsyg.2023.1078438,https://www.frontiersin.org/articles/10.3389/fpsyg.2023.1078438/pdf,cc-by,gold,0,2,sistema=0;relevancia-campo=2,candidato-por-metadados,Descoberta bibliográfica; análise posterior.
20260907T171423Z,1.2.0,"""designing conversational agents""",OpenAlex,https://openalex.org/W4403261531,https://doi.org/10.1016/j.enbuild.2024.114827,Driving sustainable energy transitions with a multi-source RAG-LLM system,2024,Muhammad Arslan; Lamine Mahdjoubi; Saba Munawar,article,"By 2035, the UK aims to upgrade all homes to achieve a net-zero economy by 2050, thereby reducing energy consumption, household costs, and improving living conditions. Small and Medium-sized Enterprises (SMEs) play a crucial role in this transition. However, many SME contractors lack essential information on Sustainable Energy Initiatives (SEIs) and the relevant Energy landscape necessary for driving Sustainable Energy Transitions (SETs). This knowledge gap poses risks to SME interventions, potentially leading to increased costs and inefficiencies. Accessing timely information on SEIs including government policies, funding, technologies, and environmental impacts from various media sources is essential for guiding effective SETs and understanding the relevant Energy landscape, thereby facilitating informed decision-making. Currently, SMEs lack an integrated system that consolidates data from diverse media sources into a centralized Information System (IS), limiting their ability to effectively navigate SEIs. To address this gap, this research introduces an Energy Chatbot, a sustainable IS that utilizes Large Language Models (LLMs) integrated with multi-source Retrieval Augmented Generation (RAG). This system encompasses diverse media sources, including news articles, government reports, industry publications, academic research, and social media. The Energy Chatbot is designed to enhance decision-making for SMEs by providing comprehensive Energy sector insights through a Question Answering (QA) system. Key findings emphasize that this approach reduces costs by utilizing open-source models. Moreover, the Energy Chatbot provides SMEs with access to up-to-date information, enabling them to identify long-term sustainability strategies and maintain a competitive edge in the evolving Energy landscape.",https://doi.org/10.1016/j.enbuild.2024.114827,,cc-by,hybrid,3,4,sistema=2;relevancia-campo=1,candidato-por-metadados,Descoberta bibliográfica; análise posterior.
20260907T171423Z,1.2.0,"""designing conversational agents""",OpenAlex,https://openalex.org/W3165655729,https://doi.org/10.1007/978-3-030-86790-4_37,Ethical Design of Conversational Agents: Towards Principles for a Value-Sensitive Design,2021,Thiemo Wambsganß; Anne Z. Hoch; Naim Zierau; Matthias Söllner,conference-paper,,https://aisel.aisnet.org/wi2021/ZMethods/Track01/2,https://aisel.aisnet.org/cgi/viewcontent.cgi?article=1013&context=wi2021,,green,3,5,sistema=2;relevancia-campo=2,candidato-por-metadados,Descoberta bibliográfica; análise posterior.
20260907T171423Z,1.2.0,"""designing conversational agents""",OpenAlex,https://openalex.org/W4206671652,https://doi.org/10.1007/s10796-021-10230-9,"Understanding the Design Elements Affecting User Acceptance of Intelligent Agents: Past, Present and Future",2022,Edona Elshan; Naim Zierau; Christian Engel; Andreas Janson; Jan Marco Leimeister,article,"Intelligent agents (IAs) are permeating both business and society. However, interacting with IAs poses challenges moving beyond technological limitations towards the human-computer interface. Thus, the knowledgebase related to interaction with IAs has grown exponentially but remains segregated and impedes the advancement of the field. Therefore, we conduct a systematic literature review to integrate empirical knowledge on user interaction with IAs. This is the first paper to examine 107 Information Systems and Human-Computer Interaction papers and identified 389 relationships between design elements and user acceptance of IAs. Along the independent and dependent variables of these relationships, we span a research space model encompassing empirical research on designing for IA user acceptance. Further we contribute to theory, by presenting a research agenda along the dimensions of the research space, which shall be useful to both researchers and practitioners. This complements the past and present knowledge on designing for IA user acceptance with potential pathways into the future of IAs.",https://doi.org/10.1007/s10796-021-10230-9,https://link.springer.com/content/pdf/10.1007/s10796-021-10230-9.pdf,cc-by,hybrid,0,3,sistema=0;relevancia-campo=4,candidato-por-metadados,Descoberta bibliográfica; análise posterior.
20260907T171423Z,1.2.0,"""designing conversational agents""",OpenAlex,https://openalex.org/W3169582189,https://doi.org/10.1007/s12525-021-00481-4,Hybrid intelligence in business networks,2021,Philipp Ebel; Matthias Söllner; Jan Marco Leimeister; Kevin Crowston; Gert‐Jan de Vreede,article,,https://doi.org/10.1007/s12525-021-00481-4,https://link.springer.com/content/pdf/10.1007/s12525-021-00481-4.pdf,,bronze,0,0,sistema=0;relevancia-campo=0,candidato-por-metadados,Descoberta bibliográfica; análise posterior.
20260907T171423Z,1.2.0,"""designing conversational agents""",OpenAlex,https://openalex.org/W7169862576,https://doi.org/10.48550/arxiv.2607.17627,It Matters How You Say It: Exploring Rhetorical Patterns for AI-Assisted Information Evaluation,2026,Sadra Sabouri; Zeinabsadat Saghi; Jordan Lee Boyd-Graber; Jonathan May; Jonathan K. Kummerfeld; Souti Chattopadhyay,preprint,"Prior work on AI-assisted information evaluation has largely focused on what AI systems communicate, comparing explanation types and formats, with responses predominantly cast in directive rhetoric where the system delivers a verdict and the user passively accepts it. While debate-style interactions have recently shown promise in prompting critical evaluation over deference, the rhetorical patterns that structure AI responses and how they might induce reflection, uncertainty, or independent reasoning remain largely unexamined. To address this, we investigated eight rhetorical patterns known to induce contemplation: Intentional Misleading, Interpretive Alternative, Scaffold Explanation, Triggering Distrust, Information Distortion, Alternative Framing, Socratic Questioning, and an Oracle baseline. Through a within-subject study with n=98 participants on a hint-on-demand fact verification task, we observed preliminary evidence that Scaffold Explanation were associated with the highest accuracy gains, and encouraging deeper reflection. Surprisingly, the adversarial conditions also improved accuracy modestly. Participants preferred Alternative Framing most and Interpretive Alternative least, largely due to the latter's perceived time cost. We discuss the implications of designing conversational agents with varied rhetorical styles and the trade-offs among user performance, satisfaction, and contemplation.",https://doi.org/10.48550/arxiv.2607.17627,,cc-by,green,3,6,sistema=2;relevancia-campo=5,candidato-por-metadados,Descoberta bibliográfica; análise posterior.
20260907T171423Z,1.2.0,"""designing conversational agents""",OpenAlex,https://openalex.org/W7170112533,,It Matters How You Say It: Exploring Rhetorical Patterns for AI-Assisted Information Evaluation,2026,Sadra Sabouri; Zeinabsadat Saghi; Jordan Lee Boyd-Graber; Jonathan May; Jonathan K. Kummerfeld; Souti Chattopadhyay,preprint,"Prior work on AI-assisted information evaluation has largely focused on what AI systems communicate, comparing explanation types and formats, with responses predominantly cast in directive rhetoric where the system delivers a verdict and the user passively accepts it. While debate-style interactions have recently shown promise in prompting critical evaluation over deference, the rhetorical patterns that structure AI responses and how they might induce reflection, uncertainty, or independent reasoning remain largely unexamined. To address this, we investigated eight rhetorical patterns known to induce contemplation: Intentional Misleading, Interpretive Alternative, Scaffold Explanation, Triggering Distrust, Information Distortion, Alternative Framing, Socratic Questioning, and an Oracle baseline. Through a within-subject study with n=98 participants on a hint-on-demand fact verification task, we observed preliminary evidence that Scaffold Explanation were associated with the highest accuracy gains, and encouraging deeper reflection. Surprisingly, the adversarial conditions also improved accuracy modestly. Participants preferred Alternative Framing most and Interpretive Alternative least, largely due to the latter's perceived time cost. We discuss the implications of designing conversational agents with varied rhetorical styles and the trade-offs among user performance, satisfaction, and contemplation.",https://arxiv.org/abs/2607.17627,https://arxiv.org/pdf/2607.17627,cc-by,green,3,6,sistema=2;relevancia-campo=5,candidato-por-metadados,Descoberta bibliográfica; análise posterior.
20260907T171423Z,1.2.0,"""designing conversational agents""",OpenAlex,https://openalex.org/W4412895053,https://doi.org/10.1007/978-981-96-1154-6_34,Exploring the Influence of Immersion and Social Characteristics on Social Presence When Conversing with a Conversational Agent,2025,Adrien Verhulst; Nanako Kumasaki; Shunichi Kasahara,conference-paper,,https://doi.org/10.1007/978-981-96-1154-6_34,,,closed,3,4,sistema=1;relevancia-campo=1,candidato-por-metadados,Descoberta bibliográfica; análise posterior.
20260907T171423Z,1.2.0,"""designing conversational agents""",OpenAlex,https://openalex.org/W4388562681,https://doi.org/10.1016/j.ijhcs.2023.103181,Exploring how politeness impacts the user experience of chatbots for mental health support,2023,Robert Bowman; Orla Cooney; Joseph W. Newbold; Anja Thieme; Leigh Clark; Gavin Doherty; Benjamin R. Cowan,article,,https://hdl.handle.net/2262/109149,https://www.tara.tcd.ie/bitstreams/ee576e93-05c6-4312-8af6-b1322cfee69e/download,,green,3,4,sistema=4;relevancia-campo=1,candidato-por-metadados,Descoberta bibliográfica; análise posterior.
20260907T171423Z,1.2.0,"""designing conversational agents""",OpenAlex,https://openalex.org/W2955056550,https://doi.org/10.17705/1thci.00113,Designing Virtual In-vehicle Assistants: Design Guidelines for Creating a Convincing User Experience,2019,Technische Universität Braunschweig; Timo Strohmann; Dominik Siemon; Technische Universität Braunschweig; Susanne Robra-Bissantz; Technische Universität Braunschweig,article,"More and more people use virtual assistants in their everyday life (e.g., on their mobile phones, in their homes, or in their cars). So-called vehicle assistance systems have evolved over the years and now perform various proactive tasks. However, we still lack concrete guidelines with all the specifics that one needs to consider to build virtual assistants that provide a convincing user experience (especially in vehicles). This research provides guidelines for designing virtual in- vehicle assistants. The developed guidelines offer a clear and structured overview of what designers have to consider while designing virtual in-vehicle assistants for a convincing user experience. Following design science research principles, we designed the guidelines based on the existing literature on the requirements of assistant systems and on the results from interviewing experts. In order to demonstrate the applicability of the guidelines, we developed a virtual reality prototype that considered the design guidelines. In a user experience test with 19 participants, we found that the prototype was easy to use, allowed good interaction, and increased the users’ overall comfort.",https://doi.org/10.17705/1thci.00113,https://aisel.aisnet.org/cgi/viewcontent.cgi?article=1118&context=thci,,diamond,0,3,sistema=0;relevancia-campo=4,candidato-por-metadados,Descoberta bibliográfica; análise posterior.
20260907T171423Z,1.2.0,"""designing conversational agents""",OpenAlex,https://openalex.org/W4391421475,https://doi.org/10.1145/3613904.3642377,Learning Agent-based Modeling with LLM Companions: Experiences of Novices and Experts Using ChatGPT & NetLogo Chat,2024,John Chen; Xi Lu; Yuzhou Du; Michael Rejtig; Ruth Bagley; Mike Horn; Uri Wilensky,conference-paper,"Large Language Models (LLMs) have the potential to fundamentally change the way people engage in computer programming. Agent-based modeling (ABM) has become ubiquitous in natural and social sciences and education, yet no prior studies have explored the potential of LLMs to assist it. We designed NetLogo Chat to support the learning and practice of NetLogo, a programming language for ABM. To understand how users perceive, use, and need LLM-based interfaces, we interviewed 30 participants from global academia, industry, and graduate schools. Experts reported more perceived benefits than novices and were more inclined to adopt LLMs in their workflow. We found significant differences between experts and novices in their perceptions, behaviors, and needs for human-AI collaboration. We surfaced a knowledge gap between experts and novices as a possible reason for the benefit gap. We identified guidance, personalization, and integration as major needs for LLM-based interfaces to support the programming of ABM.",https://doi.org/10.1145/3613904.3642377,,cc-by-nc-sa,gold,0,3,sistema=0;relevancia-campo=3,candidato-por-metadados,Descoberta bibliográfica; análise posterior.
20260907T171423Z,1.2.0,"""designing conversational agents""",OpenAlex,https://openalex.org/W4366547475,https://doi.org/10.1145/3544548.3580839,Older Adults Using Technology for Meaningful Activities During COVID-19: An Analysis Through the Lens of Self-Determination Theory,2023,Wei Zhao; Ryan Kelly; Melissa J. Rogerson; Jenny Waycott,conference-paper,"Restrictions during the COVID-19 pandemic significantly affected people's opportunities to engage in activities that are meaningful to their lives. In response to these constraints, many people, including older adults, turned to digital technologies as alternative ways to pursue meaningful activities. These technology-mediated activities, however, presented new challenges for older adults’ everyday use of technology. In this paper, we investigate how older adults used digital technologies for meaningful activities during COVID-19 restrictions. We conducted in-depth interviews with 40 older adults and analyzed the interview data through the lens of self-determination theory (SDT). Our analysis shows that using digital technologies for meaningful activities can both support and undermine older people's three basic psychological needs for autonomy, competence, and relatedness. We argue that future technologies should be designed to empower older adults’ content creation, engagement in personal interests, exploration of technology, effortful communication, and participation in beneficent activities.",https://doi.org/10.1145/3544548.3580839,https://dl.acm.org/doi/pdf/10.1145/3544548.3580839,,gold,0,1,sistema=0;relevancia-campo=1,candidato-por-metadados,Descoberta bibliográfica; análise posterior.
20260907T171423Z,1.2.0,"""designing conversational agents""",OpenAlex,https://openalex.org/W4362707416,https://doi.org/10.1145/3585088.3589353,"What Do Children and Parents Want and Perceive in Conversational Agents? Towards Transparent, Trustworthy, Democratized Agents",2023,Jessica Van Brummelen; Maura Kelleher; Mingyan Claire Tian; Nghi Hoang Nguyen,conference-paper,"Historically, researchers have focused on analyzing Western, Educated, Industrialized Rich and Democratic (WEIRD), adult perspectives on technology. This means we may not have technology developed appropriately for children and those from non-WEIRD countries. In this paper, we analyze children and parents from various countries’ perspectives on an emerging technology: conversational agents. We aim to better understand participants’ trust of agents, partner models, and their ideas of “ideal future agents” such that researchers can better design for these users—for instance, by ensuring children do not overtrust agents. Additionally, we empower children and parents to program their own agents through educational workshops, and present changes in perceptions as participants create and learn about agents. Results from the study (n=49) included how children felt agents were significantly more human-like, warm, and dependable than parents did, how overall participants trusted agents more than parents or friends for correct information, how children described their ideal agents as being more artificial than human-like than parents did, and how children tended to focus more on fun features, approachable/friendly features and addressing concerns through agent design than parents did, among other results. We also discuss potential agent design implications of the results, including how designers may be able to best foster appropriate levels of trust towards agents by focusing on designing agents’ competence and predictability indicators, as well as increasing transparency in terms of agents’ information sources.",https://doi.org/10.1145/3585088.3589353,https://dl.acm.org/doi/pdf/10.1145/3585088.3589353,cc-by,gold,3,5,sistema=2;relevancia-campo=2,candidato-por-metadados,Descoberta bibliográfica; análise posterior.
